label,target,kind,split,candidate_count,target_retrieved,top_candidate,name_wratio,name_token,name_partial,phonetic,alias_strength,dob_exact,dob_year,pob,nationality,address,country,type_match,used_alias
1,15525,exact,train,15,1.0,15525,1.0,1.0,1.0,1.0,1.0,0.0,0.0,0.0,0.0,1.0,0.0,1.0,0.0
1,15525,token_order,train,15,1.0,15525,0.95,1.0,0.7894736842105263,1.0,1.0,0.0,0.0,0.0,0.0,0.0,1.0,1.0,0.0
1,15525,ocr,train,15,1.0,15525,0.9767441860465115,0.9767441860465117,0.9523809523809522,1.0,1.0,0.0,0.0,0.0,0.0,1.0,0.0,1.0,0.0
1,15525,transliteration,train,15,1.0,15525,1.0,1.0,1.0,1.0,1.0,0.0,0.0,0.0,0.0,1.0,0.0,1.0,0.0
1,15525,sparse_attributes,train,15,1.0,15525,1.0,1.0,1.0,1.0,1.0,0.0,0.0,0.0,0.0,0.0,0.0,1.0,0.0
1,3961,exact,train,15,1.0,3961,1.0,1.0,1.0,1.0,1.0,0.0,0.0,0.0,0.0,1.0,1.0,1.0,0.0
1,3961,token_order,train,15,1.0,3961,0.95,1.0,0.6538461538461539,1.0,1.0,0.0,0.0,0.0,0.0,1.0,0.0,1.0,0.0
1,3961,ocr,train,15,1.0,3961,0.9836065573770492,0.9836065573770492,0.9666666666666667,1.0,1.0,0.0,0.0,0.0,0.0,0.0,1.0,1.0,0.0
1,3961,transliteration,train,15,1.0,3961,1.0,1.0,1.0,1.0,1.0,0.0,0.0,0.0,0.0,1.0,1.0,1.0,0.0
1,3961,sparse_attributes,train,15,1.0,3961,1.0,1.0,1.0,1.0,1.0,0.0,0.0,0.0,0.0,1.0,1.0,1.0,0.0
1,3961,official_alias,train,15,1.0,3961,1.0,1.0,1.0,1.0,1.0,0.0,0.0,0.0,0.0,1.0,1.0,1.0,1.0
1,8548,exact,train,15,1.0,8548,1.0,1.0,1.0,1.0,1.0,1.0,1.0,0.0,1.0,1.0,0.0,1.0,0.0
1,8548,token_order,train,15,1.0,8548,0.95,1.0,0.679245283018868,1.0,1.0,1.0,1.0,0.0,1.0,0.0,0.0,1.0,0.0
1,8548,ocr,train,15,1.0,8548,0.9642857142857143,0.9642857142857143,0.9642857142857143,1.0,1.0,0.0,0.0,0.0,1.0,0.0,0.0,1.0,0.0
1,8548,transliteration,train,15,1.0,8548,0.962962962962963,0.9629629629629629,0.923076923076923,1.0,1.0,0.0,0.0,0.0,1.0,0.0,1.0,1.0,0.0
1,8548,sparse_attributes,train,15,1.0,8548,1.0,1.0,1.0,1.0,1.0,0.0,0.0,0.0,0.0,0.0,0.0,1.0,0.0
1,5426,exact,train,15,1.0,5426,1.0,1.0,1.0,1.0,1.0,0.0,0.0,0.0,0.0,1.0,1.0,1.0,0.0
1,5426,token_order,train,15,1.0,5426,0.95,1.0,0.6666666666666667,1.0,1.0,0.0,0.0,0.0,0.0,1.0,1.0,1.0,0.0
1,5426,ocr,train,15,0.0,5438,0.855,0.5454545454545454,0.5,0.5,1.0,0.0,0.0,0.0,0.0,0.4946236559139785,1.0,1.0,0.0
1,5426,transliteration,train,15,1.0,5426,0.9333333333333332,0.5333333333333333,0.8571428571428572,0.0,1.0,0.0,0.0,0.0,0.0,1.0,1.0,1.0,0.0
1,5426,sparse_attributes,train,15,1.0,5426,1.0,1.0,1.0,1.0,1.0,0.0,0.0,0.0,0.0,0.0,0.0,1.0,0.0
1,5426,official_alias,train,15,1.0,5426,1.0,1.0,1.0,1.0,1.0,0.0,0.0,0.0,0.0,1.0,1.0,1.0,1.0
1,3408,exact,train,15,1.0,3408,1.0,1.0,1.0,1.0,1.0,1.0,1.0,0.0,0.0,1.0,1.0,1.0,0.0
1,3408,token_order,train,15,1.0,3408,0.95,1.0,0.5714285714285714,1.0,1.0,1.0,1.0,0.0,0.0,0.0,0.0,1.0,0.0
1,3408,ocr,train,15,1.0,3408,0.987012987012987,0.9859154929577465,0.9736842105263157,0.8333333333333334,1.0,1.0,1.0,1.0,0.0,1.0,0.0,1.0,0.0
1,3408,transliteration,train,15,1.0,3408,1.0,1.0,1.0,1.0,1.0,1.0,1.0,1.0,0.0,1.0,1.0,1.0,0.0
1,3408,sparse_attributes,train,15,1.0,3408,1.0,1.0,1.0,1.0,1.0,0.0,0.0,1.0,0.0,0.0,0.0,1.0,0.0
1,3408,official_alias,train,15,1.0,3408,1.0,1.0,1.0,1.0,1.0,1.0,1.0,1.0,0.0,1.0,1.0,1.0,1.0
1,2682,exact,train,15,1.0,2682,1.0,1.0,1.0,1.0,1.0,0.0,0.0,0.0,0.0,1.0,1.0,1.0,0.0
1,2682,token_order,train,15,1.0,2682,0.95,1.0,0.8205128205128205,1.0,1.0,0.0,0.0,0.0,0.0,0.0,0.0,1.0,0.0
1,2682,ocr,train,15,1.0,2682,0.95,0.95,0.95,1.0,1.0,0.0,0.0,0.0,0.0,1.0,1.0,1.0,0.0
1,2682,transliteration,train,15,1.0,2682,1.0,1.0,1.0,1.0,1.0,0.0,0.0,0.0,0.0,1.0,1.0,1.0,0.0
1,2682,sparse_attributes,train,15,1.0,2682,1.0,1.0,1.0,1.0,1.0,0.0,0.0,0.0,0.0,0.0,0.0,1.0,0.0
1,2682,official_alias,train,15,1.0,2682,1.0,1.0,1.0,1.0,1.0,0.0,0.0,0.0,0.0,1.0,1.0,1.0,1.0
1,16759,exact,train,15,1.0,16759,1.0,1.0,1.0,1.0,1.0,0.0,0.0,0.0,0.0,1.0,1.0,1.0,0.0
1,16759,token_order,train,15,1.0,16759,0.95,1.0,0.6,1.0,1.0,0.0,0.0,0.0,0.0,1.0,1.0,1.0,0.0
1,16759,ocr,train,15,1.0,16759,0.9696969696969697,0.9696969696969697,0.9375,0.6666666666666666,1.0,0.0,0.0,0.0,0.0,1.0,0.0,1.0,0.0
1,16759,transliteration,train,15,1.0,16759,1.0,1.0,1.0,1.0,1.0,0.0,0.0,0.0,0.0,1.0,1.0,1.0,0.0
1,16759,sparse_attributes,train,15,1.0,16759,1.0,1.0,1.0,1.0,1.0,0.0,0.0,0.0,0.0,0.0,0.0,1.0,0.0
1,7628,exact,train,15,1.0,7628,1.0,1.0,1.0,1.0,1.0,1.0,1.0,1.0,0.0,0.0,0.0,1.0,0.0
1,7628,token_order,train,15,1.0,7628,0.95,1.0,0.6666666666666667,1.0,1.0,1.0,1.0,1.0,1.0,0.0,1.0,1.0,0.0
1,7628,ocr,train,15,1.0,7628,0.9523809523809522,0.9523809523809524,0.9523809523809522,0.6666666666666666,1.0,1.0,1.0,1.0,1.0,1.0,0.0,1.0,0.0
1,7628,transliteration,train,15,1.0,7628,1.0,1.0,1.0,1.0,1.0,1.0,1.0,1.0,1.0,1.0,1.0,1.0,0.0
1,7628,sparse_attributes,train,15,1.0,7628,1.0,1.0,1.0,1.0,1.0,0.0,0.0,0.0,0.0,0.0,1.0,1.0,0.0
1,7628,official_alias,train,15,1.0,7628,1.0,1.0,1.0,1.0,1.0,1.0,1.0,1.0,1.0,1.0,1.0,1.0,1.0
1,81,exact,train,15,1.0,81,1.0,1.0,1.0,1.0,1.0,0.0,0.0,0.0,0.0,1.0,1.0,1.0,0.0
1,81,token_order,train,15,1.0,81,0.95,1.0,0.6896551724137931,1.0,1.0,0.0,0.0,0.0,0.0,1.0,1.0,1.0,0.0
1,81,ocr,train,15,1.0,81,0.9696969696969697,0.9696969696969697,0.9375,1.0,1.0,0.0,0.0,0.0,0.0,0.0,1.0,1.0,0.0
1,81,transliteration,train,15,1.0,81,1.0,1.0,1.0,1.0,1.0,0.0,0.0,0.0,0.0,1.0,0.0,1.0,0.0
1,81,sparse_attributes,train,15,1.0,81,1.0,1.0,1.0,1.0,1.0,0.0,0.0,0.0,0.0,0.0,0.0,1.0,0.0
1,81,official_alias,train,15,1.0,81,1.0,1.0,1.0,1.0,1.0,0.0,0.0,0.0,0.0,1.0,1.0,1.0,1.0
1,10515,exact,train,15,1.0,10515,1.0,1.0,1.0,1.0,1.0,0.0,0.0,1.0,1.0,1.0,0.0,1.0,0.0
1,10515,token_order,train,15,1.0,10515,0.95,1.0,0.5714285714285714,1.0,1.0,1.0,1.0,1.0,1.0,1.0,1.0,1.0,0.0
1,10515,ocr,train,15,1.0,10515,0.9824561403508771,0.9824561403508772,0.9642857142857143,1.0,1.0,1.0,1.0,1.0,0.0,1.0,0.0,1.0,0.0
1,10515,transliteration,train,15,1.0,10515,0.8727272727272728,0.5818181818181818,0.8518518518518519,1.0,1.0,1.0,1.0,1.0,1.0,1.0,0.0,1.0,0.0
1,10515,sparse_attributes,train,15,1.0,10515,1.0,1.0,1.0,1.0,1.0,1.0,1.0,0.0,0.0,0.0,1.0,1.0,0.0
1,10515,official_alias,train,15,1.0,10515,1.0,1.0,1.0,1.0,1.0,1.0,1.0,1.0,1.0,1.0,0.0,1.0,1.0
1,12076,exact,train,15,1.0,12076,1.0,1.0,1.0,1.0,1.0,0.0,0.0,0.0,0.0,1.0,1.0,1.0,0.0
1,12076,token_order,train,15,1.0,12076,0.95,1.0,0.617283950617284,1.0,1.0,0.0,0.0,0.0,0.0,1.0,1.0,1.0,0.0
1,12076,ocr,train,15,1.0,12076,0.9902912621359223,0.9902912621359223,0.9803921568627451,0.75,1.0,0.0,0.0,0.0,0.0,1.0,1.0,1.0,0.0
1,12076,transliteration,train,15,1.0,12076,0.9607843137254902,0.9607843137254902,0.9591836734693877,0.5,1.0,0.0,0.0,0.0,0.0,1.0,1.0,1.0,0.0
1,12076,sparse_attributes,train,15,1.0,12076,1.0,1.0,1.0,1.0,1.0,0.0,0.0,0.0,0.0,1.0,1.0,1.0,0.0
1,8195,exact,train,15,1.0,8195,1.0,1.0,1.0,1.0,1.0,0.0,0.0,0.0,0.0,1.0,1.0,1.0,0.0
1,8195,token_order,train,15,1.0,8195,0.95,1.0,0.5,1.0,1.0,0.0,0.0,0.0,0.0,1.0,0.0,1.0,0.0
1,8195,ocr,train,15,1.0,8195,0.9873417721518988,0.9873417721518988,0.9743589743589743,1.0,1.0,0.0,0.0,0.0,0.0,1.0,0.0,1.0,0.0
1,8195,transliteration,train,15,1.0,8195,0.9620253164556962,0.9620253164556962,0.9487179487179486,0.75,1.0,0.0,0.0,0.0,0.0,1.0,1.0,1.0,0.0
1,8195,sparse_attributes,train,15,1.0,8195,1.0,1.0,1.0,1.0,1.0,0.0,0.0,0.0,0.0,0.0,1.0,1.0,0.0
1,8195,official_alias,train,15,1.0,8195,1.0,1.0,1.0,1.0,1.0,0.0,0.0,0.0,0.0,0.0,0.0,1.0,1.0
1,4012,exact,train,15,1.0,4012,1.0,1.0,1.0,1.0,1.0,0.0,0.0,0.0,0.0,1.0,1.0,1.0,0.0
1,4012,token_order,train,15,1.0,4012,0.95,1.0,0.4444444444444444,1.0,1.0,0.0,0.0,0.0,0.0,1.0,1.0,1.0,0.0
1,4012,ocr,train,15,1.0,4012,0.9882352941176471,0.9873417721518988,0.9761904761904762,1.0,1.0,0.0,0.0,0.0,0.0,1.0,1.0,1.0,0.0
1,4012,transliteration,train,15,1.0,4012,1.0,1.0,1.0,1.0,1.0,0.0,0.0,0.0,0.0,1.0,0.0,1.0,0.0
1,4012,sparse_attributes,train,15,1.0,4012,1.0,1.0,1.0,1.0,1.0,0.0,0.0,0.0,0.0,1.0,0.0,1.0,0.0
1,4012,official_alias,train,15,1.0,4012,1.0,1.0,1.0,1.0,1.0,0.0,0.0,0.0,0.0,0.0,1.0,1.0,1.0
1,3340,exact,train,15,1.0,3340,1.0,1.0,1.0,1.0,1.0,0.0,0.0,0.0,0.0,1.0,1.0,1.0,0.0
1,3340,token_order,train,15,1.0,3340,0.95,1.0,0.7428571428571429,1.0,1.0,0.0,0.0,0.0,0.0,1.0,0.0,1.0,0.0
1,3340,ocr,train,15,1.0,3340,0.9473684210526316,0.9473684210526315,0.9473684210526316,1.0,1.0,0.0,0.0,0.0,0.0,0.0,1.0,1.0,0.0
1,3340,transliteration,train,15,1.0,3340,1.0,1.0,1.0,1.0,1.0,0.0,0.0,0.0,0.0,1.0,1.0,1.0,0.0
1,3340,sparse_attributes,train,15,1.0,3340,1.0,1.0,1.0,1.0,1.0,0.0,0.0,0.0,0.0,0.0,0.0,1.0,0.0
1,3340,official_alias,train,15,1.0,3340,1.0,1.0,1.0,1.0,1.0,0.0,0.0,0.0,0.0,1.0,1.0,1.0,1.0
1,17622,exact,train,15,1.0,17622,1.0,1.0,1.0,1.0,1.0,0.0,0.0,0.0,0.0,1.0,1.0,1.0,0.0
1,17622,token_order,train,15,1.0,17622,0.95,1.0,0.5,1.0,1.0,0.0,0.0,0.0,0.0,0.0,1.0,1.0,0.0
1,17622,ocr,train,15,1.0,17622,0.993288590604027,0.9932885906040267,0.9864864864864864,0.8888888888888888,1.0,0.0,0.0,0.0,0.0,1.0,1.0,1.0,0.0
1,17622,transliteration,train,15,1.0,17622,0.9295774647887324,0.619718309859155,0.8955223880597015,1.0,1.0,0.0,0.0,0.0,0.0,1.0,1.0,1.0,0.0
1,17622,sparse_attributes,train,15,1.0,17622,1.0,1.0,1.0,1.0,1.0,0.0,0.0,0.0,0.0,0.0,0.0,1.0,0.0
1,17622,official_alias,train,15,1.0,17622,1.0,1.0,1.0,1.0,1.0,0.0,0.0,0.0,0.0,1.0,0.0,1.0,1.0
1,5064,exact,train,15,1.0,5064,1.0,1.0,1.0,1.0,1.0,1.0,1.0,1.0,1.0,1.0,1.0,1.0,0.0
1,5064,token_order,train,15,1.0,5064,0.95,1.0,0.6521739130434783,1.0,1.0,0.0,0.0,0.0,1.0,1.0,1.0,1.0,0.0
1,5064,ocr,train,15,1.0,5064,0.9811320754716981,0.9811320754716981,0.9615384615384616,1.0,1.0,1.0,1.0,1.0,1.0,0.0,1.0,1.0,0.0
1,5064,transliteration,train,15,1.0,5064,1.0,1.0,1.0,1.0,1.0,1.0,1.0,0.0,0.0,0.0,0.0,1.0,0.0
1,5064,sparse_attributes,train,15,1.0,5064,1.0,1.0,1.0,1.0,1.0,1.0,1.0,1.0,0.0,1.0,0.0,1.0,0.0
1,5064,official_alias,train,15,1.0,5064,1.0,1.0,1.0,1.0,1.0,1.0,1.0,1.0,1.0,1.0,0.0,1.0,1.0
1,14144,exact,train,15,1.0,14144,1.0,1.0,1.0,1.0,1.0,0.0,0.0,0.0,0.0,1.0,0.0,1.0,0.0
1,14144,token_order,train,15,1.0,14144,0.95,1.0,0.5952380952380952,1.0,1.0,0.0,0.0,0.0,0.0,1.0,1.0,1.0,0.0
1,14144,ocr,train,15,1.0,14144,0.9811320754716981,0.9811320754716981,0.9904761904761905,1.0,1.0,0.0,0.0,0.0,0.0,0.0,1.0,1.0,0.0
1,14144,transliteration,train,15,1.0,14144,0.9607843137254902,0.6078431372549019,0.9183673469387756,1.0,1.0,0.0,0.0,0.0,0.0,1.0,1.0,1.0,0.0
1,14144,sparse_attributes,train,15,1.0,14144,1.0,1.0,1.0,1.0,1.0,0.0,0.0,0.0,0.0,0.0,0.0,1.0,0.0
1,12711,exact,train,15,1.0,12711,1.0,1.0,1.0,1.0,1.0,0.0,0.0,0.0,0.0,0.0,1.0,1.0,0.0
1,12711,token_order,train,15,1.0,12711,0.95,1.0,0.6666666666666667,1.0,1.0,0.0,0.0,0.0,0.0,1.0,0.0,1.0,0.0
1,12711,ocr,train,15,1.0,12711,0.9565217391304348,0.9565217391304348,0.9565217391304348,0.6666666666666666,1.0,0.0,0.0,0.0,0.0,1.0,1.0,1.0,0.0
1,12711,transliteration,train,15,1.0,12711,1.0,1.0,1.0,1.0,1.0,0.0,0.0,0.0,0.0,1.0,0.0,1.0,0.0
1,12711,sparse_attributes,train,15,1.0,12711,1.0,1.0,1.0,1.0,1.0,0.0,0.0,0.0,0.0,0.0,0.0,1.0,0.0
1,13228,exact,train,15,1.0,13228,1.0,1.0,1.0,1.0,1.0,0.0,0.0,0.0,0.0,1.0,1.0,1.0,0.0
1,13228,token_order,train,15,1.0,13228,1.0,1.0,1.0,1.0,1.0,0.0,0.0,0.0,0.0,1.0,1.0,1.0,0.0
1,13228,ocr,train,15,0.0,6046,0.4444444444444444,0.4444444444444444,0.6153846153846154,0.0,1.0,0.0,0.0,0.0,0.0,1.0,0.0,0.0,1.0
1,13228,transliteration,train,15,1.0,13228,1.0,1.0,1.0,1.0,1.0,0.0,0.0,0.0,0.0,1.0,0.0,1.0,0.0
1,13228,sparse_attributes,train,15,1.0,13228,1.0,1.0,1.0,1.0,1.0,0.0,0.0,0.0,0.0,1.0,0.0,1.0,0.0
1,13228,official_alias,train,15,1.0,13228,1.0,1.0,1.0,1.0,1.0,0.0,0.0,0.0,0.0,0.0,1.0,1.0,1.0
1,12308,exact,train,15,1.0,12308,1.0,1.0,1.0,1.0,1.0,0.0,0.0,0.0,0.0,1.0,1.0,1.0,0.0
1,12308,token_order,train,15,1.0,12308,0.95,1.0,0.5396825396825398,1.0,1.0,0.0,0.0,0.0,0.0,1.0,1.0,1.0,0.0
1,12308,ocr,train,15,1.0,12308,0.9850746268656717,0.9850746268656717,0.9696969696969697,1.0,1.0,0.0,0.0,0.0,0.0,1.0,0.0,1.0,0.0
1,12308,transliteration,train,15,1.0,12308,1.0,1.0,1.0,1.0,1.0,0.0,0.0,0.0,0.0,1.0,1.0,1.0,0.0
1,12308,sparse_attributes,train,15,1.0,12308,1.0,1.0,1.0,1.0,1.0,0.0,0.0,0.0,0.0,0.0,0.0,1.0,0.0
1,752,exact,train,15,1.0,752,1.0,1.0,1.0,1.0,1.0,0.0,0.0,0.0,0.0,0.0,1.0,1.0,0.0
1,752,token_order,train,15,1.0,752,0.95,1.0,0.5517241379310345,1.0,1.0,0.0,0.0,0.0,0.0,1.0,1.0,1.0,0.0
1,752,ocr,train,15,1.0,752,0.9411764705882352,0.9411764705882354,0.9411764705882352,1.0,1.0,0.0,0.0,0.0,0.0,1.0,1.0,1.0,0.0
1,752,transliteration,train,15,1.0,752,1.0,1.0,1.0,1.0,1.0,0.0,0.0,0.0,0.0,1.0,1.0,1.0,0.0
1,752,sparse_attributes,train,15,1.0,752,1.0,1.0,1.0,1.0,1.0,0.0,0.0,0.0,0.0,1.0,0.0,1.0,0.0
1,6262,exact,train,15,1.0,6262,1.0,1.0,1.0,1.0,1.0,0.0,0.0,0.0,0.0,1.0,0.0,1.0,0.0
1,6262,token_order,train,15,1.0,6262,0.95,1.0,0.6666666666666667,1.0,1.0,1.0,1.0,0.0,0.0,1.0,1.0,1.0,0.0
1,6262,ocr,train,15,1.0,6262,0.9473684210526316,0.9473684210526315,0.8888888888888888,1.0,1.0,1.0,1.0,0.0,0.0,1.0,1.0,1.0,0.0
1,6262,transliteration,train,15,1.0,6262,1.0,1.0,1.0,1.0,1.0,0.0,0.0,0.0,0.0,1.0,1.0,1.0,0.0
1,6262,sparse_attributes,train,15,1.0,6262,1.0,1.0,1.0,1.0,1.0,0.0,0.0,0.0,0.0,0.0,1.0,1.0,0.0
1,603,exact,train,15,1.0,603,1.0,1.0,1.0,1.0,1.0,1.0,1.0,0.0,1.0,1.0,1.0,1.0,0.0
1,603,token_order,train,15,1.0,603,0.95,1.0,0.6956521739130435,1.0,1.0,1.0,1.0,1.0,0.0,1.0,1.0,1.0,0.0
1,603,ocr,train,15,1.0,603,0.967741935483871,0.967741935483871,0.9655172413793103,1.0,1.0,1.0,1.0,0.0,1.0,1.0,1.0,1.0,0.0
1,603,transliteration,train,15,1.0,603,0.9655172413793103,0.5517241379310345,0.9285714285714286,1.0,1.0,1.0,1.0,1.0,1.0,1.0,1.0,1.0,0.0
1,603,sparse_attributes,train,15,1.0,603,1.0,1.0,1.0,1.0,1.0,0.0,0.0,1.0,0.0,0.0,0.0,1.0,0.0
1,603,official_alias,train,15,1.0,603,1.0,1.0,1.0,1.0,1.0,0.0,0.0,1.0,1.0,1.0,1.0,1.0,1.0
1,4079,exact,train,15,1.0,4079,1.0,1.0,1.0,1.0,1.0,0.0,0.0,1.0,1.0,1.0,1.0,1.0,0.0
1,4079,token_order,train,15,1.0,4079,0.95,1.0,0.6857142857142857,1.0,1.0,1.0,1.0,1.0,0.0,1.0,0.0,1.0,0.0
1,4079,ocr,train,15,1.0,4079,0.9473684210526316,0.9473684210526315,0.9473684210526316,1.0,1.0,1.0,1.0,1.0,1.0,1.0,1.0,1.0,0.0
1,4079,transliteration,train,15,1.0,4079,0.9444444444444444,0.6666666666666665,0.8823529411764706,0.0,1.0,0.0,0.0,1.0,1.0,0.0,0.0,1.0,0.0
1,4079,sparse_attributes,train,15,1.0,4079,1.0,1.0,1.0,1.0,1.0,0.0,0.0,0.0,1.0,0.0,0.0,1.0,0.0
1,4079,official_alias,train,15,1.0,4079,1.0,1.0,1.0,1.0,1.0,1.0,1.0,1.0,1.0,0.0,1.0,1.0,1.0
1,10892,exact,train,15,1.0,10892,1.0,1.0,1.0,1.0,1.0,0.0,0.0,0.0,0.0,1.0,0.0,1.0,0.0
1,10892,token_order,train,15,1.0,10892,0.95,1.0,0.6923076923076923,1.0,1.0,0.0,0.0,0.0,0.0,0.0,0.0,1.0,0.0
1,10892,ocr,train,15,1.0,10892,0.967741935483871,0.967741935483871,1.0,1.0,1.0,0.0,0.0,0.0,0.0,1.0,0.0,1.0,0.0
1,10892,transliteration,train,15,1.0,10892,0.9285714285714286,0.5714285714285715,0.8461538461538461,0.0,1.0,0.0,0.0,0.0,0.0,1.0,0.0,1.0,0.0
1,10892,sparse_attributes,train,15,1.0,10892,1.0,1.0,1.0,1.0,1.0,0.0,0.0,0.0,0.0,0.0,0.0,1.0,0.0
1,10892,official_alias,train,15,1.0,10892,1.0,1.0,1.0,1.0,1.0,0.0,0.0,0.0,0.0,0.0,1.0,1.0,1.0
1,11901,exact,train,15,1.0,11901,1.0,1.0,1.0,1.0,1.0,0.0,0.0,0.0,0.0,1.0,0.0,1.0,0.0
1,11901,token_order,train,15,1.0,11901,0.95,1.0,0.5263157894736843,1.0,1.0,0.0,0.0,0.0,0.0,1.0,0.0,1.0,0.0
1,11901,ocr,train,15,1.0,11901,0.9863013698630136,0.9863013698630136,1.0,1.0,1.0,0.0,0.0,0.0,0.0,1.0,1.0,1.0,0.0
1,11901,transliteration,train,15,1.0,11901,1.0,1.0,1.0,1.0,1.0,0.0,0.0,0.0,0.0,0.0,1.0,1.0,0.0
1,11901,sparse_attributes,train,15,1.0,11901,1.0,1.0,1.0,1.0,1.0,0.0,0.0,0.0,0.0,0.0,0.0,1.0,0.0
1,4909,exact,train,15,1.0,4909,1.0,1.0,1.0,1.0,1.0,0.0,0.0,0.0,0.0,1.0,1.0,1.0,0.0
1,4909,token_order,train,15,1.0,4909,0.95,1.0,0.736842105263158,1.0,1.0,0.0,0.0,0.0,0.0,1.0,1.0,1.0,0.0
1,4909,ocr,train,15,1.0,4909,0.9166666666666665,0.9166666666666667,0.9565217391304348,1.0,1.0,0.0,0.0,0.0,0.0,1.0,1.0,1.0,0.0
1,4909,transliteration,train,15,1.0,4909,1.0,1.0,1.0,1.0,1.0,0.0,0.0,0.0,0.0,1.0,1.0,1.0,0.0
1,4909,sparse_attributes,train,15,1.0,4909,1.0,1.0,1.0,1.0,1.0,0.0,0.0,0.0,0.0,0.0,0.0,1.0,0.0
1,4909,official_alias,train,15,1.0,4909,1.0,1.0,1.0,1.0,1.0,0.0,0.0,0.0,0.0,1.0,0.0,1.0,1.0
1,12935,exact,train,15,1.0,12935,1.0,1.0,1.0,1.0,1.0,0.0,0.0,0.0,0.0,1.0,1.0,1.0,0.0
1,12935,token_order,train,15,1.0,12935,0.95,1.0,0.5333333333333333,1.0,1.0,0.0,0.0,0.0,0.0,1.0,1.0,1.0,0.0
1,12935,ocr,train,15,1.0,12935,0.9857142857142859,0.9857142857142857,0.9857142857142859,0.875,1.0,0.0,0.0,0.0,0.0,1.0,1.0,1.0,0.0
1,12935,transliteration,train,15,1.0,12935,0.9393939393939393,0.5303030303030303,0.8870967741935484,0.0,1.0,0.0,0.0,0.0,0.0,1.0,1.0,1.0,0.0
1,12935,sparse_attributes,train,15,1.0,12935,1.0,1.0,1.0,1.0,1.0,0.0,0.0,0.0,0.0,0.0,0.0,1.0,0.0
1,12935,official_alias,train,15,1.0,12935,1.0,1.0,1.0,1.0,1.0,0.0,0.0,0.0,0.0,0.0,0.0,1.0,1.0
1,12701,exact,train,15,1.0,12701,1.0,1.0,1.0,1.0,1.0,0.0,0.0,0.0,0.0,0.0,1.0,1.0,0.0
1,12701,token_order,train,15,1.0,12701,0.95,1.0,0.56,1.0,1.0,0.0,0.0,0.0,0.0,1.0,1.0,1.0,0.0
1,12701,ocr,train,15,1.0,12701,0.9666666666666667,0.9666666666666667,0.9666666666666667,1.0,1.0,0.0,0.0,0.0,0.0,0.0,0.0,1.0,0.0
1,12701,transliteration,train,15,1.0,12701,1.0,1.0,1.0,1.0,1.0,0.0,0.0,0.0,0.0,1.0,1.0,1.0,0.0
1,12701,sparse_attributes,train,15,1.0,12701,1.0,1.0,1.0,1.0,1.0,0.0,0.0,0.0,0.0,0.0,1.0,1.0,0.0
1,11904,exact,train,15,1.0,11904,1.0,1.0,1.0,1.0,1.0,0.0,0.0,0.0,0.0,1.0,1.0,1.0,0.0
1,11904,token_order,train,15,1.0,11904,0.95,1.0,0.5098039215686274,1.0,1.0,0.0,0.0,0.0,0.0,0.0,1.0,1.0,0.0
1,11904,ocr,train,15,1.0,11904,0.9846153846153847,0.9846153846153847,0.96875,1.0,1.0,0.0,0.0,0.0,0.0,1.0,1.0,1.0,0.0
1,11904,transliteration,train,15,1.0,11904,1.0,1.0,1.0,1.0,1.0,0.0,0.0,0.0,0.0,1.0,1.0,1.0,0.0
1,11904,sparse_attributes,train,15,1.0,11904,1.0,1.0,1.0,1.0,1.0,0.0,0.0,0.0,0.0,0.0,0.0,1.0,0.0
1,11904,official_alias,train,15,1.0,11904,1.0,1.0,1.0,1.0,1.0,0.0,0.0,0.0,0.0,1.0,1.0,1.0,1.0
1,16982,exact,train,15,1.0,16982,1.0,1.0,1.0,1.0,1.0,1.0,1.0,1.0,0.0,1.0,0.0,1.0,0.0
1,16982,token_order,train,15,1.0,16982,0.95,1.0,0.7586206896551724,1.0,1.0,1.0,1.0,1.0,1.0,1.0,1.0,1.0,0.0
1,16982,ocr,train,15,1.0,16982,0.9705882352941176,0.9705882352941176,0.9705882352941176,1.0,1.0,1.0,1.0,1.0,1.0,0.0,1.0,1.0,0.0
1,16982,transliteration,train,15,1.0,16982,0.9142857142857143,0.9142857142857143,0.8923076923076922,1.0,1.0,0.0,0.0,1.0,0.0,1.0,1.0,1.0,0.0
1,16982,sparse_attributes,train,15,1.0,16982,1.0,1.0,1.0,1.0,1.0,0.0,0.0,0.0,0.0,0.0,1.0,1.0,0.0
1,1965,exact,train,15,1.0,1965,1.0,1.0,1.0,1.0,1.0,1.0,1.0,1.0,0.0,1.0,1.0,1.0,0.0
1,1965,token_order,train,15,1.0,1965,0.95,1.0,0.6363636363636364,1.0,1.0,0.0,0.0,1.0,1.0,1.0,1.0,1.0,0.0
1,1965,ocr,train,15,1.0,1965,0.9795918367346939,0.9795918367346939,0.9583333333333335,0.6666666666666666,1.0,1.0,1.0,1.0,1.0,0.0,0.0,1.0,0.0
1,1965,transliteration,train,15,1.0,1965,0.9583333333333335,0.5416666666666666,0.9130434782608696,0.0,1.0,1.0,1.0,0.0,1.0,1.0,0.0,1.0,0.0
1,1965,sparse_attributes,train,15,1.0,1965,1.0,1.0,1.0,1.0,1.0,0.0,0.0,1.0,0.0,0.0,0.0,1.0,0.0
1,1965,official_alias,train,15,1.0,1965,1.0,1.0,1.0,1.0,1.0,1.0,1.0,1.0,1.0,1.0,1.0,1.0,1.0
1,5280,exact,train,15,1.0,5280,1.0,1.0,1.0,1.0,1.0,0.0,0.0,0.0,0.0,1.0,1.0,1.0,0.0
1,5280,token_order,train,15,1.0,5280,0.95,1.0,0.8,1.0,1.0,0.0,0.0,0.0,0.0,0.0,1.0,1.0,0.0
1,5280,ocr,train,15,1.0,5280,0.967741935483871,0.967741935483871,0.9333333333333332,1.0,1.0,0.0,0.0,0.0,0.0,1.0,1.0,1.0,0.0
1,5280,transliteration,train,15,1.0,5280,1.0,1.0,1.0,1.0,1.0,0.0,0.0,0.0,0.0,1.0,1.0,1.0,0.0
1,5280,sparse_attributes,train,15,1.0,5280,1.0,1.0,1.0,1.0,1.0,0.0,0.0,0.0,0.0,0.0,1.0,1.0,0.0
1,4054,exact,train,15,1.0,4054,1.0,1.0,1.0,1.0,1.0,0.0,0.0,0.0,0.0,1.0,1.0,1.0,0.0
1,4054,token_order,train,15,1.0,4054,0.95,1.0,0.7058823529411764,1.0,1.0,0.0,0.0,0.0,0.0,1.0,0.0,1.0,0.0
1,4054,ocr,train,15,1.0,4054,0.9523809523809522,0.9523809523809524,0.9,0.5,1.0,0.0,0.0,0.0,0.0,1.0,0.0,1.0,0.0
1,4054,transliteration,train,15,1.0,4054,0.9523809523809522,0.5714285714285715,0.9,0.0,1.0,0.0,0.0,0.0,0.0,1.0,0.0,1.0,0.0
1,4054,sparse_attributes,train,15,1.0,4054,1.0,1.0,1.0,1.0,1.0,0.0,0.0,0.0,0.0,0.0,1.0,1.0,0.0
1,4054,official_alias,train,15,1.0,4054,1.0,1.0,1.0,1.0,1.0,0.0,0.0,0.0,0.0,1.0,1.0,1.0,1.0
1,6728,exact,train,15,1.0,6728,1.0,1.0,1.0,1.0,1.0,0.0,0.0,0.0,0.0,1.0,0.0,1.0,0.0
1,6728,token_order,train,15,1.0,6728,0.95,1.0,0.7878787878787878,1.0,1.0,0.0,0.0,0.0,0.0,1.0,0.0,1.0,0.0
1,6728,ocr,train,15,1.0,6728,0.975609756097561,0.975609756097561,1.0,1.0,1.0,0.0,0.0,0.0,0.0,1.0,1.0,1.0,0.0
1,6728,transliteration,train,15,1.0,6728,1.0,1.0,1.0,1.0,1.0,0.0,0.0,0.0,0.0,1.0,1.0,1.0,0.0
1,6728,sparse_attributes,train,15,1.0,6728,1.0,1.0,1.0,1.0,1.0,0.0,0.0,0.0,0.0,0.0,0.0,1.0,0.0
1,6673,exact,train,15,1.0,6673,1.0,1.0,1.0,1.0,1.0,1.0,1.0,1.0,1.0,0.0,0.0,1.0,0.0
1,6673,token_order,train,15,1.0,6673,0.95,1.0,0.72,1.0,1.0,1.0,1.0,1.0,1.0,1.0,1.0,1.0,0.0
1,6673,ocr,train,15,1.0,6673,0.9333333333333332,0.9333333333333332,0.9655172413793103,1.0,1.0,1.0,1.0,0.0,1.0,0.0,1.0,1.0,0.0
1,6673,transliteration,train,15,1.0,6673,0.9285714285714286,0.9285714285714286,0.88,0.0,1.0,1.0,1.0,1.0,1.0,1.0,1.0,1.0,0.0
1,6673,sparse_attributes,train,15,1.0,6673,1.0,1.0,1.0,1.0,1.0,0.0,0.0,0.0,1.0,0.0,0.0,1.0,0.0
1,6673,official_alias,train,15,1.0,6673,1.0,1.0,1.0,1.0,1.0,0.0,0.0,1.0,1.0,1.0,1.0,1.0,1.0
1,10873,exact,train,15,1.0,10873,1.0,1.0,1.0,1.0,1.0,0.0,0.0,0.0,0.0,1.0,0.0,1.0,0.0
1,10873,token_order,train,15,1.0,10873,0.95,1.0,0.5151515151515151,1.0,1.0,0.0,0.0,0.0,0.0,1.0,1.0,1.0,0.0
1,10873,ocr,train,15,1.0,10873,0.9866666666666667,0.9866666666666667,0.9866666666666667,1.0,1.0,0.0,0.0,0.0,0.0,1.0,0.0,1.0,0.0
1,10873,transliteration,train,15,1.0,10873,0.9014084507042255,0.619718309859155,0.8507462686567164,1.0,1.0,0.0,0.0,0.0,0.0,1.0,1.0,1.0,0.0
1,10873,sparse_attributes,train,15,1.0,10873,1.0,1.0,1.0,1.0,1.0,0.0,0.0,0.0,0.0,1.0,1.0,1.0,0.0
1,10873,official_alias,train,15,1.0,10873,1.0,1.0,1.0,1.0,1.0,0.0,0.0,0.0,0.0,1.0,1.0,1.0,1.0
1,7967,exact,train,15,1.0,7967,1.0,1.0,1.0,1.0,1.0,1.0,1.0,1.0,1.0,1.0,0.0,1.0,0.0
1,7967,token_order,train,15,1.0,7967,0.95,1.0,0.64,1.0,1.0,1.0,1.0,1.0,1.0,1.0,0.0,1.0,0.0
1,7967,ocr,train,15,1.0,7967,0.9642857142857143,0.9642857142857143,0.9642857142857143,1.0,1.0,0.0,0.0,0.0,0.0,1.0,1.0,1.0,0.0
1,7967,transliteration,train,15,1.0,7967,1.0,1.0,1.0,1.0,1.0,1.0,1.0,1.0,0.0,1.0,1.0,1.0,0.0
1,7967,sparse_attributes,train,15,1.0,7967,1.0,1.0,1.0,1.0,1.0,1.0,1.0,0.0,0.0,0.0,0.0,1.0,0.0
1,7967,official_alias,train,15,1.0,7967,1.0,1.0,1.0,1.0,1.0,1.0,1.0,1.0,0.0,0.0,1.0,1.0,1.0
1,4825,exact,train,15,1.0,4825,1.0,1.0,1.0,1.0,1.0,1.0,1.0,0.0,0.0,0.0,1.0,1.0,0.0
1,4825,token_order,train,15,1.0,4825,0.95,1.0,0.7692307692307692,1.0,1.0,0.0,0.0,0.0,0.0,1.0,1.0,1.0,0.0
1,4825,ocr,train,15,1.0,4825,0.9818181818181819,0.9818181818181819,0.962962962962963,1.0,1.0,0.0,0.0,0.0,0.0,1.0,0.0,1.0,0.0
1,4825,transliteration,train,15,1.0,4825,0.9259259259259259,0.9259259259259259,0.9259259259259259,1.0,1.0,1.0,1.0,0.0,0.0,1.0,0.0,1.0,0.0
1,4825,sparse_attributes,train,15,1.0,4825,1.0,1.0,1.0,1.0,1.0,0.0,0.0,0.0,0.0,1.0,1.0,1.0,0.0
1,18737,exact,train,15,1.0,18737,1.0,1.0,1.0,1.0,1.0,1.0,1.0,0.0,1.0,0.0,1.0,1.0,0.0
1,18737,token_order,train,15,1.0,18737,0.95,1.0,0.6333333333333333,1.0,1.0,0.0,0.0,0.0,1.0,1.0,1.0,1.0,0.0
1,18737,ocr,train,15,1.0,18737,0.96875,0.96875,0.96875,0.8,1.0,1.0,1.0,0.0,1.0,1.0,0.0,1.0,0.0
1,18737,transliteration,train,15,1.0,18737,1.0,1.0,1.0,1.0,1.0,1.0,1.0,0.0,1.0,1.0,0.0,1.0,0.0
1,18737,sparse_attributes,train,15,1.0,18737,1.0,1.0,1.0,1.0,1.0,0.0,0.0,0.0,0.0,0.0,0.0,1.0,0.0
1,18737,official_alias,train,15,1.0,18737,1.0,1.0,1.0,1.0,1.0,0.0,0.0,0.0,0.0,1.0,1.0,1.0,1.0
1,17899,exact,train,15,1.0,17899,1.0,1.0,1.0,1.0,1.0,1.0,1.0,1.0,1.0,1.0,1.0,1.0,0.0
1,17899,token_order,train,15,1.0,17899,0.95,1.0,0.6666666666666667,1.0,1.0,1.0,1.0,1.0,0.0,1.0,1.0,1.0,0.0
1,17899,ocr,train,15,1.0,17899,0.9285714285714286,0.9285714285714286,0.9285714285714286,0.5,1.0,1.0,1.0,1.0,1.0,1.0,0.0,1.0,0.0
1,17899,transliteration,train,15,1.0,17899,1.0,1.0,1.0,1.0,1.0,0.0,0.0,1.0,1.0,1.0,0.0,1.0,0.0
1,17899,sparse_attributes,train,15,1.0,17899,1.0,1.0,1.0,1.0,1.0,0.0,0.0,1.0,0.0,0.0,1.0,1.0,0.0
1,4288,exact,train,15,1.0,4288,1.0,1.0,1.0,1.0,1.0,0.0,0.0,0.0,0.0,0.0,0.0,1.0,0.0
1,4288,token_order,train,15,1.0,4288,0.95,1.0,0.46540880503144655,1.0,1.0,0.0,0.0,0.0,0.0,1.0,1.0,1.0,0.0
1,4288,ocr,train,15,1.0,4288,0.9882352941176471,0.9882352941176471,0.9882352941176471,1.0,1.0,0.0,0.0,0.0,0.0,0.0,1.0,1.0,0.0
1,4288,transliteration,train,15,1.0,4288,0.9440993788819876,0.43478260869565216,0.8947368421052632,1.0,1.0,0.0,0.0,0.0,0.0,1.0,1.0,1.0,0.0
1,4288,sparse_attributes,train,15,1.0,4288,1.0,1.0,1.0,1.0,1.0,0.0,0.0,0.0,0.0,0.0,0.0,1.0,0.0
1,4288,official_alias,train,15,1.0,4288,1.0,1.0,1.0,1.0,1.0,0.0,0.0,0.0,0.0,1.0,1.0,1.0,1.0
1,10320,exact,train,15,1.0,10320,1.0,1.0,1.0,1.0,1.0,1.0,1.0,1.0,0.0,1.0,0.0,1.0,0.0
1,10320,token_order,train,15,1.0,10320,0.95,1.0,0.65,1.0,1.0,0.0,0.0,1.0,1.0,1.0,1.0,1.0,0.0
1,10320,ocr,train,15,1.0,10320,0.9811320754716981,0.9811320754716981,0.9615384615384616,1.0,1.0,1.0,1.0,0.0,1.0,1.0,0.0,1.0,0.0
1,10320,transliteration,train,15,1.0,10320,0.9615384615384616,0.6538461538461539,0.92,1.0,1.0,0.0,0.0,0.0,1.0,1.0,1.0,1.0,0.0
1,10320,sparse_attributes,train,15,1.0,10320,1.0,1.0,1.0,1.0,1.0,0.0,0.0,0.0,0.0,1.0,0.0,1.0,0.0
1,15490,exact,train,15,1.0,15490,1.0,1.0,1.0,1.0,1.0,0.0,0.0,1.0,1.0,1.0,1.0,1.0,0.0
1,15490,token_order,train,15,1.0,15490,0.95,1.0,0.6666666666666667,1.0,1.0,0.0,0.0,1.0,1.0,0.0,1.0,1.0,0.0
1,15490,ocr,train,15,1.0,15490,0.9795918367346939,0.9795918367346939,0.9583333333333335,1.0,1.0,1.0,1.0,1.0,1.0,1.0,1.0,1.0,0.0
1,15490,transliteration,train,15,1.0,15490,0.9361702127659575,0.5957446808510638,0.8636363636363636,0.0,1.0,1.0,1.0,1.0,1.0,1.0,1.0,1.0,0.0
1,15490,sparse_attributes,train,15,1.0,15490,1.0,1.0,1.0,1.0,1.0,1.0,1.0,0.0,0.0,1.0,0.0,1.0,0.0
1,15490,official_alias,train,15,1.0,15490,1.0,1.0,1.0,1.0,1.0,0.0,0.0,1.0,1.0,1.0,1.0,1.0,1.0
1,3598,exact,train,15,1.0,3598,1.0,1.0,1.0,1.0,1.0,0.0,0.0,0.0,0.0,1.0,1.0,1.0,0.0
1,3598,token_order,train,15,1.0,3598,0.95,1.0,0.7333333333333334,1.0,1.0,0.0,0.0,0.0,0.0,1.0,1.0,1.0,0.0
1,3598,ocr,train,15,1.0,3598,0.972972972972973,0.9729729729729729,0.9444444444444444,0.5,1.0,0.0,0.0,0.0,0.0,0.0,1.0,1.0,0.0
1,3598,transliteration,train,15,1.0,3598,1.0,1.0,1.0,1.0,1.0,0.0,0.0,0.0,0.0,1.0,0.0,1.0,0.0
1,3598,sparse_attributes,train,15,1.0,3598,1.0,1.0,1.0,1.0,1.0,0.0,0.0,0.0,0.0,0.0,1.0,1.0,0.0
1,18981,exact,train,15,1.0,18981,1.0,1.0,1.0,1.0,1.0,1.0,1.0,1.0,1.0,1.0,0.0,1.0,0.0
1,18981,token_order,train,15,1.0,18981,0.95,1.0,0.75,1.0,1.0,0.0,0.0,1.0,1.0,1.0,1.0,1.0,0.0
1,18981,ocr,train,15,1.0,18981,0.9,0.9,0.9,1.0,1.0,1.0,1.0,1.0,1.0,1.0,1.0,1.0,0.0
1,18981,transliteration,train,15,1.0,18981,1.0,1.0,1.0,1.0,1.0,1.0,1.0,1.0,1.0,1.0,1.0,1.0,0.0
1,18981,sparse_attributes,train,15,1.0,18981,1.0,1.0,1.0,1.0,1.0,1.0,1.0,0.0,0.0,0.0,0.0,1.0,0.0
1,18981,official_alias,train,15,1.0,18981,1.0,1.0,1.0,1.0,1.0,1.0,1.0,0.0,1.0,1.0,1.0,1.0,1.0
1,3756,exact,train,15,1.0,3756,1.0,1.0,1.0,1.0,1.0,1.0,1.0,0.0,0.0,1.0,1.0,1.0,0.0
1,3756,token_order,train,15,1.0,3756,0.95,1.0,0.5789473684210527,1.0,1.0,1.0,1.0,0.0,0.0,1.0,1.0,1.0,0.0
1,3756,ocr,train,15,1.0,3756,0.9767441860465115,0.9767441860465117,0.9523809523809522,1.0,1.0,1.0,1.0,0.0,0.0,0.0,1.0,1.0,0.0
1,3756,transliteration,train,15,1.0,3756,0.95,0.6,0.8947368421052632,0.0,1.0,1.0,1.0,0.0,0.0,0.0,1.0,1.0,0.0
1,3756,sparse_attributes,train,15,1.0,3756,1.0,1.0,1.0,1.0,1.0,1.0,1.0,0.0,0.0,1.0,0.0,1.0,0.0
1,3756,official_alias,train,15,1.0,3756,1.0,1.0,1.0,1.0,1.0,1.0,1.0,0.0,0.0,1.0,1.0,1.0,1.0
1,7239,exact,train,15,1.0,7239,1.0,1.0,1.0,1.0,1.0,0.0,0.0,0.0,0.0,1.0,0.0,1.0,0.0
1,7239,token_order,train,15,1.0,7239,0.95,1.0,0.625,1.0,1.0,0.0,0.0,0.0,0.0,1.0,1.0,1.0,0.0
1,7239,ocr,train,15,1.0,7239,0.9714285714285714,0.9714285714285714,0.9696969696969697,0.6666666666666666,1.0,0.0,0.0,0.0,0.0,1.0,1.0,1.0,0.0
1,7239,transliteration,train,15,1.0,7239,1.0,1.0,1.0,1.0,1.0,0.0,0.0,0.0,0.0,1.0,1.0,1.0,0.0
1,7239,sparse_attributes,train,15,1.0,7239,1.0,1.0,1.0,1.0,1.0,0.0,0.0,0.0,0.0,0.0,1.0,1.0,0.0
1,7239,official_alias,train,15,1.0,7239,1.0,1.0,1.0,1.0,1.0,0.0,0.0,0.0,0.0,0.0,1.0,1.0,1.0
1,15753,exact,train,15,1.0,15753,1.0,1.0,1.0,1.0,1.0,1.0,1.0,0.0,0.0,1.0,0.0,1.0,0.0
1,15753,token_order,train,15,1.0,15753,0.95,1.0,0.72,1.0,1.0,0.0,0.0,0.0,1.0,1.0,1.0,1.0,0.0
1,15753,ocr,train,15,1.0,15753,0.923076923076923,0.923076923076923,0.96,0.6666666666666666,1.0,1.0,1.0,0.0,1.0,1.0,1.0,1.0,0.0
1,15753,transliteration,train,15,1.0,15753,1.0,1.0,1.0,1.0,1.0,0.0,0.0,0.0,0.0,0.0,0.0,1.0,0.0
1,15753,sparse_attributes,train,15,1.0,15753,1.0,1.0,1.0,1.0,1.0,0.0,0.0,0.0,0.0,0.0,0.0,1.0,0.0
1,15753,official_alias,train,15,1.0,15753,1.0,1.0,1.0,1.0,1.0,0.0,0.0,0.0,1.0,1.0,1.0,1.0,1.0
1,11333,exact,train,15,1.0,11333,1.0,1.0,1.0,1.0,1.0,0.0,0.0,0.0,0.0,1.0,1.0,1.0,0.0
1,11333,token_order,train,15,1.0,11333,0.95,1.0,0.7692307692307692,1.0,1.0,0.0,0.0,0.0,0.0,1.0,0.0,1.0,0.0
1,11333,ocr,train,15,1.0,11333,0.875,0.875,0.9333333333333332,0.5,1.0,0.0,0.0,0.0,0.0,1.0,0.0,1.0,0.0
1,11333,transliteration,train,15,1.0,11333,1.0,1.0,1.0,1.0,1.0,0.0,0.0,0.0,0.0,0.0,0.0,1.0,0.0
1,11333,sparse_attributes,train,15,1.0,11333,1.0,1.0,1.0,1.0,1.0,0.0,0.0,0.0,0.0,0.0,1.0,1.0,0.0
1,1019,exact,train,15,1.0,1019,1.0,1.0,1.0,1.0,1.0,1.0,1.0,0.0,0.0,1.0,0.0,1.0,0.0
1,1019,token_order,train,15,1.0,1019,0.95,1.0,0.6666666666666667,1.0,1.0,1.0,1.0,1.0,0.0,1.0,1.0,1.0,0.0
1,1019,ocr,train,15,1.0,1019,0.962962962962963,0.9629629629629629,0.923076923076923,0.5,1.0,1.0,1.0,1.0,0.0,0.0,1.0,1.0,0.0
1,1019,transliteration,train,15,1.0,1019,0.962962962962963,0.5185185185185186,0.923076923076923,1.0,1.0,1.0,1.0,1.0,0.0,1.0,1.0,1.0,0.0
1,1019,sparse_attributes,train,15,1.0,1019,1.0,1.0,1.0,1.0,1.0,1.0,1.0,0.0,0.0,1.0,0.0,1.0,0.0
1,1019,official_alias,train,15,1.0,1019,1.0,1.0,1.0,1.0,1.0,1.0,1.0,0.0,0.0,1.0,1.0,1.0,1.0
1,2010,exact,train,15,1.0,2010,1.0,1.0,1.0,1.0,1.0,0.0,0.0,1.0,0.0,1.0,0.0,1.0,0.0
1,2010,token_order,train,15,1.0,2010,0.95,1.0,0.6666666666666667,1.0,1.0,1.0,1.0,1.0,1.0,1.0,1.0,1.0,0.0
1,2010,ocr,train,15,1.0,2010,0.9565217391304348,0.9565217391304348,0.9090909090909091,0.5,1.0,1.0,1.0,0.0,1.0,1.0,1.0,1.0,0.0
1,2010,transliteration,train,15,1.0,2010,1.0,1.0,1.0,1.0,1.0,0.0,0.0,1.0,1.0,1.0,0.0,1.0,0.0
1,2010,sparse_attributes,train,15,1.0,2010,1.0,1.0,1.0,1.0,1.0,0.0,0.0,0.0,1.0,0.0,1.0,1.0,0.0
1,2010,official_alias,train,15,1.0,2010,1.0,1.0,1.0,1.0,1.0,0.0,0.0,1.0,1.0,1.0,1.0,1.0,1.0
1,12763,exact,train,15,1.0,12763,1.0,1.0,1.0,1.0,1.0,0.0,0.0,0.0,0.0,1.0,1.0,1.0,0.0
1,12763,token_order,train,15,1.0,12763,0.95,1.0,0.5384615384615384,1.0,1.0,0.0,0.0,0.0,0.0,1.0,1.0,1.0,0.0
1,12763,ocr,train,15,1.0,12763,0.9836065573770492,0.9836065573770492,0.9666666666666667,1.0,1.0,0.0,0.0,0.0,0.0,1.0,0.0,1.0,0.0
1,12763,transliteration,train,15,1.0,12763,0.967741935483871,0.967741935483871,0.9836065573770492,0.8333333333333334,1.0,0.0,0.0,0.0,0.0,1.0,0.0,1.0,0.0
1,12763,sparse_attributes,train,15,1.0,12763,1.0,1.0,1.0,1.0,1.0,0.0,0.0,0.0,0.0,0.0,0.0,1.0,0.0
1,12763,official_alias,train,15,1.0,12763,1.0,1.0,1.0,1.0,1.0,0.0,0.0,0.0,0.0,1.0,1.0,1.0,1.0
1,14276,exact,train,15,1.0,14276,1.0,1.0,1.0,1.0,1.0,0.0,0.0,0.0,0.0,1.0,1.0,1.0,0.0
1,14276,token_order,train,15,1.0,14276,0.95,1.0,0.4931506849315068,1.0,1.0,0.0,0.0,0.0,0.0,1.0,1.0,1.0,0.0
1,14276,ocr,train,15,1.0,14276,0.9934640522875817,0.9934640522875817,0.9868421052631579,0.875,1.0,0.0,0.0,0.0,0.0,1.0,1.0,1.0,0.0
1,14276,transliteration,train,15,1.0,14276,0.9324324324324325,0.6216216216216216,0.8873239436619719,1.0,1.0,0.0,0.0,0.0,0.0,0.0,1.0,1.0,0.0
1,14276,sparse_attributes,train,15,1.0,14276,1.0,1.0,1.0,1.0,1.0,0.0,0.0,0.0,0.0,0.0,0.0,1.0,0.0
1,14276,official_alias,train,15,1.0,14276,1.0,1.0,1.0,1.0,1.0,0.0,0.0,0.0,0.0,1.0,1.0,1.0,1.0
1,4281,exact,train,15,1.0,4281,1.0,1.0,1.0,1.0,1.0,0.0,0.0,0.0,0.0,1.0,0.0,1.0,0.0
1,4281,token_order,train,15,1.0,4281,0.95,1.0,0.5365853658536586,1.0,1.0,0.0,0.0,0.0,0.0,1.0,1.0,1.0,0.0
1,4281,ocr,train,15,1.0,4281,0.9583333333333335,0.9583333333333333,0.9583333333333335,0.75,1.0,0.0,0.0,0.0,0.0,1.0,1.0,1.0,0.0
1,4281,transliteration,train,15,1.0,4281,1.0,1.0,1.0,1.0,1.0,0.0,0.0,0.0,0.0,1.0,1.0,1.0,0.0
1,4281,sparse_attributes,train,15,1.0,4281,1.0,1.0,1.0,1.0,1.0,0.0,0.0,0.0,0.0,1.0,0.0,1.0,0.0
1,3191,exact,train,15,1.0,3191,1.0,1.0,1.0,1.0,1.0,1.0,1.0,1.0,1.0,1.0,1.0,1.0,0.0
1,3191,token_order,train,15,1.0,3191,0.95,1.0,0.75,1.0,1.0,1.0,1.0,0.0,1.0,0.0,1.0,1.0,0.0
1,3191,ocr,train,15,1.0,3191,0.9777777777777777,0.9777777777777777,0.9545454545454546,0.75,1.0,1.0,1.0,1.0,1.0,0.0,1.0,1.0,0.0
1,3191,transliteration,train,15,1.0,3191,0.9361702127659575,0.9361702127659575,0.9130434782608696,0.75,1.0,1.0,1.0,1.0,0.0,1.0,1.0,1.0,0.0
1,3191,sparse_attributes,train,15,1.0,3191,1.0,1.0,1.0,1.0,1.0,1.0,1.0,0.0,1.0,0.0,0.0,1.0,0.0
1,3191,official_alias,train,15,1.0,3191,1.0,1.0,1.0,1.0,1.0,1.0,1.0,1.0,1.0,0.0,1.0,1.0,1.0
1,18414,exact,train,15,1.0,18414,1.0,1.0,1.0,1.0,1.0,0.0,0.0,0.0,0.0,0.0,1.0,1.0,0.0
1,18414,token_order,train,15,1.0,18414,1.0,1.0,1.0,1.0,1.0,0.0,0.0,0.0,0.0,0.0,0.0,1.0,0.0
1,18414,ocr,train,15,1.0,18414,0.8,0.8,0.8888888888888888,1.0,1.0,0.0,0.0,0.0,0.0,1.0,1.0,1.0,0.0
1,18414,transliteration,train,15,1.0,18414,1.0,1.0,1.0,1.0,1.0,0.0,0.0,0.0,0.0,0.0,1.0,1.0,0.0
1,18414,sparse_attributes,train,15,1.0,18414,1.0,1.0,1.0,1.0,1.0,0.0,0.0,0.0,0.0,1.0,0.0,1.0,0.0
1,15649,exact,train,15,1.0,15649,1.0,1.0,1.0,1.0,1.0,0.0,0.0,0.0,0.0,1.0,1.0,1.0,0.0
1,15649,token_order,train,15,1.0,15649,0.95,1.0,0.6382978723404256,1.0,1.0,0.0,0.0,0.0,0.0,1.0,1.0,1.0,0.0
1,15649,ocr,train,15,1.0,15649,0.9836065573770492,0.9836065573770492,0.9666666666666667,1.0,1.0,0.0,0.0,0.0,0.0,1.0,1.0,1.0,0.0
1,15649,transliteration,train,15,1.0,15649,1.0,1.0,1.0,1.0,1.0,0.0,0.0,0.0,0.0,1.0,1.0,1.0,0.0
1,15649,sparse_attributes,train,15,1.0,15649,1.0,1.0,1.0,1.0,1.0,0.0,0.0,0.0,0.0,1.0,0.0,1.0,0.0
1,51,exact,train,15,1.0,51,1.0,1.0,1.0,1.0,1.0,0.0,0.0,0.0,0.0,1.0,1.0,1.0,0.0
1,51,token_order,train,15,1.0,51,0.95,1.0,0.6923076923076923,1.0,1.0,0.0,0.0,0.0,0.0,1.0,0.0,1.0,0.0
1,51,ocr,train,15,1.0,51,0.9696969696969697,0.9696969696969697,0.9375,1.0,1.0,0.0,0.0,0.0,0.0,1.0,0.0,1.0,0.0
1,51,transliteration,train,15,1.0,51,1.0,1.0,1.0,1.0,1.0,0.0,0.0,0.0,0.0,1.0,1.0,1.0,0.0
1,51,sparse_attributes,train,15,1.0,51,1.0,1.0,1.0,1.0,1.0,0.0,0.0,0.0,0.0,0.0,0.0,1.0,0.0
1,8374,exact,train,15,1.0,8374,1.0,1.0,1.0,1.0,1.0,0.0,0.0,0.0,0.0,0.0,1.0,1.0,0.0
1,8374,token_order,train,15,1.0,8374,0.95,1.0,0.47328244274809156,1.0,1.0,0.0,0.0,0.0,0.0,1.0,1.0,1.0,0.0
1,8374,ocr,train,15,1.0,8374,0.9934640522875817,0.9934640522875817,0.9868421052631579,1.0,1.0,0.0,0.0,0.0,0.0,1.0,1.0,1.0,0.0
1,8374,transliteration,train,15,1.0,8374,1.0,1.0,1.0,1.0,1.0,0.0,0.0,0.0,0.0,0.0,1.0,1.0,0.0
1,8374,sparse_attributes,train,15,1.0,8374,1.0,1.0,1.0,1.0,1.0,0.0,0.0,0.0,0.0,0.0,0.0,1.0,0.0
1,8374,official_alias,train,15,1.0,8374,1.0,1.0,1.0,1.0,1.0,0.0,0.0,0.0,0.0,1.0,1.0,1.0,1.0
1,14933,exact,train,15,1.0,14933,1.0,1.0,1.0,1.0,1.0,1.0,1.0,1.0,1.0,1.0,1.0,1.0,0.0
1,14933,token_order,train,15,1.0,14933,0.95,1.0,0.6222222222222222,1.0,1.0,1.0,1.0,1.0,1.0,1.0,1.0,1.0,0.0
1,14933,ocr,train,15,1.0,14933,0.9803921568627451,0.9803921568627452,0.96,1.0,1.0,1.0,1.0,1.0,1.0,0.0,1.0,1.0,0.0
1,14933,transliteration,train,15,1.0,14933,0.96,0.68,0.9166666666666665,1.0,1.0,1.0,1.0,1.0,1.0,1.0,0.0,1.0,0.0
1,14933,sparse_attributes,train,15,1.0,14933,1.0,1.0,1.0,1.0,1.0,0.0,0.0,1.0,0.0,1.0,0.0,1.0,0.0
1,14933,official_alias,train,15,1.0,14933,1.0,1.0,1.0,1.0,1.0,1.0,1.0,1.0,1.0,1.0,0.0,1.0,1.0
1,2351,exact,train,15,1.0,2351,1.0,1.0,1.0,1.0,1.0,1.0,1.0,1.0,0.0,1.0,1.0,1.0,0.0
1,2351,token_order,train,15,1.0,2351,0.95,1.0,0.6666666666666667,1.0,1.0,0.0,0.0,1.0,0.0,1.0,0.0,1.0,0.0
1,2351,ocr,train,15,1.0,2351,0.95,0.95,0.95,1.0,1.0,1.0,1.0,1.0,0.0,1.0,0.0,1.0,0.0
1,2351,transliteration,train,15,1.0,2351,0.9473684210526316,0.631578947368421,0.8888888888888888,0.0,1.0,1.0,1.0,1.0,0.0,1.0,0.0,1.0,0.0
1,2351,sparse_attributes,train,15,1.0,2351,1.0,1.0,1.0,1.0,1.0,0.0,0.0,0.0,0.0,1.0,0.0,1.0,0.0
1,14395,exact,train,15,1.0,14395,1.0,1.0,1.0,1.0,1.0,0.0,0.0,0.0,0.0,0.0,0.0,1.0,0.0
1,14395,token_order,train,15,1.0,14395,0.95,1.0,0.5352112676056338,1.0,1.0,0.0,0.0,0.0,0.0,1.0,0.0,1.0,0.0
1,14395,ocr,train,15,1.0,14395,0.987012987012987,0.987012987012987,0.9736842105263157,1.0,1.0,0.0,0.0,0.0,0.0,1.0,1.0,1.0,0.0
1,14395,transliteration,train,15,1.0,14395,1.0,1.0,1.0,1.0,1.0,0.0,0.0,0.0,0.0,1.0,1.0,1.0,0.0
1,14395,sparse_attributes,train,15,1.0,14395,1.0,1.0,1.0,1.0,1.0,0.0,0.0,0.0,0.0,0.0,0.0,1.0,0.0
1,8279,exact,train,15,1.0,8279,1.0,1.0,1.0,1.0,1.0,1.0,1.0,0.0,0.0,1.0,1.0,1.0,0.0
1,8279,token_order,train,15,1.0,8279,0.95,1.0,0.6,1.0,1.0,1.0,1.0,0.0,1.0,1.0,0.0,1.0,0.0
1,8279,ocr,train,15,1.0,8279,0.9824561403508771,0.9824561403508772,0.9642857142857143,1.0,1.0,1.0,1.0,0.0,1.0,1.0,1.0,1.0,0.0
1,8279,transliteration,train,15,1.0,8279,0.9811320754716981,0.9811320754716981,0.9615384615384616,1.0,1.0,0.0,0.0,0.0,0.0,1.0,1.0,1.0,1.0
1,8279,sparse_attributes,train,15,1.0,8279,1.0,1.0,1.0,1.0,1.0,1.0,1.0,0.0,1.0,1.0,1.0,1.0,0.0
1,8279,official_alias,train,15,1.0,8279,1.0,1.0,1.0,1.0,1.0,1.0,1.0,0.0,0.0,1.0,0.0,1.0,1.0
1,9575,exact,train,15,1.0,9575,1.0,1.0,1.0,1.0,1.0,0.0,0.0,0.0,0.0,0.0,1.0,1.0,0.0
1,9575,token_order,train,15,1.0,9575,0.95,1.0,0.5859872611464968,1.0,1.0,0.0,0.0,0.0,0.0,1.0,0.0,1.0,0.0
1,9575,ocr,train,15,1.0,9575,0.9891304347826086,0.9864864864864864,0.9891304347826086,0.9,1.0,0.0,0.0,0.0,0.0,1.0,0.0,1.0,0.0
1,9575,transliteration,train,15,1.0,9575,1.0,1.0,1.0,1.0,1.0,0.0,0.0,0.0,0.0,1.0,1.0,1.0,0.0
1,9575,sparse_attributes,train,15,1.0,9575,1.0,1.0,1.0,1.0,1.0,0.0,0.0,0.0,0.0,1.0,0.0,1.0,0.0
1,9575,official_alias,train,15,1.0,9575,1.0,1.0,1.0,1.0,1.0,0.0,0.0,0.0,0.0,1.0,0.0,1.0,1.0
1,10036,exact,train,15,1.0,10036,1.0,1.0,1.0,1.0,1.0,0.0,0.0,0.0,0.0,1.0,1.0,1.0,0.0
1,10036,token_order,train,15,1.0,10036,0.95,1.0,0.6666666666666667,1.0,1.0,0.0,0.0,0.0,0.0,1.0,1.0,1.0,0.0
1,10036,ocr,train,15,1.0,10036,0.9444444444444444,0.9444444444444444,0.9444444444444444,1.0,1.0,0.0,0.0,0.0,0.0,1.0,1.0,1.0,0.0
1,10036,transliteration,train,15,1.0,10036,1.0,1.0,1.0,1.0,1.0,0.0,0.0,0.0,0.0,1.0,1.0,1.0,0.0
1,10036,sparse_attributes,train,15,1.0,10036,1.0,1.0,1.0,1.0,1.0,0.0,0.0,0.0,0.0,0.0,0.0,1.0,0.0
1,9842,exact,train,15,1.0,9842,1.0,1.0,1.0,1.0,1.0,1.0,1.0,0.0,1.0,1.0,0.0,1.0,0.0
1,9842,token_order,train,15,1.0,9842,0.95,1.0,0.6666666666666667,1.0,1.0,1.0,1.0,0.0,0.0,1.0,1.0,1.0,0.0
1,9842,ocr,train,15,1.0,9842,0.9824561403508771,0.9824561403508772,0.9642857142857143,1.0,1.0,1.0,1.0,0.0,0.0,0.0,1.0,1.0,0.0
1,9842,transliteration,train,15,1.0,9842,0.8571428571428572,0.8571428571428571,0.8571428571428572,1.0,1.0,1.0,1.0,0.0,1.0,0.0,1.0,1.0,0.0
1,9842,sparse_attributes,train,15,1.0,9842,1.0,1.0,1.0,1.0,1.0,0.0,0.0,0.0,0.0,0.0,0.0,1.0,0.0
1,9842,official_alias,train,15,1.0,9842,1.0,1.0,1.0,1.0,1.0,1.0,1.0,0.0,1.0,1.0,1.0,1.0,1.0
1,6700,exact,train,15,1.0,6700,1.0,1.0,1.0,1.0,1.0,0.0,0.0,0.0,0.0,1.0,1.0,1.0,0.0
1,6700,token_order,train,15,1.0,6700,0.95,1.0,0.75,1.0,1.0,0.0,0.0,0.0,0.0,1.0,0.0,1.0,0.0
1,6700,ocr,train,15,1.0,6700,0.9473684210526316,0.9473684210526315,0.9411764705882352,1.0,1.0,1.0,1.0,0.0,0.0,1.0,1.0,1.0,0.0
1,6700,transliteration,train,15,1.0,6700,1.0,1.0,1.0,1.0,1.0,1.0,1.0,0.0,0.0,0.0,1.0,1.0,0.0
1,6700,sparse_attributes,train,15,1.0,6700,1.0,1.0,1.0,1.0,1.0,1.0,1.0,0.0,0.0,0.0,0.0,1.0,0.0
1,13894,exact,train,15,1.0,13894,1.0,1.0,1.0,1.0,1.0,0.0,0.0,0.0,0.0,1.0,1.0,1.0,0.0
1,13894,token_order,train,15,1.0,13894,0.95,1.0,0.5679012345679013,1.0,1.0,0.0,0.0,0.0,0.0,1.0,1.0,1.0,0.0
1,13894,ocr,train,15,1.0,13894,0.9887640449438202,0.9887640449438203,0.9772727272727273,1.0,1.0,0.0,0.0,0.0,0.0,0.0,1.0,1.0,0.0
1,13894,transliteration,train,15,1.0,13894,0.9887640449438202,0.9887640449438203,0.9772727272727273,1.0,1.0,0.0,0.0,0.0,0.0,1.0,0.0,1.0,0.0
1,13894,sparse_attributes,train,15,1.0,13894,1.0,1.0,1.0,1.0,1.0,0.0,0.0,0.0,0.0,0.0,1.0,1.0,0.0
1,13894,official_alias,train,15,1.0,13894,1.0,1.0,1.0,1.0,1.0,0.0,0.0,0.0,0.0,1.0,0.0,1.0,1.0
1,5521,exact,train,15,1.0,5521,1.0,1.0,1.0,1.0,1.0,0.0,0.0,0.0,0.0,0.0,0.0,1.0,0.0
1,5521,token_order,train,15,1.0,5521,0.95,1.0,0.75,1.0,1.0,0.0,0.0,0.0,0.0,0.0,1.0,1.0,0.0
1,5521,ocr,train,15,1.0,5521,0.9666666666666667,0.9666666666666667,0.9830508474576272,0.6666666666666666,1.0,0.0,0.0,0.0,0.0,1.0,1.0,1.0,0.0
1,5521,transliteration,train,15,1.0,5521,1.0,1.0,1.0,1.0,1.0,0.0,0.0,0.0,0.0,0.0,0.0,1.0,0.0
1,5521,sparse_attributes,train,15,1.0,5521,1.0,1.0,1.0,1.0,1.0,0.0,0.0,0.0,0.0,0.0,0.0,1.0,0.0
1,9553,exact,train,15,1.0,9553,1.0,1.0,1.0,1.0,1.0,0.0,0.0,0.0,0.0,1.0,1.0,1.0,0.0
1,9553,token_order,train,15,1.0,9553,0.95,1.0,0.5154639175257731,1.0,1.0,0.0,0.0,0.0,0.0,0.0,0.0,1.0,0.0
1,9553,ocr,train,15,1.0,9553,0.9841269841269842,0.9824561403508772,0.9841269841269842,0.8571428571428571,1.0,0.0,0.0,0.0,0.0,1.0,1.0,1.0,0.0
1,9553,transliteration,train,15,1.0,9553,0.9763779527559054,0.9739130434782609,0.9682539682539683,1.0,1.0,0.0,0.0,0.0,0.0,1.0,1.0,1.0,0.0
1,9553,sparse_attributes,train,15,1.0,9553,1.0,1.0,1.0,1.0,1.0,0.0,0.0,0.0,0.0,0.0,0.0,1.0,0.0
1,9553,official_alias,train,15,1.0,9553,1.0,1.0,1.0,1.0,1.0,0.0,0.0,0.0,0.0,1.0,1.0,1.0,1.0
1,8997,exact,train,15,1.0,8997,1.0,1.0,1.0,1.0,1.0,1.0,1.0,1.0,1.0,1.0,1.0,1.0,0.0
1,8997,token_order,train,15,1.0,8997,0.95,1.0,0.5789473684210527,1.0,1.0,0.0,0.0,1.0,0.0,0.0,1.0,1.0,0.0
1,8997,ocr,train,15,1.0,8997,0.962962962962963,0.9629629629629629,0.962962962962963,1.0,1.0,1.0,1.0,1.0,0.0,1.0,1.0,1.0,0.0
1,8997,transliteration,train,15,1.0,8997,0.923076923076923,0.7307692307692308,0.88,1.0,1.0,0.0,0.0,1.0,1.0,1.0,1.0,1.0,0.0
1,8997,sparse_attributes,train,15,1.0,8997,1.0,1.0,1.0,1.0,1.0,0.0,0.0,0.0,0.0,0.0,1.0,1.0,0.0
1,8997,official_alias,train,15,1.0,8997,1.0,1.0,1.0,1.0,1.0,1.0,1.0,1.0,1.0,1.0,1.0,1.0,1.0
1,1671,exact,train,15,1.0,1671,1.0,1.0,1.0,1.0,1.0,0.0,0.0,1.0,1.0,1.0,1.0,1.0,0.0
1,1671,token_order,train,15,1.0,1671,0.95,1.0,0.5945945945945945,1.0,1.0,0.0,0.0,1.0,0.0,0.0,0.0,1.0,0.0
1,1671,ocr,train,15,1.0,1671,0.975609756097561,0.975609756097561,0.95,1.0,1.0,0.0,0.0,0.0,1.0,1.0,0.0,1.0,0.0
1,1671,transliteration,train,15,1.0,1671,1.0,1.0,1.0,1.0,1.0,0.0,0.0,0.0,1.0,1.0,0.0,1.0,0.0
1,1671,sparse_attributes,train,15,1.0,1671,1.0,1.0,1.0,1.0,1.0,0.0,0.0,0.0,0.0,0.0,0.0,1.0,0.0
1,1671,official_alias,train,15,1.0,1671,1.0,1.0,1.0,1.0,1.0,0.0,0.0,1.0,0.0,1.0,0.0,1.0,1.0
1,19090,exact,train,15,1.0,19090,1.0,1.0,1.0,1.0,1.0,0.0,0.0,0.0,0.0,1.0,1.0,1.0,0.0
1,19090,token_order,train,15,1.0,19090,0.95,1.0,0.7407407407407408,1.0,1.0,1.0,1.0,0.0,0.0,1.0,1.0,1.0,0.0
1,19090,ocr,train,15,1.0,19090,0.9411764705882352,0.9411764705882354,0.9696969696969697,1.0,1.0,1.0,1.0,0.0,1.0,0.0,1.0,1.0,0.0
1,19090,transliteration,train,15,1.0,19090,0.8235294117647058,0.8235294117647058,0.875,0.5,1.0,1.0,1.0,0.0,0.0,1.0,1.0,1.0,0.0
1,19090,sparse_attributes,train,15,1.0,19090,1.0,1.0,1.0,1.0,1.0,0.0,0.0,0.0,1.0,0.0,0.0,1.0,0.0
1,2753,exact,train,15,1.0,2753,1.0,1.0,1.0,1.0,1.0,1.0,1.0,0.0,0.0,1.0,1.0,1.0,0.0
1,2753,token_order,train,15,1.0,2753,0.95,1.0,0.75,1.0,1.0,1.0,1.0,0.0,0.0,0.0,1.0,1.0,0.0
1,2753,ocr,train,15,1.0,2753,0.9333333333333332,0.9333333333333332,0.9655172413793103,1.0,1.0,1.0,1.0,0.0,0.0,1.0,1.0,1.0,0.0
1,2753,transliteration,train,15,1.0,2753,0.8275862068965517,0.8275862068965517,0.8571428571428572,1.0,1.0,1.0,1.0,0.0,0.0,1.0,1.0,1.0,0.0
1,2753,sparse_attributes,train,15,1.0,2753,1.0,1.0,1.0,1.0,1.0,1.0,1.0,0.0,0.0,0.0,0.0,1.0,0.0
1,2753,official_alias,train,15,1.0,2753,1.0,1.0,1.0,1.0,1.0,1.0,1.0,0.0,0.0,0.0,1.0,1.0,1.0
1,10171,exact,train,15,1.0,10171,1.0,1.0,1.0,1.0,1.0,1.0,1.0,0.0,1.0,1.0,1.0,1.0,0.0
1,10171,token_order,train,15,1.0,10171,0.95,1.0,0.5625,1.0,1.0,1.0,1.0,0.0,0.0,1.0,0.0,1.0,0.0
1,10171,ocr,train,15,1.0,10171,0.9565217391304348,0.9565217391304348,0.9565217391304348,0.6666666666666666,1.0,1.0,1.0,1.0,0.0,1.0,1.0,1.0,0.0
1,10171,transliteration,train,15,1.0,10171,0.9545454545454546,0.6363636363636364,0.9047619047619048,1.0,1.0,0.0,0.0,1.0,1.0,1.0,0.0,1.0,0.0
1,10171,sparse_attributes,train,15,1.0,10171,1.0,1.0,1.0,1.0,1.0,1.0,1.0,0.0,1.0,0.0,1.0,1.0,0.0
1,14895,exact,train,15,1.0,14895,1.0,1.0,1.0,1.0,1.0,0.0,0.0,0.0,0.0,0.0,1.0,1.0,0.0
1,14895,token_order,train,15,1.0,14895,0.95,1.0,0.5405405405405406,1.0,1.0,0.0,0.0,0.0,0.0,1.0,1.0,1.0,0.0
1,14895,ocr,train,15,1.0,14895,0.9772727272727273,0.9772727272727273,0.9772727272727273,0.8,1.0,0.0,0.0,0.0,0.0,1.0,0.0,1.0,0.0
1,14895,transliteration,train,15,1.0,14895,0.9885057471264368,0.9885057471264368,0.9767441860465115,0.8,1.0,0.0,0.0,0.0,0.0,0.0,1.0,1.0,0.0
1,14895,sparse_attributes,train,15,1.0,14895,1.0,1.0,1.0,1.0,1.0,0.0,0.0,0.0,0.0,0.0,1.0,1.0,0.0
1,14895,official_alias,train,15,1.0,14895,1.0,1.0,1.0,1.0,1.0,0.0,0.0,0.0,0.0,1.0,1.0,1.0,1.0
1,3851,exact,train,15,1.0,3851,1.0,1.0,1.0,1.0,1.0,0.0,0.0,0.0,0.0,1.0,1.0,1.0,0.0
1,3851,token_order,train,15,1.0,3851,0.95,1.0,0.6,1.0,1.0,0.0,0.0,0.0,0.0,0.0,1.0,1.0,0.0
1,3851,ocr,train,15,1.0,3851,0.9333333333333332,0.9333333333333332,1.0,1.0,1.0,0.0,0.0,0.0,0.0,1.0,1.0,1.0,0.0
1,3851,transliteration,train,15,1.0,3851,0.923076923076923,0.4615384615384615,0.8333333333333335,0.0,1.0,0.0,0.0,0.0,0.0,0.0,1.0,1.0,0.0
1,3851,sparse_attributes,train,15,1.0,3851,1.0,1.0,1.0,1.0,1.0,0.0,0.0,0.0,0.0,0.0,0.0,1.0,0.0
1,3851,official_alias,train,15,1.0,3851,1.0,1.0,1.0,1.0,1.0,0.0,0.0,0.0,0.0,1.0,1.0,1.0,1.0
1,1029,exact,train,15,1.0,1029,1.0,1.0,1.0,1.0,1.0,1.0,1.0,1.0,0.0,1.0,1.0,1.0,0.0
1,1029,token_order,train,15,1.0,1029,0.95,1.0,0.6153846153846154,1.0,1.0,1.0,1.0,1.0,0.0,0.0,0.0,1.0,0.0
1,1029,ocr,train,15,1.0,1029,0.9545454545454546,0.9545454545454546,0.9545454545454546,0.6666666666666666,1.0,1.0,1.0,0.0,0.0,1.0,1.0,1.0,0.0
1,1029,transliteration,train,15,1.0,1029,0.9523809523809522,0.7142857142857143,0.9,1.0,1.0,1.0,1.0,1.0,0.0,1.0,1.0,1.0,0.0
1,1029,sparse_attributes,train,15,1.0,1029,1.0,1.0,1.0,1.0,1.0,0.0,0.0,0.0,0.0,1.0,0.0,1.0,0.0
1,5261,exact,train,15,1.0,5261,1.0,1.0,1.0,1.0,1.0,0.0,0.0,0.0,0.0,1.0,1.0,1.0,0.0
1,5261,token_order,train,15,1.0,5261,0.95,1.0,0.8,1.0,1.0,0.0,0.0,0.0,0.0,1.0,0.0,1.0,0.0
1,5261,ocr,train,15,1.0,5261,0.9090909090909091,0.9090909090909091,0.8888888888888888,1.0,1.0,0.0,0.0,0.0,0.0,1.0,1.0,1.0,0.0
1,5261,transliteration,train,15,1.0,5261,1.0,1.0,1.0,1.0,1.0,0.0,0.0,0.0,0.0,1.0,0.0,1.0,0.0
1,5261,sparse_attributes,train,15,1.0,5261,1.0,1.0,1.0,1.0,1.0,0.0,0.0,0.0,0.0,0.0,0.0,1.0,0.0
1,7177,exact,train,15,1.0,7177,1.0,1.0,1.0,1.0,1.0,1.0,1.0,0.0,0.0,1.0,1.0,1.0,0.0
1,7177,token_order,train,15,1.0,7177,0.95,1.0,0.6222222222222222,1.0,1.0,0.0,0.0,0.0,0.0,1.0,1.0,1.0,0.0
1,7177,ocr,train,15,1.0,7177,0.9824561403508771,0.9824561403508772,0.9642857142857143,1.0,1.0,1.0,1.0,0.0,0.0,1.0,0.0,1.0,0.0
1,7177,transliteration,train,15,1.0,7177,1.0,1.0,1.0,1.0,1.0,1.0,1.0,0.0,0.0,1.0,0.0,1.0,0.0
1,7177,sparse_attributes,train,15,1.0,7177,1.0,1.0,1.0,1.0,1.0,1.0,1.0,0.0,0.0,1.0,0.0,1.0,0.0
1,3559,exact,train,15,1.0,3559,1.0,1.0,1.0,1.0,1.0,1.0,1.0,0.0,0.0,1.0,1.0,1.0,0.0
1,3559,token_order,train,15,1.0,3559,0.95,1.0,0.6956521739130435,1.0,1.0,0.0,0.0,0.0,0.0,1.0,0.0,1.0,0.0
1,3559,ocr,train,15,1.0,3559,0.9655172413793103,0.9655172413793103,0.9285714285714286,0.5,1.0,0.0,0.0,0.0,0.0,1.0,1.0,1.0,0.0
1,3559,transliteration,train,15,1.0,3559,0.8387096774193549,0.8387096774193549,0.8666666666666667,1.0,1.0,0.0,0.0,0.0,0.0,1.0,1.0,1.0,0.0
1,3559,sparse_attributes,train,15,1.0,3559,1.0,1.0,1.0,1.0,1.0,0.0,0.0,0.0,0.0,0.0,0.0,1.0,0.0
1,3559,official_alias,train,15,1.0,3559,1.0,1.0,1.0,1.0,1.0,1.0,1.0,0.0,0.0,1.0,0.0,1.0,1.0
1,15476,exact,train,15,1.0,15476,1.0,1.0,1.0,1.0,1.0,0.0,0.0,0.0,0.0,1.0,1.0,1.0,0.0
1,15476,token_order,train,15,1.0,15476,0.95,1.0,0.5098039215686274,1.0,1.0,0.0,0.0,0.0,0.0,1.0,0.0,1.0,0.0
1,15476,ocr,train,15,1.0,15476,0.9846153846153847,0.9846153846153847,0.96875,1.0,1.0,0.0,0.0,0.0,0.0,1.0,1.0,1.0,0.0
1,15476,transliteration,train,15,1.0,15476,0.9523809523809522,0.38095238095238093,0.9,1.0,1.0,0.0,0.0,0.0,0.0,1.0,1.0,1.0,0.0
1,15476,sparse_attributes,train,15,1.0,15476,1.0,1.0,1.0,1.0,1.0,0.0,0.0,0.0,0.0,0.0,0.0,1.0,0.0
1,8966,exact,train,15,1.0,8966,1.0,1.0,1.0,1.0,1.0,0.0,0.0,0.0,0.0,1.0,1.0,1.0,0.0
1,8966,token_order,train,15,1.0,8966,0.95,1.0,0.5633802816901409,1.0,1.0,0.0,0.0,0.0,0.0,1.0,1.0,1.0,0.0
1,8966,ocr,train,15,1.0,8966,0.9882352941176471,0.9882352941176471,0.9761904761904762,1.0,1.0,0.0,0.0,0.0,0.0,1.0,1.0,1.0,0.0
1,8966,transliteration,train,15,1.0,8966,0.9879518072289156,0.9879518072289157,0.975609756097561,1.0,1.0,0.0,0.0,0.0,0.0,1.0,1.0,1.0,0.0
1,8966,sparse_attributes,train,15,1.0,8966,1.0,1.0,1.0,1.0,1.0,0.0,0.0,0.0,0.0,0.0,0.0,1.0,0.0
1,18931,exact,train,15,1.0,18931,1.0,1.0,1.0,1.0,1.0,0.0,0.0,0.0,0.0,1.0,1.0,1.0,0.0
1,18931,token_order,train,15,1.0,18931,0.95,1.0,0.6666666666666667,1.0,1.0,0.0,0.0,0.0,0.0,0.0,0.0,1.0,0.0
1,18931,ocr,train,15,1.0,18931,0.9411764705882352,0.9411764705882354,0.875,1.0,1.0,0.0,0.0,0.0,0.0,1.0,1.0,1.0,0.0
1,18931,transliteration,train,15,1.0,18931,1.0,1.0,1.0,1.0,1.0,0.0,0.0,0.0,0.0,1.0,1.0,1.0,0.0
1,18931,sparse_attributes,train,15,1.0,18931,1.0,1.0,1.0,1.0,1.0,0.0,0.0,0.0,0.0,0.0,0.0,1.0,0.0
1,1380,exact,train,15,1.0,1380,1.0,1.0,1.0,1.0,1.0,1.0,1.0,1.0,0.0,1.0,1.0,1.0,0.0
1,1380,token_order,train,15,1.0,1380,0.95,1.0,0.7272727272727273,1.0,1.0,0.0,0.0,1.0,0.0,1.0,1.0,1.0,0.0
1,1380,ocr,train,15,1.0,1380,0.9523809523809522,0.9523809523809524,0.9523809523809522,1.0,1.0,1.0,1.0,1.0,0.0,1.0,1.0,1.0,0.0
1,1380,transliteration,train,15,1.0,1380,1.0,1.0,1.0,1.0,1.0,1.0,1.0,1.0,0.0,1.0,1.0,1.0,0.0
1,1380,sparse_attributes,train,15,1.0,1380,1.0,1.0,1.0,1.0,1.0,0.0,0.0,0.0,0.0,0.0,0.0,1.0,0.0
1,7044,exact,train,15,1.0,7044,1.0,1.0,1.0,1.0,1.0,0.0,0.0,0.0,0.0,1.0,1.0,1.0,0.0
1,7044,token_order,train,15,1.0,7044,0.95,1.0,0.5517241379310345,1.0,1.0,0.0,0.0,0.0,0.0,1.0,1.0,1.0,0.0
1,7044,ocr,train,15,1.0,7044,0.9696969696969697,0.9696969696969697,0.9696969696969697,0.8,1.0,0.0,0.0,0.0,0.0,1.0,1.0,1.0,0.0
1,7044,transliteration,train,15,1.0,7044,1.0,1.0,1.0,1.0,1.0,0.0,0.0,0.0,0.0,0.0,1.0,1.0,0.0
1,7044,sparse_attributes,train,15,1.0,7044,1.0,1.0,1.0,1.0,1.0,0.0,0.0,0.0,0.0,0.0,0.0,1.0,0.0
1,7044,official_alias,train,15,1.0,7044,1.0,1.0,1.0,1.0,1.0,0.0,0.0,0.0,0.0,1.0,1.0,1.0,1.0
1,2174,exact,train,15,1.0,2174,1.0,1.0,1.0,1.0,1.0,1.0,1.0,1.0,0.0,1.0,1.0,1.0,0.0
1,2174,token_order,train,15,1.0,2174,0.95,1.0,0.7096774193548387,1.0,1.0,1.0,1.0,1.0,0.0,1.0,0.0,1.0,0.0
1,2174,ocr,train,15,1.0,2174,0.95,0.95,0.95,1.0,1.0,1.0,1.0,1.0,0.0,1.0,1.0,1.0,0.0
1,2174,transliteration,train,15,1.0,2174,1.0,1.0,1.0,1.0,1.0,1.0,1.0,0.0,0.0,1.0,1.0,1.0,0.0
1,2174,sparse_attributes,train,15,1.0,2174,1.0,1.0,1.0,1.0,1.0,0.0,0.0,1.0,0.0,0.0,0.0,1.0,0.0
1,2174,official_alias,train,15,1.0,2174,1.0,1.0,1.0,1.0,1.0,1.0,1.0,0.0,0.0,0.0,1.0,1.0,1.0
1,6680,exact,train,15,1.0,6680,1.0,1.0,1.0,1.0,1.0,1.0,1.0,1.0,1.0,1.0,0.0,1.0,0.0
1,6680,token_order,train,15,1.0,6680,0.95,1.0,0.6923076923076923,1.0,1.0,1.0,1.0,0.0,1.0,0.0,1.0,1.0,0.0
1,6680,ocr,train,15,1.0,6680,0.9411764705882352,0.9411764705882354,0.9411764705882352,0.5,1.0,1.0,1.0,1.0,1.0,0.0,1.0,1.0,0.0
1,6680,transliteration,train,15,1.0,6680,0.9696969696969697,0.5454545454545454,0.9375,1.0,1.0,1.0,1.0,0.0,1.0,1.0,0.0,1.0,0.0
1,6680,sparse_attributes,train,15,1.0,6680,1.0,1.0,1.0,1.0,1.0,0.0,0.0,0.0,1.0,0.0,0.0,1.0,0.0
1,3079,exact,train,15,1.0,3079,1.0,1.0,1.0,1.0,1.0,0.0,0.0,0.0,0.0,1.0,1.0,1.0,0.0
1,3079,token_order,train,15,1.0,3079,0.95,1.0,0.6363636363636364,1.0,1.0,0.0,0.0,0.0,0.0,1.0,1.0,1.0,0.0
1,3079,ocr,train,15,1.0,3079,1.0,1.0,1.0,1.0,1.0,0.0,0.0,0.0,0.0,1.0,1.0,1.0,0.0
1,3079,transliteration,train,15,1.0,3079,1.0,1.0,1.0,1.0,1.0,0.0,0.0,0.0,0.0,1.0,1.0,1.0,0.0
1,3079,sparse_attributes,train,15,1.0,3079,1.0,1.0,1.0,1.0,1.0,0.0,0.0,0.0,0.0,0.0,0.0,1.0,0.0
1,4075,exact,train,15,1.0,4075,1.0,1.0,1.0,1.0,1.0,0.0,0.0,0.0,0.0,1.0,1.0,1.0,0.0
1,4075,token_order,train,15,1.0,4075,1.0,1.0,1.0,1.0,1.0,0.0,0.0,0.0,0.0,0.0,0.0,1.0,0.0
1,4075,ocr,train,15,1.0,4075,0.9090909090909091,0.9090909090909091,0.9523809523809522,1.0,1.0,0.0,0.0,0.0,0.0,1.0,1.0,1.0,0.0
1,4075,transliteration,train,15,1.0,4075,1.0,1.0,1.0,1.0,1.0,0.0,0.0,0.0,0.0,0.0,1.0,1.0,0.0
1,4075,sparse_attributes,train,15,1.0,4075,1.0,1.0,1.0,1.0,1.0,0.0,0.0,0.0,0.0,0.0,0.0,1.0,0.0
1,4075,official_alias,train,15,1.0,4075,1.0,1.0,1.0,1.0,0.5,0.0,0.0,0.0,0.0,0.0,1.0,1.0,1.0
1,6817,exact,train,15,1.0,6817,1.0,1.0,1.0,1.0,1.0,1.0,1.0,1.0,1.0,1.0,1.0,1.0,0.0
1,6817,token_order,train,15,1.0,6817,0.95,1.0,0.6470588235294117,1.0,1.0,1.0,1.0,1.0,0.0,1.0,1.0,1.0,0.0
1,6817,ocr,train,15,1.0,6817,0.9473684210526316,0.9473684210526315,0.972972972972973,0.6666666666666666,1.0,1.0,1.0,1.0,0.0,1.0,1.0,1.0,0.0
1,6817,transliteration,train,15,1.0,6817,1.0,1.0,1.0,1.0,1.0,0.0,0.0,0.0,1.0,1.0,0.0,1.0,0.0
1,6817,sparse_attributes,train,15,1.0,6817,1.0,1.0,1.0,1.0,1.0,1.0,1.0,1.0,1.0,0.0,0.0,1.0,0.0
1,1122,exact,train,15,1.0,1122,1.0,1.0,1.0,1.0,1.0,0.0,0.0,0.0,0.0,1.0,0.0,1.0,0.0
1,1122,token_order,train,15,1.0,1122,0.95,1.0,0.6666666666666667,1.0,1.0,0.0,0.0,0.0,0.0,1.0,1.0,1.0,0.0
1,1122,ocr,train,15,1.0,1122,0.962962962962963,0.9629629629629629,0.962962962962963,1.0,1.0,0.0,0.0,0.0,0.0,0.0,1.0,1.0,0.0
1,1122,transliteration,train,15,1.0,1122,0.9615384615384616,0.576923076923077,0.92,1.0,1.0,0.0,0.0,0.0,0.0,1.0,0.0,1.0,0.0
1,1122,sparse_attributes,train,15,1.0,1122,1.0,1.0,1.0,1.0,1.0,0.0,0.0,0.0,0.0,0.0,0.0,1.0,0.0
1,15572,exact,train,15,1.0,15572,1.0,1.0,1.0,1.0,1.0,0.0,0.0,0.0,0.0,0.0,1.0,1.0,0.0
1,15572,token_order,train,15,1.0,15572,0.95,1.0,0.5517241379310345,1.0,1.0,0.0,0.0,0.0,0.0,0.0,1.0,1.0,0.0
1,15572,ocr,train,15,1.0,15572,0.9900990099009901,0.9900990099009901,0.98,1.0,1.0,0.0,0.0,0.0,0.0,1.0,0.0,1.0,0.0
1,15572,transliteration,train,15,1.0,15572,1.0,1.0,1.0,1.0,1.0,0.0,0.0,0.0,0.0,1.0,0.0,1.0,0.0
1,15572,sparse_attributes,train,15,1.0,15572,1.0,1.0,1.0,1.0,1.0,0.0,0.0,0.0,0.0,0.0,0.0,1.0,0.0
1,15572,official_alias,train,15,1.0,15572,1.0,1.0,1.0,1.0,1.0,0.0,0.0,0.0,0.0,1.0,1.0,1.0,1.0
1,16330,exact,train,15,1.0,16330,1.0,1.0,1.0,1.0,1.0,0.0,0.0,1.0,1.0,1.0,1.0,1.0,0.0
1,16330,token_order,train,15,1.0,16330,0.95,1.0,0.6666666666666667,1.0,1.0,1.0,1.0,1.0,0.0,1.0,1.0,1.0,0.0
1,16330,ocr,train,15,1.0,16330,0.9166666666666665,0.9166666666666667,0.9166666666666665,1.0,1.0,0.0,0.0,1.0,1.0,1.0,0.0,1.0,0.0
1,16330,transliteration,train,15,1.0,16330,1.0,1.0,1.0,1.0,1.0,1.0,1.0,1.0,0.0,1.0,1.0,1.0,0.0
1,16330,sparse_attributes,train,15,1.0,16330,1.0,1.0,1.0,1.0,1.0,1.0,1.0,1.0,0.0,0.0,0.0,1.0,0.0
1,16330,official_alias,train,15,1.0,16330,1.0,1.0,1.0,1.0,1.0,1.0,1.0,1.0,1.0,1.0,0.0,1.0,1.0
1,1133,exact,train,15,1.0,1133,1.0,1.0,1.0,1.0,1.0,1.0,1.0,1.0,0.0,0.0,1.0,1.0,0.0
1,1133,token_order,train,15,1.0,1133,0.95,1.0,0.826086956521739,1.0,1.0,1.0,1.0,1.0,0.0,1.0,1.0,1.0,0.0
1,1133,ocr,train,15,1.0,1133,0.9811320754716981,1.0,0.9615384615384616,1.0,1.0,0.0,0.0,0.0,0.0,0.0,1.0,1.0,0.0
1,1133,transliteration,train,15,1.0,1133,1.0,1.0,1.0,1.0,1.0,1.0,1.0,1.0,0.0,0.0,1.0,1.0,0.0
1,1133,sparse_attributes,train,15,1.0,1133,1.0,1.0,1.0,1.0,1.0,1.0,1.0,0.0,0.0,0.0,0.0,1.0,0.0
1,14915,exact,train,15,1.0,14915,1.0,1.0,1.0,1.0,1.0,0.0,0.0,0.0,0.0,1.0,1.0,1.0,0.0
1,14915,token_order,train,15,1.0,14915,0.95,1.0,0.5633802816901409,1.0,1.0,0.0,0.0,0.0,0.0,1.0,1.0,1.0,0.0
1,14915,ocr,train,15,1.0,14915,0.9879518072289156,0.9879518072289157,0.975609756097561,1.0,1.0,0.0,0.0,0.0,0.0,0.0,1.0,1.0,0.0
1,14915,transliteration,train,15,1.0,14915,1.0,1.0,1.0,1.0,1.0,0.0,0.0,0.0,0.0,1.0,0.0,1.0,0.0
1,14915,sparse_attributes,train,15,1.0,14915,1.0,1.0,1.0,1.0,1.0,0.0,0.0,0.0,0.0,1.0,1.0,1.0,0.0
1,14915,official_alias,train,15,1.0,14915,1.0,1.0,1.0,1.0,1.0,0.0,0.0,0.0,0.0,1.0,1.0,1.0,1.0
1,10583,exact,train,15,1.0,10583,1.0,1.0,1.0,1.0,1.0,0.0,0.0,0.0,0.0,1.0,1.0,1.0,0.0
1,10583,token_order,train,15,1.0,10583,0.95,1.0,0.4948453608247423,1.0,1.0,0.0,0.0,0.0,0.0,0.0,0.0,1.0,0.0
1,10583,ocr,train,15,1.0,10583,0.992248062015504,0.992,0.984375,1.0,1.0,0.0,0.0,0.0,0.0,0.0,0.0,1.0,0.0
1,10583,transliteration,train,15,1.0,10583,1.0,1.0,1.0,1.0,1.0,0.0,0.0,0.0,0.0,1.0,1.0,1.0,0.0
1,10583,sparse_attributes,train,15,1.0,10583,1.0,1.0,1.0,1.0,1.0,0.0,0.0,0.0,0.0,0.0,0.0,1.0,0.0
1,12820,exact,train,15,1.0,12820,1.0,1.0,1.0,1.0,1.0,0.0,0.0,0.0,0.0,0.0,1.0,1.0,0.0
1,12820,token_order,train,15,1.0,12820,0.95,1.0,0.6153846153846154,1.0,1.0,0.0,0.0,0.0,0.0,1.0,0.0,1.0,0.0
1,12820,ocr,train,15,1.0,12820,0.9777777777777777,0.9777777777777777,1.0,1.0,1.0,0.0,0.0,0.0,0.0,1.0,0.0,1.0,0.0
1,12820,transliteration,train,15,1.0,12820,0.9545454545454546,0.9545454545454546,0.9545454545454546,1.0,1.0,0.0,0.0,0.0,0.0,1.0,1.0,1.0,0.0
1,12820,sparse_attributes,train,15,1.0,12820,1.0,1.0,1.0,1.0,1.0,0.0,0.0,0.0,0.0,0.0,1.0,1.0,0.0
1,14477,exact,train,15,1.0,14477,1.0,1.0,1.0,1.0,1.0,0.0,0.0,0.0,0.0,1.0,1.0,1.0,0.0
1,14477,token_order,train,15,1.0,14477,0.95,1.0,0.6086956521739131,1.0,1.0,0.0,0.0,0.0,0.0,1.0,1.0,1.0,0.0
1,14477,ocr,train,15,1.0,14477,0.9642857142857143,0.9642857142857143,0.9642857142857143,1.0,1.0,0.0,0.0,0.0,0.0,0.0,1.0,1.0,0.0
1,14477,transliteration,train,15,1.0,14477,0.9454545454545454,0.9454545454545454,0.9259259259259259,0.6666666666666666,1.0,0.0,0.0,0.0,0.0,1.0,1.0,1.0,0.0
1,14477,sparse_attributes,train,15,1.0,14477,1.0,1.0,1.0,1.0,1.0,0.0,0.0,0.0,0.0,0.0,0.0,1.0,0.0
1,6434,exact,train,15,1.0,6434,1.0,1.0,1.0,1.0,1.0,0.0,0.0,1.0,1.0,1.0,0.0,1.0,0.0
1,6434,token_order,train,15,1.0,6434,0.95,1.0,0.6666666666666667,1.0,1.0,1.0,1.0,1.0,1.0,0.0,0.0,1.0,0.0
1,6434,ocr,train,15,1.0,6434,0.9743589743589743,0.9743589743589743,0.9473684210526316,0.6666666666666666,1.0,1.0,1.0,1.0,0.0,1.0,0.0,1.0,0.0
1,6434,transliteration,train,15,1.0,6434,0.9473684210526316,0.631578947368421,0.8888888888888888,0.0,1.0,1.0,1.0,1.0,0.0,1.0,1.0,1.0,0.0
1,6434,sparse_attributes,train,15,1.0,6434,1.0,1.0,1.0,1.0,1.0,0.0,0.0,1.0,0.0,1.0,0.0,1.0,0.0
1,6434,official_alias,train,15,1.0,6434,1.0,1.0,1.0,1.0,1.0,0.0,0.0,1.0,1.0,1.0,1.0,1.0,1.0
1,7985,exact,train,15,1.0,7985,1.0,1.0,1.0,1.0,1.0,0.0,0.0,0.0,0.0,1.0,0.0,1.0,0.0
1,7985,token_order,train,15,1.0,7985,0.95,1.0,0.625,1.0,1.0,0.0,0.0,0.0,0.0,0.0,1.0,1.0,0.0
1,7985,ocr,train,15,1.0,7985,0.9090909090909091,0.9090909090909091,0.9090909090909091,0.5,1.0,0.0,0.0,0.0,0.0,0.0,1.0,1.0,0.0
1,7985,transliteration,train,15,1.0,7985,0.9523809523809522,0.9523809523809524,0.9,0.0,1.0,0.0,0.0,0.0,0.0,1.0,0.0,1.0,0.0
1,7985,sparse_attributes,train,15,1.0,7985,1.0,1.0,1.0,1.0,1.0,0.0,0.0,0.0,0.0,0.0,0.0,1.0,0.0
1,12815,exact,train,15,1.0,12815,1.0,1.0,1.0,1.0,1.0,0.0,0.0,0.0,0.0,1.0,1.0,1.0,0.0
1,12815,token_order,train,15,1.0,12815,0.95,1.0,0.6341463414634146,1.0,1.0,1.0,1.0,0.0,1.0,1.0,1.0,1.0,0.0
1,12815,ocr,train,15,1.0,12815,0.9642857142857143,0.9642857142857143,0.9642857142857143,1.0,1.0,1.0,1.0,0.0,1.0,0.0,1.0,1.0,0.0
1,12815,transliteration,train,15,1.0,12815,1.0,1.0,1.0,1.0,1.0,1.0,1.0,0.0,0.0,0.0,1.0,1.0,0.0
1,12815,sparse_attributes,train,15,1.0,12815,1.0,1.0,1.0,1.0,1.0,0.0,0.0,0.0,0.0,0.0,0.0,1.0,0.0
1,12815,official_alias,train,15,1.0,12815,1.0,1.0,1.0,1.0,1.0,1.0,1.0,0.0,0.0,0.0,1.0,1.0,1.0
1,7156,exact,train,15,1.0,7156,1.0,1.0,1.0,1.0,1.0,1.0,1.0,1.0,1.0,0.0,1.0,1.0,0.0
1,7156,token_order,train,15,1.0,7156,0.95,1.0,0.6875,1.0,1.0,1.0,1.0,1.0,1.0,1.0,1.0,1.0,0.0
1,7156,ocr,train,15,1.0,7156,0.9523809523809522,0.9523809523809524,0.975609756097561,1.0,1.0,1.0,1.0,1.0,1.0,1.0,1.0,1.0,0.0
1,7156,transliteration,train,15,1.0,7156,0.975609756097561,0.5365853658536586,0.95,1.0,1.0,0.0,0.0,1.0,1.0,1.0,0.0,1.0,0.0
1,7156,sparse_attributes,train,15,1.0,7156,1.0,1.0,1.0,1.0,1.0,1.0,1.0,0.0,0.0,1.0,0.0,1.0,0.0
1,7156,official_alias,train,15,1.0,7156,1.0,1.0,1.0,1.0,1.0,1.0,1.0,1.0,1.0,1.0,1.0,1.0,1.0
1,15798,exact,train,15,1.0,15798,1.0,1.0,1.0,1.0,1.0,0.0,0.0,0.0,0.0,1.0,1.0,1.0,0.0
1,15798,token_order,train,15,1.0,15798,0.95,1.0,0.8,1.0,1.0,0.0,0.0,0.0,0.0,1.0,1.0,1.0,0.0
1,15798,ocr,train,15,1.0,15798,0.9166666666666665,0.9166666666666667,0.9166666666666665,1.0,1.0,0.0,0.0,0.0,0.0,1.0,1.0,1.0,0.0
1,15798,transliteration,train,15,1.0,15798,1.0,1.0,1.0,1.0,1.0,0.0,0.0,0.0,0.0,1.0,1.0,1.0,0.0
1,15798,sparse_attributes,train,15,1.0,15798,1.0,1.0,1.0,1.0,1.0,0.0,0.0,0.0,0.0,1.0,0.0,1.0,0.0
1,3442,exact,train,15,1.0,3442,1.0,1.0,1.0,1.0,1.0,1.0,1.0,0.0,0.0,1.0,1.0,1.0,0.0
1,3442,token_order,train,15,1.0,3442,0.95,1.0,0.7,1.0,1.0,1.0,1.0,0.0,1.0,1.0,1.0,1.0,0.0
1,3442,ocr,train,15,1.0,3442,0.96,0.96,1.0,0.5,1.0,1.0,1.0,0.0,1.0,1.0,1.0,1.0,0.0
1,3442,transliteration,train,15,1.0,3442,0.96,0.56,0.9166666666666665,0.0,1.0,1.0,1.0,0.0,0.0,0.0,1.0,1.0,0.0
1,3442,sparse_attributes,train,15,1.0,3442,1.0,1.0,1.0,1.0,1.0,0.0,0.0,0.0,0.0,0.0,0.0,1.0,0.0
1,18543,exact,train,15,1.0,18543,1.0,1.0,1.0,1.0,1.0,1.0,1.0,1.0,1.0,1.0,1.0,1.0,0.0
1,18543,token_order,train,15,1.0,18543,0.95,1.0,0.7407407407407408,1.0,1.0,1.0,1.0,0.0,1.0,0.0,1.0,1.0,0.0
1,18543,ocr,train,15,1.0,18543,0.9714285714285714,0.9714285714285714,0.9411764705882352,1.0,1.0,1.0,1.0,1.0,0.0,0.0,1.0,1.0,0.0
1,18543,transliteration,train,15,1.0,18543,1.0,1.0,1.0,1.0,1.0,1.0,1.0,0.0,1.0,1.0,1.0,1.0,0.0
1,18543,sparse_attributes,train,15,1.0,18543,1.0,1.0,1.0,1.0,1.0,0.0,0.0,1.0,0.0,0.0,1.0,1.0,0.0
1,6532,exact,train,15,1.0,6532,1.0,1.0,1.0,1.0,1.0,0.0,0.0,0.0,0.0,1.0,1.0,1.0,0.0
1,6532,token_order,train,15,1.0,6532,1.0,1.0,1.0,1.0,1.0,0.0,0.0,0.0,0.0,1.0,1.0,1.0,0.0
1,6532,ocr,train,15,0.0,86,0.30000000000000004,0.08695652173913046,0.33333333333333337,1.0,1.0,0.0,0.0,0.0,0.0,1.0,0.0,0.0,1.0
1,6532,transliteration,train,15,1.0,6532,1.0,1.0,1.0,1.0,1.0,0.0,0.0,0.0,0.0,1.0,0.0,1.0,0.0
1,6532,sparse_attributes,train,15,1.0,6532,1.0,1.0,1.0,1.0,1.0,0.0,0.0,0.0,0.0,0.0,0.0,1.0,0.0
1,9241,exact,train,15,1.0,9241,1.0,1.0,1.0,1.0,1.0,0.0,0.0,0.0,0.0,0.0,1.0,1.0,0.0
1,9241,token_order,train,15,1.0,9241,0.95,1.0,0.576271186440678,1.0,1.0,0.0,0.0,0.0,0.0,1.0,0.0,1.0,0.0
1,9241,ocr,train,15,1.0,9241,0.9879518072289156,0.9879518072289157,0.975609756097561,1.0,1.0,0.0,0.0,0.0,0.0,0.0,1.0,1.0,0.0
1,9241,transliteration,train,15,1.0,9241,1.0,1.0,1.0,1.0,1.0,0.0,0.0,0.0,0.0,1.0,0.0,1.0,0.0
1,9241,sparse_attributes,train,15,1.0,9241,1.0,1.0,1.0,1.0,1.0,0.0,0.0,0.0,0.0,1.0,0.0,1.0,0.0
1,9241,official_alias,train,15,1.0,9241,1.0,1.0,1.0,1.0,1.0,0.0,0.0,0.0,0.0,1.0,0.0,1.0,1.0
1,17993,exact,train,15,1.0,17993,1.0,1.0,1.0,1.0,1.0,1.0,1.0,0.0,1.0,1.0,0.0,1.0,0.0
1,17993,token_order,train,15,1.0,17993,0.95,1.0,0.7058823529411764,1.0,1.0,1.0,1.0,1.0,1.0,1.0,0.0,1.0,0.0
1,17993,ocr,train,15,1.0,17993,0.9523809523809522,0.9523809523809524,1.0,0.5,1.0,1.0,1.0,1.0,1.0,1.0,1.0,1.0,0.0
1,17993,transliteration,train,15,1.0,17993,1.0,1.0,1.0,1.0,1.0,1.0,1.0,1.0,0.0,1.0,1.0,1.0,0.0
1,17993,sparse_attributes,train,15,1.0,17993,1.0,1.0,1.0,1.0,1.0,0.0,0.0,0.0,0.0,0.0,0.0,1.0,0.0
1,9605,exact,train,15,1.0,9605,1.0,1.0,1.0,1.0,1.0,0.0,0.0,0.0,0.0,1.0,1.0,1.0,0.0
1,9605,token_order,train,15,1.0,9605,0.95,1.0,0.5862068965517242,1.0,1.0,0.0,0.0,0.0,0.0,0.0,0.0,1.0,0.0
1,9605,ocr,train,15,1.0,9605,0.9705882352941176,0.9705882352941176,0.9705882352941176,0.75,1.0,0.0,0.0,0.0,0.0,0.0,0.0,1.0,0.0
1,9605,transliteration,train,15,1.0,9605,1.0,1.0,1.0,1.0,1.0,0.0,0.0,0.0,0.0,0.0,1.0,1.0,0.0
1,9605,sparse_attributes,train,15,1.0,9605,1.0,1.0,1.0,1.0,1.0,0.0,0.0,0.0,0.0,1.0,0.0,1.0,0.0
1,9605,official_alias,train,15,1.0,9605,1.0,1.0,1.0,1.0,1.0,0.0,0.0,0.0,0.0,1.0,0.0,1.0,1.0
1,8614,exact,train,15,1.0,8614,1.0,1.0,1.0,1.0,1.0,1.0,1.0,0.0,1.0,1.0,1.0,1.0,0.0
1,8614,token_order,train,15,1.0,8614,0.95,1.0,0.6511627906976745,1.0,1.0,0.0,0.0,0.0,1.0,1.0,1.0,1.0,0.0
1,8614,ocr,train,15,1.0,8614,0.9655172413793103,0.9655172413793103,0.9655172413793103,1.0,1.0,1.0,1.0,0.0,1.0,1.0,1.0,1.0,0.0
1,8614,transliteration,train,15,1.0,8614,0.9491525423728814,0.9491525423728814,0.9310344827586207,1.0,1.0,1.0,1.0,0.0,1.0,1.0,1.0,1.0,0.0
1,8614,sparse_attributes,train,15,1.0,8614,1.0,1.0,1.0,1.0,1.0,0.0,0.0,0.0,0.0,0.0,0.0,1.0,0.0
1,11542,exact,train,15,1.0,11542,1.0,1.0,1.0,1.0,1.0,0.0,0.0,0.0,0.0,1.0,0.0,1.0,0.0
1,11542,token_order,train,15,1.0,11542,0.95,1.0,0.4615384615384615,1.0,1.0,0.0,0.0,0.0,0.0,1.0,1.0,1.0,0.0
1,11542,ocr,train,15,1.0,11542,0.9827586206896551,0.9827586206896552,0.9827586206896551,1.0,1.0,0.0,0.0,0.0,0.0,1.0,1.0,1.0,0.0
1,11542,transliteration,train,15,1.0,11542,1.0,1.0,1.0,1.0,1.0,0.0,0.0,0.0,0.0,1.0,1.0,1.0,0.0
1,11542,sparse_attributes,train,15,1.0,11542,1.0,1.0,1.0,1.0,1.0,0.0,0.0,0.0,0.0,1.0,1.0,1.0,0.0
1,11542,official_alias,train,15,1.0,11542,1.0,1.0,1.0,1.0,1.0,0.0,0.0,0.0,0.0,1.0,1.0,1.0,1.0
1,3258,exact,train,15,1.0,3258,1.0,1.0,1.0,1.0,1.0,0.0,0.0,0.0,0.0,0.0,1.0,1.0,0.0
1,3258,token_order,train,15,1.0,3258,0.95,1.0,0.6190476190476191,1.0,1.0,0.0,0.0,0.0,0.0,1.0,0.0,1.0,0.0
1,3258,ocr,train,15,1.0,3258,0.9767441860465115,0.9767441860465117,0.975609756097561,1.0,1.0,0.0,0.0,0.0,0.0,1.0,1.0,1.0,0.0
1,3258,transliteration,train,15,1.0,3258,1.0,1.0,1.0,1.0,1.0,0.0,0.0,0.0,0.0,1.0,0.0,1.0,0.0
1,3258,sparse_attributes,train,15,1.0,3258,1.0,1.0,1.0,1.0,1.0,0.0,0.0,0.0,0.0,0.0,0.0,1.0,0.0
1,5432,exact,train,15,1.0,5432,1.0,1.0,1.0,1.0,1.0,0.0,0.0,0.0,0.0,0.0,1.0,1.0,0.0
1,5432,token_order,train,15,1.0,5432,0.95,1.0,0.6808510638297872,1.0,1.0,0.0,0.0,0.0,0.0,1.0,1.0,1.0,0.0
1,5432,ocr,train,15,1.0,5432,0.9811320754716981,0.9811320754716981,0.9615384615384616,1.0,1.0,0.0,0.0,0.0,0.0,0.0,1.0,1.0,0.0
1,5432,transliteration,train,15,1.0,5432,0.9387755102040817,0.8163265306122449,0.8888888888888888,0.0,1.0,0.0,0.0,0.0,0.0,1.0,1.0,1.0,0.0
1,5432,sparse_attributes,train,15,1.0,5432,1.0,1.0,1.0,1.0,1.0,0.0,0.0,0.0,0.0,0.0,1.0,1.0,0.0
1,2450,exact,train,15,1.0,2450,1.0,1.0,1.0,1.0,1.0,0.0,0.0,0.0,0.0,0.0,1.0,1.0,0.0
1,2450,token_order,train,15,1.0,2450,0.95,1.0,0.6666666666666667,1.0,1.0,0.0,0.0,0.0,0.0,1.0,1.0,1.0,0.0
1,2450,ocr,train,15,1.0,2450,0.9,0.9,0.9473684210526316,0.5,1.0,0.0,0.0,0.0,0.0,1.0,1.0,1.0,0.0
1,2450,transliteration,train,15,1.0,2450,1.0,1.0,1.0,1.0,1.0,0.0,0.0,0.0,0.0,1.0,1.0,1.0,0.0
1,2450,sparse_attributes,train,15,1.0,2450,1.0,1.0,1.0,1.0,1.0,0.0,0.0,0.0,0.0,0.0,1.0,1.0,0.0
1,2450,official_alias,train,15,1.0,2450,1.0,1.0,1.0,1.0,1.0,0.0,0.0,0.0,0.0,1.0,1.0,1.0,1.0
1,6737,exact,train,15,1.0,6737,1.0,1.0,1.0,1.0,1.0,0.0,0.0,0.0,0.0,1.0,1.0,1.0,0.0
1,6737,token_order,train,15,1.0,6737,0.95,1.0,0.6,1.0,1.0,0.0,0.0,0.0,0.0,0.0,1.0,1.0,0.0
1,6737,ocr,train,15,1.0,6737,0.962962962962963,0.9629629629629629,0.962962962962963,1.0,1.0,0.0,0.0,0.0,0.0,0.0,1.0,1.0,0.0
1,6737,transliteration,train,15,1.0,6737,0.9411764705882352,0.6666666666666665,0.875,1.0,1.0,0.0,0.0,0.0,0.0,1.0,1.0,1.0,0.0
1,6737,sparse_attributes,train,15,1.0,6737,1.0,1.0,1.0,1.0,1.0,0.0,0.0,0.0,0.0,0.0,0.0,1.0,0.0
1,6737,official_alias,train,15,1.0,6737,1.0,1.0,1.0,1.0,1.0,0.0,0.0,0.0,0.0,1.0,1.0,1.0,1.0
1,16743,exact,train,15,1.0,16743,1.0,1.0,1.0,1.0,1.0,1.0,1.0,0.0,0.0,1.0,1.0,1.0,0.0
1,16743,token_order,train,15,1.0,16743,0.95,1.0,0.6818181818181819,1.0,1.0,1.0,1.0,0.0,0.0,0.0,0.0,1.0,0.0
1,16743,ocr,train,15,1.0,16743,0.9811320754716981,0.9811320754716981,0.9615384615384616,1.0,1.0,0.0,0.0,0.0,1.0,1.0,1.0,1.0,0.0
1,16743,transliteration,train,15,1.0,16743,0.8333333333333335,0.6666666666666665,0.8,0.0,1.0,0.0,0.0,0.0,0.0,1.0,1.0,1.0,0.0
1,16743,sparse_attributes,train,15,1.0,16743,1.0,1.0,1.0,1.0,1.0,0.0,0.0,0.0,1.0,0.0,0.0,1.0,0.0
1,16743,official_alias,train,15,1.0,16743,1.0,1.0,1.0,1.0,1.0,0.0,0.0,0.0,0.0,0.0,0.0,1.0,1.0
1,11704,exact,train,15,1.0,11704,1.0,1.0,1.0,1.0,1.0,0.0,0.0,0.0,0.0,0.0,0.0,1.0,0.0
1,11704,token_order,train,15,1.0,11704,0.95,1.0,0.5714285714285714,1.0,1.0,0.0,0.0,0.0,0.0,0.0,1.0,1.0,0.0
1,11704,ocr,train,15,1.0,11704,0.9583333333333335,0.9583333333333333,0.9583333333333335,0.75,1.0,0.0,0.0,0.0,0.0,1.0,1.0,1.0,0.0
1,11704,transliteration,train,15,1.0,11704,0.9333333333333332,0.4888888888888889,0.878048780487805,1.0,1.0,0.0,0.0,0.0,0.0,1.0,1.0,1.0,0.0
1,11704,sparse_attributes,train,15,1.0,11704,1.0,1.0,1.0,1.0,1.0,0.0,0.0,0.0,0.0,0.0,1.0,1.0,0.0
1,10867,exact,train,15,1.0,10867,1.0,1.0,1.0,1.0,1.0,0.0,0.0,0.0,0.0,1.0,1.0,1.0,0.0
1,10867,token_order,train,15,1.0,10867,0.95,1.0,0.56,1.0,1.0,0.0,0.0,0.0,0.0,1.0,1.0,1.0,0.0
1,10867,ocr,train,15,1.0,10867,0.9444444444444444,0.9444444444444444,0.9714285714285714,0.8333333333333334,1.0,0.0,0.0,0.0,0.0,1.0,1.0,1.0,0.0
1,10867,transliteration,train,15,1.0,10867,1.0,1.0,1.0,1.0,1.0,0.0,0.0,0.0,0.0,1.0,1.0,1.0,0.0
1,10867,sparse_attributes,train,15,1.0,10867,1.0,1.0,1.0,1.0,1.0,0.0,0.0,0.0,0.0,0.0,0.0,1.0,0.0
1,10867,official_alias,train,15,1.0,10867,1.0,1.0,1.0,1.0,1.0,0.0,0.0,0.0,0.0,0.0,1.0,1.0,1.0
1,17444,exact,train,15,1.0,17444,1.0,1.0,1.0,1.0,1.0,0.0,0.0,0.0,0.0,1.0,1.0,1.0,0.0
1,17444,token_order,train,15,1.0,17444,0.95,1.0,0.5806451612903225,1.0,1.0,0.0,0.0,0.0,0.0,1.0,1.0,1.0,0.0
1,17444,ocr,train,15,1.0,17444,0.972972972972973,0.9729729729729729,1.0,1.0,1.0,0.0,0.0,0.0,0.0,1.0,1.0,1.0,0.0
1,17444,transliteration,train,15,1.0,17444,0.9473684210526316,0.9473684210526315,0.9473684210526316,1.0,1.0,0.0,0.0,0.0,0.0,1.0,0.0,1.0,0.0
1,17444,sparse_attributes,train,15,1.0,17444,1.0,1.0,1.0,1.0,1.0,0.0,0.0,0.0,0.0,0.0,0.0,1.0,0.0
1,4594,exact,train,15,1.0,4594,1.0,1.0,1.0,1.0,1.0,0.0,0.0,0.0,0.0,0.0,1.0,1.0,0.0
1,4594,token_order,train,15,1.0,4594,0.95,1.0,0.5454545454545454,1.0,1.0,0.0,0.0,0.0,0.0,1.0,1.0,1.0,0.0
1,4594,ocr,train,15,1.0,4594,0.9473684210526316,0.9473684210526315,0.9473684210526316,1.0,1.0,0.0,0.0,0.0,0.0,1.0,1.0,1.0,0.0
1,4594,transliteration,train,15,1.0,4594,1.0,1.0,1.0,1.0,1.0,0.0,0.0,0.0,0.0,1.0,0.0,1.0,0.0
1,4594,sparse_attributes,train,15,1.0,4594,1.0,1.0,1.0,1.0,1.0,0.0,0.0,0.0,0.0,1.0,0.0,1.0,0.0
1,4594,official_alias,train,15,1.0,4594,1.0,1.0,1.0,1.0,1.0,0.0,0.0,0.0,0.0,1.0,1.0,1.0,1.0
1,2617,exact,train,15,1.0,2617,1.0,1.0,1.0,1.0,1.0,0.0,0.0,0.0,0.0,1.0,1.0,1.0,0.0
1,2617,token_order,train,15,1.0,2617,1.0,1.0,1.0,1.0,1.0,0.0,0.0,0.0,0.0,1.0,1.0,1.0,0.0
1,2617,ocr,train,15,1.0,2617,0.8333333333333335,0.8333333333333333,0.9090909090909091,0.0,1.0,0.0,0.0,0.0,0.0,1.0,0.0,1.0,0.0
1,2617,transliteration,train,15,1.0,2617,1.0,1.0,1.0,1.0,1.0,0.0,0.0,0.0,0.0,0.0,1.0,1.0,0.0
1,2617,sparse_attributes,train,15,1.0,2617,1.0,1.0,1.0,1.0,1.0,0.0,0.0,0.0,0.0,1.0,0.0,1.0,0.0
1,4976,exact,train,15,1.0,4976,1.0,1.0,1.0,1.0,1.0,0.0,0.0,1.0,0.0,1.0,0.0,1.0,0.0
1,4976,token_order,train,15,1.0,4976,0.95,1.0,0.6923076923076923,1.0,1.0,1.0,1.0,0.0,0.0,1.0,1.0,1.0,0.0
1,4976,ocr,train,15,1.0,4976,0.9696969696969697,0.9696969696969697,1.0,1.0,1.0,0.0,0.0,1.0,0.0,1.0,0.0,1.0,0.0
1,4976,transliteration,train,15,0.0,10183,0.6923076923076923,0.3846153846153846,0.75,0.0,1.0,0.0,0.0,0.0,0.0,1.0,1.0,1.0,0.0
1,4976,sparse_attributes,train,15,1.0,4976,1.0,1.0,1.0,1.0,1.0,0.0,0.0,0.0,0.0,1.0,0.0,1.0,0.0
1,4976,official_alias,train,15,1.0,4976,1.0,1.0,1.0,1.0,1.0,1.0,1.0,0.0,0.0,1.0,1.0,1.0,1.0
1,15496,exact,train,15,1.0,15496,1.0,1.0,1.0,1.0,1.0,0.0,0.0,0.0,0.0,1.0,1.0,1.0,0.0
1,15496,token_order,train,15,1.0,15496,0.95,1.0,0.8275862068965517,1.0,1.0,0.0,0.0,0.0,0.0,1.0,1.0,1.0,0.0
1,15496,ocr,train,15,1.0,15496,0.9375,0.9375,0.9375,1.0,1.0,0.0,0.0,0.0,0.0,0.0,1.0,1.0,0.0
1,15496,transliteration,train,15,1.0,15496,1.0,1.0,1.0,1.0,1.0,0.0,0.0,0.0,0.0,0.0,1.0,1.0,0.0
1,15496,sparse_attributes,train,15,1.0,15496,1.0,1.0,1.0,1.0,1.0,0.0,0.0,0.0,0.0,0.0,0.0,1.0,0.0
1,17508,exact,train,15,1.0,17508,1.0,1.0,1.0,1.0,1.0,1.0,1.0,1.0,1.0,1.0,1.0,1.0,0.0
1,17508,token_order,train,15,1.0,17508,0.95,1.0,0.5333333333333333,1.0,1.0,0.0,0.0,1.0,1.0,1.0,1.0,1.0,0.0
1,17508,ocr,train,15,1.0,17508,0.9655172413793103,0.9655172413793103,0.9655172413793103,0.5,1.0,1.0,1.0,1.0,1.0,0.0,0.0,1.0,0.0
1,17508,transliteration,train,15,1.0,17508,1.0,1.0,1.0,1.0,1.0,1.0,1.0,0.0,0.0,0.0,1.0,1.0,0.0
1,17508,sparse_attributes,train,15,1.0,17508,1.0,1.0,1.0,1.0,1.0,0.0,0.0,0.0,1.0,1.0,0.0,1.0,0.0
1,17508,official_alias,train,15,1.0,17508,1.0,1.0,1.0,1.0,1.0,1.0,1.0,0.0,1.0,1.0,0.0,1.0,1.0
1,8207,exact,train,15,1.0,8207,1.0,1.0,1.0,1.0,1.0,0.0,0.0,0.0,0.0,1.0,1.0,1.0,0.0
1,8207,token_order,train,15,1.0,8207,0.95,1.0,0.6363636363636364,1.0,1.0,0.0,0.0,0.0,0.0,1.0,1.0,1.0,0.0
1,8207,ocr,train,15,1.0,8207,0.96,0.96,0.96,0.75,1.0,0.0,0.0,0.0,0.0,1.0,1.0,1.0,0.0
1,8207,transliteration,train,15,1.0,8207,0.8695652173913043,0.6956521739130435,0.8571428571428572,0.0,1.0,0.0,0.0,0.0,0.0,1.0,1.0,1.0,0.0
1,8207,sparse_attributes,train,15,1.0,8207,1.0,1.0,1.0,1.0,1.0,0.0,0.0,0.0,0.0,0.0,0.0,1.0,0.0
1,8207,official_alias,train,15,1.0,8207,1.0,1.0,1.0,1.0,1.0,0.0,0.0,0.0,0.0,1.0,1.0,1.0,1.0
1,9492,exact,train,15,1.0,9492,1.0,1.0,1.0,1.0,1.0,0.0,0.0,0.0,0.0,1.0,1.0,1.0,0.0
1,9492,token_order,train,15,1.0,9492,0.95,1.0,0.6842105263157895,1.0,1.0,0.0,0.0,0.0,0.0,1.0,1.0,1.0,0.0
1,9492,ocr,train,15,1.0,9492,0.9583333333333335,0.9583333333333333,0.9583333333333335,0.75,1.0,0.0,0.0,0.0,0.0,1.0,1.0,1.0,0.0
1,9492,transliteration,train,15,1.0,9492,0.9333333333333332,0.4888888888888889,0.878048780487805,0.0,1.0,0.0,0.0,0.0,0.0,0.0,1.0,1.0,0.0
1,9492,sparse_attributes,train,15,1.0,9492,1.0,1.0,1.0,1.0,1.0,0.0,0.0,0.0,0.0,0.0,0.0,1.0,0.0
1,9492,official_alias,train,15,1.0,9492,1.0,1.0,1.0,1.0,1.0,0.0,0.0,0.0,0.0,1.0,0.0,1.0,1.0
1,79,exact,train,15,1.0,79,1.0,1.0,1.0,1.0,1.0,0.0,0.0,0.0,0.0,1.0,0.0,1.0,0.0
1,79,token_order,train,15,1.0,79,0.95,1.0,0.8421052631578947,1.0,1.0,0.0,0.0,0.0,0.0,1.0,0.0,1.0,0.0
1,79,ocr,train,15,1.0,79,0.9743589743589743,0.9743589743589743,1.0,0.6666666666666666,1.0,0.0,0.0,0.0,0.0,0.0,1.0,1.0,0.0
1,79,transliteration,train,15,1.0,79,1.0,1.0,1.0,1.0,1.0,0.0,0.0,0.0,0.0,0.0,1.0,1.0,0.0
1,79,sparse_attributes,train,15,1.0,79,1.0,1.0,1.0,1.0,1.0,0.0,0.0,0.0,0.0,0.0,0.0,1.0,0.0
1,79,official_alias,train,15,1.0,79,1.0,1.0,1.0,1.0,1.0,0.0,0.0,0.0,0.0,1.0,1.0,1.0,1.0
1,358,exact,train,15,1.0,358,1.0,1.0,1.0,1.0,1.0,1.0,1.0,0.0,0.0,0.0,0.0,1.0,0.0
1,358,token_order,train,15,1.0,358,0.95,1.0,0.625,1.0,1.0,1.0,1.0,0.0,0.0,1.0,1.0,1.0,0.0
1,358,ocr,train,15,1.0,358,0.9523809523809522,0.9523809523809524,1.0,0.5,1.0,0.0,0.0,0.0,0.0,1.0,0.0,1.0,0.0
1,358,transliteration,train,15,1.0,358,1.0,1.0,1.0,1.0,1.0,1.0,1.0,0.0,0.0,0.0,1.0,1.0,0.0
1,358,sparse_attributes,train,15,1.0,358,1.0,1.0,1.0,1.0,1.0,0.0,0.0,0.0,0.0,1.0,0.0,1.0,0.0
1,19101,exact,train,15,1.0,19101,1.0,1.0,1.0,1.0,1.0,0.0,0.0,0.0,0.0,1.0,1.0,1.0,0.0
1,19101,token_order,train,15,1.0,19101,0.95,1.0,0.6486486486486487,1.0,1.0,0.0,0.0,0.0,0.0,1.0,0.0,1.0,0.0
1,19101,ocr,train,15,1.0,19101,0.9777777777777777,0.9777777777777777,0.9767441860465115,1.0,1.0,0.0,0.0,0.0,0.0,1.0,1.0,1.0,0.0
1,19101,transliteration,train,15,1.0,19101,1.0,1.0,1.0,1.0,1.0,0.0,0.0,0.0,0.0,1.0,0.0,1.0,0.0
1,19101,sparse_attributes,train,15,1.0,19101,1.0,1.0,1.0,1.0,1.0,0.0,0.0,0.0,0.0,0.0,1.0,1.0,0.0
1,2696,exact,train,15,1.0,2696,1.0,1.0,1.0,1.0,1.0,0.0,0.0,0.0,0.0,1.0,1.0,1.0,0.0
1,2696,token_order,train,15,1.0,2696,0.95,1.0,0.5555555555555556,1.0,1.0,0.0,0.0,0.0,0.0,1.0,1.0,1.0,0.0
1,2696,ocr,train,15,1.0,2696,0.9523809523809522,0.9523809523809524,1.0,0.6666666666666666,1.0,0.0,0.0,0.0,0.0,1.0,0.0,1.0,0.0
1,2696,transliteration,train,15,1.0,2696,0.9,0.4,0.8235294117647058,0.0,1.0,0.0,0.0,0.0,0.0,1.0,1.0,1.0,0.0
1,2696,sparse_attributes,train,15,1.0,2696,1.0,1.0,1.0,1.0,1.0,0.0,0.0,0.0,0.0,1.0,0.0,1.0,0.0
1,2696,official_alias,train,15,1.0,2696,1.0,1.0,1.0,1.0,1.0,0.0,0.0,0.0,0.0,1.0,0.0,1.0,1.0
1,8686,exact,train,15,1.0,8686,1.0,1.0,1.0,1.0,1.0,1.0,1.0,0.0,1.0,1.0,1.0,1.0,0.0
1,8686,token_order,train,15,1.0,8686,0.95,1.0,0.5806451612903225,1.0,1.0,1.0,1.0,0.0,0.0,1.0,1.0,1.0,0.0
1,8686,ocr,train,15,1.0,8686,0.9777777777777777,0.9777777777777777,0.9545454545454546,1.0,1.0,1.0,1.0,0.0,0.0,1.0,0.0,1.0,0.0
1,8686,transliteration,train,15,1.0,8686,1.0,1.0,1.0,1.0,1.0,1.0,1.0,0.0,0.0,0.0,0.0,1.0,0.0
1,8686,sparse_attributes,train,15,1.0,8686,1.0,1.0,1.0,1.0,1.0,0.0,0.0,0.0,0.0,0.0,1.0,1.0,0.0
1,13722,exact,train,15,1.0,13722,1.0,1.0,1.0,1.0,1.0,0.0,0.0,0.0,0.0,1.0,1.0,1.0,0.0
1,13722,token_order,train,15,1.0,13722,0.95,1.0,0.7428571428571429,1.0,1.0,0.0,0.0,0.0,0.0,1.0,0.0,1.0,0.0
1,13722,ocr,train,15,1.0,13722,0.972972972972973,0.9729729729729729,1.0,0.6666666666666666,1.0,0.0,0.0,0.0,0.0,0.0,0.0,1.0,0.0
1,13722,transliteration,train,15,1.0,13722,1.0,1.0,1.0,1.0,1.0,0.0,0.0,0.0,0.0,1.0,0.0,1.0,0.0
1,13722,sparse_attributes,train,15,1.0,13722,1.0,1.0,1.0,1.0,1.0,0.0,0.0,0.0,0.0,1.0,1.0,1.0,0.0
1,13722,official_alias,train,15,1.0,13722,1.0,1.0,1.0,1.0,1.0,0.0,0.0,0.0,0.0,0.0,1.0,1.0,1.0
1,10114,exact,train,15,1.0,10114,1.0,1.0,1.0,1.0,1.0,0.0,0.0,0.0,0.0,1.0,1.0,1.0,0.0
1,10114,token_order,train,15,1.0,10114,0.95,1.0,0.7,1.0,1.0,0.0,0.0,0.0,0.0,0.0,0.0,1.0,0.0
1,10114,ocr,train,15,1.0,10114,0.9767441860465115,0.9767441860465117,0.9523809523809522,1.0,1.0,0.0,0.0,0.0,0.0,1.0,1.0,1.0,0.0
1,10114,transliteration,train,15,1.0,10114,0.9523809523809522,0.5714285714285715,0.9,1.0,1.0,0.0,0.0,0.0,0.0,1.0,1.0,1.0,0.0
1,10114,sparse_attributes,train,15,1.0,10114,1.0,1.0,1.0,1.0,1.0,0.0,0.0,0.0,0.0,0.0,0.0,1.0,0.0
1,12794,exact,train,15,1.0,12794,1.0,1.0,1.0,1.0,1.0,0.0,0.0,0.0,0.0,1.0,1.0,1.0,0.0
1,12794,token_order,train,15,1.0,12794,0.95,1.0,0.5,1.0,1.0,0.0,0.0,0.0,0.0,1.0,1.0,1.0,0.0
1,12794,ocr,train,15,1.0,12794,0.975609756097561,0.975609756097561,0.95,1.0,1.0,0.0,0.0,0.0,0.0,1.0,0.0,1.0,0.0
1,12794,transliteration,train,15,1.0,12794,0.95,0.6,0.8947368421052632,0.0,1.0,0.0,0.0,0.0,0.0,1.0,0.0,1.0,0.0
1,12794,sparse_attributes,train,15,1.0,12794,1.0,1.0,1.0,1.0,1.0,0.0,0.0,0.0,0.0,0.0,0.0,1.0,0.0
1,17487,exact,train,15,1.0,17487,1.0,1.0,1.0,1.0,1.0,0.0,0.0,0.0,0.0,1.0,1.0,1.0,0.0
1,17487,token_order,train,15,1.0,17487,0.95,1.0,0.6,1.0,1.0,0.0,0.0,0.0,0.0,1.0,1.0,1.0,0.0
1,17487,ocr,train,15,1.0,17487,0.962962962962963,0.9629629629629629,0.9811320754716981,0.8,1.0,0.0,0.0,0.0,0.0,1.0,1.0,1.0,0.0
1,17487,transliteration,train,15,1.0,17487,1.0,1.0,1.0,1.0,1.0,0.0,0.0,0.0,0.0,1.0,1.0,1.0,0.0
1,17487,sparse_attributes,train,15,1.0,17487,1.0,1.0,1.0,1.0,1.0,0.0,0.0,0.0,0.0,0.0,0.0,1.0,0.0
1,135,exact,train,15,1.0,135,1.0,1.0,1.0,1.0,1.0,0.0,0.0,1.0,0.0,1.0,1.0,1.0,0.0
1,135,token_order,train,15,1.0,135,0.95,1.0,0.8333333333333335,1.0,1.0,1.0,1.0,1.0,0.0,1.0,1.0,1.0,1.0
1,135,ocr,train,15,1.0,135,0.9523809523809522,0.9523809523809524,0.9523809523809522,1.0,1.0,1.0,1.0,0.0,0.0,1.0,1.0,1.0,0.0
1,135,transliteration,train,15,1.0,135,1.0,1.0,1.0,1.0,1.0,0.0,0.0,0.0,0.0,1.0,0.0,1.0,0.0
1,135,sparse_attributes,train,15,1.0,135,1.0,1.0,1.0,1.0,1.0,0.0,0.0,1.0,0.0,0.0,0.0,1.0,0.0
1,135,official_alias,train,15,1.0,135,1.0,1.0,1.0,1.0,1.0,1.0,1.0,0.0,0.0,1.0,0.0,1.0,1.0
1,10954,exact,train,15,1.0,10954,1.0,1.0,1.0,1.0,1.0,0.0,0.0,1.0,0.0,1.0,1.0,1.0,0.0
1,10954,token_order,train,15,1.0,10954,0.95,1.0,0.6666666666666667,1.0,1.0,1.0,1.0,0.0,1.0,1.0,1.0,1.0,0.0
1,10954,ocr,train,15,1.0,10954,0.9545454545454546,0.9545454545454546,0.9545454545454546,1.0,1.0,1.0,1.0,1.0,1.0,1.0,1.0,1.0,0.0
1,10954,transliteration,train,15,1.0,10954,1.0,1.0,1.0,1.0,1.0,0.0,0.0,1.0,1.0,1.0,1.0,1.0,0.0
1,10954,sparse_attributes,train,15,1.0,10954,1.0,1.0,1.0,1.0,1.0,0.0,0.0,0.0,1.0,0.0,0.0,1.0,0.0
1,10954,official_alias,train,15,1.0,10954,1.0,1.0,1.0,1.0,1.0,0.0,0.0,1.0,1.0,1.0,1.0,1.0,1.0
1,4456,exact,train,15,1.0,4456,1.0,1.0,1.0,1.0,1.0,0.0,0.0,0.0,0.0,1.0,1.0,1.0,0.0
1,4456,token_order,train,15,1.0,4456,0.95,1.0,0.679245283018868,1.0,1.0,0.0,0.0,0.0,0.0,1.0,1.0,1.0,0.0
1,4456,ocr,train,15,1.0,4456,0.9666666666666667,0.9666666666666667,0.9666666666666667,1.0,1.0,0.0,0.0,0.0,0.0,0.0,0.0,1.0,0.0
1,4456,transliteration,train,15,1.0,4456,1.0,1.0,1.0,1.0,1.0,0.0,0.0,0.0,0.0,1.0,0.0,1.0,0.0
1,4456,sparse_attributes,train,15,1.0,4456,1.0,1.0,1.0,1.0,1.0,0.0,0.0,0.0,0.0,0.0,0.0,1.0,0.0
1,4456,official_alias,train,15,1.0,4456,1.0,1.0,1.0,1.0,1.0,0.0,0.0,0.0,0.0,1.0,1.0,1.0,1.0
1,14972,exact,train,15,1.0,14972,1.0,1.0,1.0,1.0,1.0,0.0,0.0,0.0,0.0,1.0,0.0,1.0,0.0
1,14972,token_order,train,15,1.0,14972,0.95,1.0,0.5483870967741935,1.0,1.0,0.0,0.0,0.0,0.0,1.0,1.0,1.0,0.0
1,14972,ocr,train,15,1.0,14972,0.9736842105263157,0.9736842105263157,0.9736842105263157,1.0,1.0,0.0,0.0,0.0,0.0,1.0,1.0,1.0,0.0
1,14972,transliteration,train,15,1.0,14972,1.0,1.0,1.0,1.0,1.0,0.0,0.0,0.0,0.0,1.0,1.0,1.0,0.0
1,14972,sparse_attributes,train,15,1.0,14972,1.0,1.0,1.0,1.0,1.0,0.0,0.0,0.0,0.0,0.0,0.0,1.0,0.0
1,15664,exact,train,15,1.0,15664,1.0,1.0,1.0,1.0,1.0,0.0,0.0,0.0,0.0,1.0,0.0,1.0,0.0
1,15664,token_order,train,15,1.0,15664,0.95,1.0,0.5098039215686274,1.0,1.0,0.0,0.0,0.0,0.0,1.0,0.0,1.0,0.0
1,15664,ocr,train,15,1.0,15664,0.9850746268656717,0.9850746268656717,0.9846153846153847,1.0,1.0,0.0,0.0,0.0,0.0,1.0,1.0,1.0,0.0
1,15664,transliteration,train,15,1.0,15664,1.0,1.0,1.0,1.0,1.0,0.0,0.0,0.0,0.0,1.0,1.0,1.0,0.0
1,15664,sparse_attributes,train,15,1.0,15664,1.0,1.0,1.0,1.0,1.0,0.0,0.0,0.0,0.0,0.0,0.0,1.0,0.0
1,11906,exact,train,15,1.0,11906,1.0,1.0,1.0,1.0,1.0,0.0,0.0,0.0,0.0,1.0,0.0,1.0,0.0
1,11906,token_order,train,15,1.0,11906,0.95,1.0,0.6388888888888888,1.0,1.0,0.0,0.0,0.0,0.0,1.0,0.0,1.0,0.0
1,11906,ocr,train,15,1.0,11906,0.9761904761904762,0.9705882352941176,0.9761904761904762,1.0,1.0,0.0,0.0,0.0,0.0,1.0,1.0,1.0,0.0
1,11906,transliteration,train,15,1.0,11906,1.0,1.0,1.0,1.0,1.0,0.0,0.0,0.0,0.0,1.0,1.0,1.0,0.0
1,11906,sparse_attributes,train,15,1.0,11906,1.0,1.0,1.0,1.0,1.0,0.0,0.0,0.0,0.0,0.0,0.0,1.0,0.0
1,11906,official_alias,train,15,1.0,11906,1.0,1.0,1.0,1.0,1.0,0.0,0.0,0.0,0.0,1.0,0.0,1.0,1.0
1,13358,exact,train,15,1.0,13358,1.0,1.0,1.0,1.0,1.0,0.0,0.0,0.0,0.0,1.0,1.0,1.0,0.0
1,13358,token_order,train,15,1.0,13358,0.95,1.0,0.6122448979591837,1.0,1.0,0.0,0.0,0.0,0.0,0.0,1.0,1.0,0.0
1,13358,ocr,train,15,1.0,13358,0.967741935483871,0.967741935483871,0.967741935483871,0.75,1.0,0.0,0.0,0.0,0.0,1.0,1.0,1.0,0.0
1,13358,transliteration,train,15,1.0,13358,0.9491525423728814,0.4745762711864407,0.8928571428571429,1.0,1.0,0.0,0.0,0.0,0.0,1.0,0.0,1.0,0.0
1,13358,sparse_attributes,train,15,1.0,13358,1.0,1.0,1.0,1.0,1.0,0.0,0.0,0.0,0.0,0.0,0.0,1.0,0.0
1,8345,exact,train,15,1.0,8345,1.0,1.0,1.0,1.0,1.0,0.0,0.0,0.0,0.0,1.0,0.0,1.0,0.0
1,8345,token_order,train,15,1.0,8345,0.95,1.0,0.8,1.0,1.0,0.0,0.0,0.0,0.0,1.0,0.0,1.0,0.0
1,8345,ocr,train,15,1.0,8345,0.9090909090909091,0.9090909090909091,1.0,1.0,1.0,0.0,0.0,0.0,0.0,1.0,0.0,1.0,0.0
1,8345,transliteration,train,15,1.0,8345,1.0,1.0,1.0,1.0,1.0,0.0,0.0,0.0,0.0,1.0,1.0,1.0,0.0
1,8345,sparse_attributes,train,15,1.0,8345,1.0,1.0,1.0,1.0,1.0,0.0,0.0,0.0,0.0,1.0,0.0,1.0,0.0
1,8345,official_alias,train,15,1.0,8345,1.0,1.0,1.0,1.0,1.0,0.0,0.0,0.0,0.0,0.0,0.0,1.0,1.0
1,18600,exact,train,15,1.0,18600,1.0,1.0,1.0,1.0,1.0,0.0,0.0,0.0,0.0,1.0,1.0,1.0,0.0
1,18600,token_order,train,15,1.0,18600,0.95,1.0,0.5,1.0,1.0,0.0,0.0,0.0,0.0,0.0,1.0,1.0,0.0
1,18600,ocr,train,15,1.0,18600,0.9714285714285714,0.9714285714285714,0.9714285714285714,1.0,1.0,0.0,0.0,0.0,0.0,1.0,1.0,1.0,0.0
1,18600,transliteration,train,15,1.0,18600,1.0,1.0,1.0,1.0,1.0,0.0,0.0,0.0,0.0,1.0,1.0,1.0,0.0
1,18600,sparse_attributes,train,15,1.0,18600,1.0,1.0,1.0,1.0,1.0,0.0,0.0,0.0,0.0,0.0,1.0,1.0,0.0
1,12259,exact,train,15,1.0,12259,1.0,1.0,1.0,1.0,1.0,0.0,0.0,0.0,0.0,1.0,1.0,1.0,0.0
1,12259,token_order,train,15,1.0,12259,0.95,1.0,0.7878787878787878,1.0,1.0,0.0,0.0,0.0,1.0,1.0,1.0,1.0,0.0
1,12259,ocr,train,15,1.0,12259,0.975609756097561,0.975609756097561,0.95,1.0,1.0,1.0,1.0,0.0,1.0,0.0,1.0,1.0,0.0
1,12259,transliteration,train,15,1.0,12259,0.923076923076923,0.923076923076923,0.9189189189189189,0.5,1.0,0.0,0.0,0.0,1.0,1.0,0.0,1.0,0.0
1,12259,sparse_attributes,train,15,1.0,12259,1.0,1.0,1.0,1.0,1.0,1.0,1.0,0.0,0.0,0.0,1.0,1.0,0.0
1,12259,official_alias,train,15,1.0,12259,1.0,1.0,1.0,1.0,1.0,1.0,1.0,0.0,0.0,1.0,0.0,1.0,1.0
1,2097,exact,train,15,1.0,2097,1.0,1.0,1.0,1.0,1.0,0.0,0.0,0.0,1.0,0.0,1.0,1.0,0.0
1,2097,token_order,train,15,1.0,2097,0.95,1.0,0.6956521739130435,1.0,1.0,1.0,1.0,0.0,1.0,1.0,1.0,1.0,0.0
1,2097,ocr,train,15,1.0,2097,0.9333333333333332,0.9333333333333332,0.9333333333333332,1.0,1.0,0.0,0.0,0.0,1.0,1.0,1.0,1.0,0.0
1,2097,transliteration,train,15,1.0,2097,0.9655172413793103,0.9655172413793103,0.9285714285714286,1.0,1.0,1.0,1.0,0.0,1.0,1.0,1.0,1.0,0.0
1,2097,sparse_attributes,train,15,1.0,2097,1.0,1.0,1.0,1.0,1.0,0.0,0.0,0.0,0.0,1.0,0.0,1.0,0.0
1,2097,official_alias,train,15,1.0,2097,1.0,1.0,1.0,1.0,1.0,1.0,1.0,0.0,1.0,1.0,1.0,1.0,1.0
1,2924,exact,train,15,1.0,2924,1.0,1.0,1.0,1.0,1.0,1.0,1.0,1.0,0.0,0.0,1.0,1.0,0.0
1,2924,token_order,train,15,1.0,2924,0.95,1.0,0.631578947368421,1.0,1.0,1.0,1.0,1.0,0.0,0.0,1.0,1.0,0.0
1,2924,ocr,train,15,1.0,2924,0.923076923076923,0.923076923076923,0.923076923076923,0.5,1.0,1.0,1.0,1.0,0.0,1.0,1.0,1.0,0.0
1,2924,transliteration,train,15,1.0,2924,1.0,1.0,1.0,1.0,1.0,0.0,0.0,0.0,0.0,0.0,0.0,1.0,0.0
1,2924,sparse_attributes,train,15,1.0,2924,1.0,1.0,1.0,1.0,1.0,0.0,0.0,1.0,0.0,0.0,0.0,1.0,0.0
1,19121,exact,train,15,1.0,19121,1.0,1.0,1.0,1.0,1.0,0.0,0.0,0.0,0.0,1.0,0.0,1.0,0.0
1,19121,token_order,train,15,1.0,19121,0.95,1.0,0.6666666666666667,1.0,1.0,0.0,0.0,0.0,0.0,1.0,0.0,1.0,0.0
1,19121,ocr,train,15,1.0,19121,0.9,0.9,0.9,0.5,1.0,0.0,0.0,0.0,0.0,1.0,1.0,1.0,0.0
1,19121,transliteration,train,15,1.0,19121,0.9473684210526316,0.5263157894736842,0.8888888888888888,0.0,1.0,0.0,0.0,0.0,0.0,1.0,0.0,1.0,0.0
1,19121,sparse_attributes,train,15,1.0,19121,1.0,1.0,1.0,1.0,1.0,0.0,0.0,0.0,0.0,0.0,0.0,1.0,0.0
1,3659,exact,train,15,1.0,3659,1.0,1.0,1.0,1.0,1.0,1.0,1.0,0.0,0.0,1.0,1.0,1.0,0.0
1,3659,token_order,train,15,1.0,3659,0.95,1.0,0.6363636363636364,1.0,1.0,0.0,0.0,0.0,1.0,1.0,1.0,1.0,0.0
1,3659,ocr,train,15,1.0,3659,1.0,1.0,1.0,1.0,1.0,0.0,0.0,0.0,1.0,1.0,1.0,1.0,0.0
1,3659,transliteration,train,15,1.0,3659,0.9166666666666665,0.5833333333333334,0.8571428571428572,0.0,1.0,0.0,0.0,0.0,1.0,1.0,1.0,1.0,0.0
1,3659,sparse_attributes,train,15,1.0,3659,1.0,1.0,1.0,1.0,1.0,1.0,1.0,0.0,0.0,1.0,0.0,1.0,0.0
1,3659,official_alias,train,15,1.0,3659,1.0,1.0,1.0,1.0,1.0,1.0,1.0,0.0,1.0,0.0,1.0,1.0,1.0
1,11054,exact,train,15,1.0,11054,1.0,1.0,1.0,1.0,1.0,0.0,0.0,0.0,0.0,0.0,0.0,1.0,0.0
1,11054,token_order,train,15,1.0,11054,0.95,1.0,0.6,1.0,1.0,0.0,0.0,0.0,0.0,1.0,1.0,1.0,0.0
1,11054,ocr,train,15,1.0,11054,0.96,0.96,0.96,1.0,1.0,0.0,0.0,0.0,0.0,0.0,1.0,1.0,0.0
1,11054,transliteration,train,15,1.0,11054,1.0,1.0,1.0,1.0,1.0,0.0,0.0,0.0,0.0,0.0,0.0,1.0,0.0
1,11054,sparse_attributes,train,15,1.0,11054,1.0,1.0,1.0,1.0,1.0,0.0,0.0,0.0,0.0,0.0,0.0,1.0,0.0
1,11054,official_alias,train,15,1.0,11054,1.0,1.0,1.0,1.0,1.0,0.0,0.0,0.0,0.0,1.0,1.0,1.0,1.0
1,16456,exact,train,15,1.0,16456,1.0,1.0,1.0,1.0,1.0,0.0,0.0,0.0,0.0,1.0,1.0,1.0,0.0
1,16456,token_order,train,15,1.0,16456,0.95,1.0,0.5,1.0,1.0,0.0,0.0,0.0,0.0,1.0,0.0,1.0,0.0
1,16456,ocr,train,15,1.0,16456,0.9714285714285714,0.9714285714285714,0.9714285714285714,1.0,1.0,0.0,0.0,0.0,0.0,1.0,0.0,1.0,0.0
1,16456,transliteration,train,15,1.0,16456,0.9552238805970148,0.3880597014925373,0.90625,1.0,1.0,0.0,0.0,0.0,0.0,1.0,1.0,1.0,0.0
1,16456,sparse_attributes,train,15,1.0,16456,1.0,1.0,1.0,1.0,1.0,0.0,0.0,0.0,0.0,0.0,1.0,1.0,0.0
1,16456,official_alias,train,15,1.0,16456,1.0,1.0,1.0,1.0,1.0,0.0,0.0,0.0,0.0,1.0,1.0,1.0,1.0
1,9413,exact,train,15,1.0,9413,1.0,1.0,1.0,1.0,1.0,1.0,1.0,0.0,1.0,0.0,1.0,1.0,0.0
1,9413,token_order,train,15,1.0,9413,0.95,1.0,0.6538461538461539,1.0,1.0,0.0,0.0,0.0,1.0,1.0,1.0,1.0,0.0
1,9413,ocr,train,15,1.0,9413,0.9818181818181819,0.9818181818181819,0.962962962962963,0.6666666666666666,1.0,1.0,1.0,0.0,0.0,1.0,1.0,1.0,0.0
1,9413,transliteration,train,15,1.0,9413,0.8846153846153846,0.5,0.875,0.0,1.0,0.0,0.0,0.0,1.0,0.0,1.0,1.0,0.0
1,9413,sparse_attributes,train,15,1.0,9413,1.0,1.0,1.0,1.0,1.0,0.0,0.0,0.0,0.0,0.0,0.0,1.0,0.0
1,1463,exact,train,15,1.0,1463,1.0,1.0,1.0,1.0,1.0,0.0,0.0,0.0,0.0,1.0,1.0,1.0,0.0
1,1463,token_order,train,15,1.0,1463,0.95,1.0,0.576271186440678,1.0,1.0,0.0,0.0,0.0,0.0,1.0,0.0,1.0,0.0
1,1463,ocr,train,15,1.0,1463,0.967741935483871,0.967741935483871,0.967741935483871,0.6666666666666666,1.0,0.0,0.0,0.0,0.0,1.0,0.0,1.0,0.0
1,1463,transliteration,train,15,1.0,1463,1.0,1.0,1.0,1.0,1.0,0.0,0.0,0.0,0.0,1.0,1.0,1.0,0.0
1,1463,sparse_attributes,train,15,1.0,1463,1.0,1.0,1.0,1.0,1.0,0.0,0.0,0.0,0.0,0.0,0.0,1.0,0.0
1,1463,official_alias,train,15,1.0,1463,1.0,1.0,1.0,1.0,1.0,0.0,0.0,0.0,0.0,1.0,1.0,1.0,1.0
1,14285,exact,train,15,1.0,14285,1.0,1.0,1.0,1.0,1.0,0.0,0.0,0.0,0.0,1.0,0.0,1.0,0.0
1,14285,token_order,train,15,1.0,14285,0.95,1.0,0.5306122448979591,1.0,1.0,0.0,0.0,0.0,0.0,1.0,0.0,1.0,0.0
1,14285,ocr,train,15,1.0,14285,0.9846153846153847,0.9846153846153847,0.96875,1.0,1.0,0.0,0.0,0.0,0.0,1.0,1.0,1.0,0.0
1,14285,transliteration,train,15,1.0,14285,1.0,1.0,1.0,1.0,1.0,0.0,0.0,0.0,0.0,1.0,1.0,1.0,0.0
1,14285,sparse_attributes,train,15,1.0,14285,1.0,1.0,1.0,1.0,1.0,0.0,0.0,0.0,0.0,0.0,0.0,1.0,0.0
1,6226,exact,train,15,1.0,6226,1.0,1.0,1.0,1.0,1.0,1.0,1.0,1.0,0.0,1.0,0.0,1.0,0.0
1,6226,token_order,train,15,1.0,6226,0.95,1.0,0.631578947368421,1.0,1.0,1.0,1.0,0.0,0.0,1.0,0.0,1.0,0.0
1,6226,ocr,train,15,1.0,6226,0.96875,0.96875,0.96875,1.0,1.0,1.0,1.0,0.0,0.0,0.0,0.0,1.0,0.0
1,6226,transliteration,train,15,1.0,6226,0.923076923076923,0.923076923076923,0.9375,0.7142857142857143,1.0,1.0,1.0,1.0,0.0,0.0,1.0,1.0,0.0
1,6226,sparse_attributes,train,15,1.0,6226,1.0,1.0,1.0,1.0,1.0,1.0,1.0,1.0,0.0,0.0,0.0,1.0,0.0
1,2225,exact,train,15,1.0,2225,1.0,1.0,1.0,1.0,1.0,1.0,1.0,1.0,0.0,1.0,1.0,1.0,0.0
1,2225,token_order,train,15,1.0,2225,0.95,1.0,0.5660377358490566,1.0,1.0,1.0,1.0,0.0,0.0,1.0,1.0,1.0,0.0
1,2225,ocr,train,15,1.0,2225,0.9846153846153847,0.9846153846153847,0.96875,0.75,1.0,0.0,0.0,1.0,0.0,1.0,1.0,1.0,0.0
1,2225,transliteration,train,15,1.0,2225,1.0,1.0,1.0,1.0,1.0,1.0,1.0,1.0,0.0,1.0,1.0,1.0,0.0
1,2225,sparse_attributes,train,15,1.0,2225,1.0,1.0,1.0,1.0,1.0,0.0,0.0,0.0,0.0,1.0,0.0,1.0,0.0
1,1539,exact,train,15,1.0,1539,1.0,1.0,1.0,1.0,1.0,1.0,1.0,1.0,0.0,0.0,1.0,1.0,0.0
1,1539,token_order,train,15,1.0,1539,0.95,1.0,0.5614035087719298,1.0,1.0,1.0,1.0,1.0,1.0,1.0,1.0,1.0,0.0
1,1539,ocr,train,15,1.0,1539,0.9705882352941176,0.9705882352941176,0.9705882352941176,1.0,1.0,1.0,1.0,0.0,1.0,1.0,1.0,1.0,0.0
1,1539,transliteration,train,15,1.0,1539,0.9538461538461537,0.7384615384615384,0.9032258064516128,1.0,1.0,1.0,1.0,1.0,1.0,1.0,1.0,1.0,0.0
1,1539,sparse_attributes,train,15,1.0,1539,1.0,1.0,1.0,1.0,1.0,1.0,1.0,0.0,1.0,0.0,0.0,1.0,0.0
1,2523,exact,train,15,1.0,2523,1.0,1.0,1.0,1.0,1.0,1.0,1.0,0.0,0.0,1.0,1.0,1.0,0.0
1,2523,token_order,train,15,1.0,2523,0.95,1.0,0.5853658536585367,1.0,1.0,1.0,1.0,1.0,0.0,1.0,0.0,1.0,0.0
1,2523,ocr,train,15,1.0,2523,0.9787234042553191,0.9787234042553191,1.0,0.75,1.0,1.0,1.0,1.0,0.0,0.0,1.0,1.0,0.0
1,2523,transliteration,train,15,1.0,2523,1.0,1.0,1.0,1.0,1.0,1.0,1.0,1.0,0.0,0.0,1.0,1.0,0.0
1,2523,sparse_attributes,train,15,1.0,2523,1.0,1.0,1.0,1.0,1.0,0.0,0.0,0.0,0.0,0.0,0.0,1.0,0.0
1,10178,exact,train,15,1.0,10178,1.0,1.0,1.0,1.0,1.0,1.0,1.0,0.0,1.0,0.0,1.0,1.0,0.0
1,10178,token_order,train,15,1.0,10178,0.95,1.0,0.5625,1.0,1.0,1.0,1.0,1.0,1.0,0.0,1.0,1.0,0.0
1,10178,ocr,train,15,1.0,10178,0.9787234042553191,0.9787234042553191,0.9565217391304348,1.0,1.0,0.0,0.0,1.0,1.0,0.0,0.0,1.0,0.0
1,10178,transliteration,train,15,1.0,10178,0.9130434782608696,0.9130434782608695,0.9130434782608696,1.0,1.0,0.0,0.0,1.0,1.0,0.0,1.0,1.0,0.0
1,10178,sparse_attributes,train,15,1.0,10178,1.0,1.0,1.0,1.0,1.0,1.0,1.0,0.0,0.0,1.0,0.0,1.0,0.0
1,2717,exact,train,15,1.0,2717,1.0,1.0,1.0,1.0,1.0,1.0,1.0,0.0,0.0,0.0,1.0,1.0,0.0
1,2717,token_order,train,15,1.0,2717,0.95,1.0,0.6666666666666667,1.0,1.0,1.0,1.0,1.0,0.0,1.0,0.0,1.0,0.0
1,2717,ocr,train,15,1.0,2717,0.9655172413793103,0.9655172413793103,0.9285714285714286,1.0,1.0,1.0,1.0,1.0,0.0,1.0,1.0,1.0,0.0
1,2717,transliteration,train,15,1.0,2717,1.0,1.0,1.0,1.0,1.0,1.0,1.0,1.0,0.0,1.0,0.0,1.0,0.0
1,2717,sparse_attributes,train,15,1.0,2717,1.0,1.0,1.0,1.0,1.0,0.0,0.0,0.0,0.0,1.0,1.0,1.0,0.0
1,5704,exact,train,15,1.0,5704,1.0,1.0,1.0,1.0,1.0,0.0,0.0,0.0,0.0,0.0,1.0,1.0,0.0
1,5704,token_order,train,15,1.0,5704,0.95,1.0,0.6,1.0,1.0,0.0,0.0,0.0,0.0,1.0,1.0,1.0,0.0
1,5704,ocr,train,15,1.0,5704,0.9824561403508771,0.9824561403508772,0.9642857142857143,1.0,1.0,0.0,0.0,0.0,0.0,0.0,1.0,1.0,0.0
1,5704,transliteration,train,15,1.0,5704,0.9056603773584907,0.7924528301886792,0.8571428571428572,1.0,1.0,0.0,0.0,0.0,0.0,1.0,1.0,1.0,0.0
1,5704,sparse_attributes,train,15,1.0,5704,1.0,1.0,1.0,1.0,1.0,0.0,0.0,0.0,0.0,0.0,0.0,1.0,0.0
1,17536,exact,train,15,1.0,17536,1.0,1.0,1.0,1.0,1.0,0.0,0.0,0.0,0.0,0.0,1.0,1.0,0.0
1,17536,token_order,train,15,1.0,17536,0.95,1.0,0.5283018867924528,1.0,1.0,0.0,0.0,0.0,0.0,0.0,1.0,1.0,0.0
1,17536,ocr,train,15,1.0,17536,0.967741935483871,0.967741935483871,0.9836065573770492,0.8,1.0,0.0,0.0,0.0,0.0,0.0,1.0,1.0,0.0
1,17536,transliteration,train,15,1.0,17536,1.0,1.0,1.0,1.0,1.0,0.0,0.0,0.0,0.0,1.0,1.0,1.0,0.0
1,17536,sparse_attributes,train,15,1.0,17536,1.0,1.0,1.0,1.0,1.0,0.0,0.0,0.0,0.0,0.0,1.0,1.0,0.0
1,6126,exact,train,15,1.0,6126,1.0,1.0,1.0,1.0,1.0,1.0,1.0,1.0,0.0,1.0,1.0,1.0,0.0
1,6126,token_order,train,15,1.0,6126,0.95,1.0,0.7037037037037037,1.0,1.0,1.0,1.0,0.0,0.0,0.0,0.0,1.0,0.0
1,6126,ocr,train,15,1.0,6126,0.9859154929577465,0.9830508474576272,0.9714285714285714,1.0,1.0,0.0,0.0,1.0,0.0,0.0,1.0,1.0,0.0
1,6126,transliteration,train,15,1.0,6126,0.8787878787878788,0.5666666666666667,0.8387096774193549,1.0,1.0,0.0,0.0,1.0,0.0,1.0,0.0,1.0,0.0
1,6126,sparse_attributes,train,15,1.0,6126,1.0,1.0,1.0,1.0,1.0,1.0,1.0,1.0,0.0,0.0,0.0,1.0,0.0
1,17939,exact,train,15,1.0,17939,1.0,1.0,1.0,1.0,1.0,0.0,0.0,0.0,0.0,1.0,1.0,1.0,0.0
1,17939,token_order,train,15,1.0,17939,0.95,1.0,0.6923076923076923,1.0,1.0,0.0,0.0,0.0,0.0,0.0,0.0,1.0,0.0
1,17939,ocr,train,15,1.0,17939,0.9818181818181819,0.9818181818181819,0.962962962962963,1.0,1.0,0.0,0.0,0.0,0.0,1.0,1.0,1.0,0.0
1,17939,transliteration,train,15,1.0,17939,0.962962962962963,0.9629629629629629,0.962962962962963,1.0,1.0,0.0,0.0,0.0,0.0,1.0,0.0,1.0,0.0
1,17939,sparse_attributes,train,15,1.0,17939,1.0,1.0,1.0,1.0,1.0,0.0,0.0,0.0,0.0,0.0,0.0,1.0,0.0
1,19006,exact,train,15,1.0,19006,1.0,1.0,1.0,1.0,1.0,1.0,1.0,1.0,0.0,1.0,1.0,1.0,0.0
1,19006,token_order,train,15,1.0,19006,0.95,1.0,0.6341463414634146,1.0,1.0,1.0,1.0,1.0,1.0,0.0,1.0,1.0,0.0
1,19006,ocr,train,15,1.0,19006,0.9803921568627451,0.9803921568627452,0.96,1.0,1.0,1.0,1.0,1.0,1.0,1.0,1.0,1.0,0.0
1,19006,transliteration,train,15,1.0,19006,1.0,1.0,1.0,1.0,1.0,1.0,1.0,1.0,1.0,0.0,0.0,1.0,0.0
1,19006,sparse_attributes,train,15,1.0,19006,1.0,1.0,1.0,1.0,1.0,0.0,0.0,1.0,0.0,0.0,0.0,1.0,0.0
1,1748,exact,train,15,1.0,1748,1.0,1.0,1.0,1.0,1.0,1.0,1.0,1.0,0.0,1.0,0.0,1.0,0.0
1,1748,token_order,train,15,1.0,1748,0.95,1.0,0.6060606060606061,1.0,1.0,1.0,1.0,0.0,0.0,1.0,1.0,1.0,0.0
1,1748,ocr,train,15,1.0,1748,0.9863013698630136,0.9863013698630136,1.0,1.0,1.0,1.0,1.0,1.0,0.0,1.0,1.0,1.0,0.0
1,1748,transliteration,train,15,1.0,1748,0.9859154929577465,0.9859154929577465,0.9714285714285714,0.8333333333333334,1.0,0.0,0.0,1.0,0.0,1.0,0.0,1.0,0.0
1,1748,sparse_attributes,train,15,1.0,1748,1.0,1.0,1.0,1.0,1.0,0.0,0.0,0.0,0.0,0.0,0.0,1.0,0.0
1,1748,official_alias,train,15,1.0,1748,1.0,1.0,1.0,1.0,1.0,1.0,1.0,1.0,0.0,1.0,1.0,1.0,1.0
1,2204,exact,train,15,1.0,2204,1.0,1.0,1.0,1.0,1.0,0.0,0.0,0.0,0.0,1.0,1.0,1.0,0.0
1,2204,token_order,train,15,1.0,2204,0.95,1.0,0.5333333333333333,1.0,1.0,0.0,0.0,0.0,0.0,1.0,1.0,1.0,0.0
1,2204,ocr,train,15,1.0,2204,0.9722222222222221,0.9722222222222223,0.9722222222222221,1.0,1.0,0.0,0.0,0.0,0.0,1.0,0.0,1.0,0.0
1,2204,transliteration,train,15,1.0,2204,0.8923076923076922,0.5230769230769231,0.8620689655172413,1.0,1.0,0.0,0.0,0.0,0.0,1.0,1.0,1.0,0.0
1,2204,sparse_attributes,train,15,1.0,2204,1.0,1.0,1.0,1.0,1.0,0.0,0.0,0.0,0.0,0.0,0.0,1.0,0.0
1,2204,official_alias,train,15,1.0,2204,1.0,1.0,1.0,1.0,0.5,0.0,0.0,0.0,0.0,0.0,1.0,1.0,1.0
1,4946,exact,train,15,1.0,4946,1.0,1.0,1.0,1.0,1.0,0.0,0.0,0.0,0.0,1.0,1.0,1.0,0.0
1,4946,token_order,train,15,1.0,4946,0.95,1.0,0.6666666666666667,1.0,1.0,0.0,0.0,0.0,0.0,1.0,1.0,1.0,0.0
1,4946,ocr,train,15,0.0,2371,0.6666666666666667,0.6666666666666665,0.8,0.5,1.0,0.0,0.0,0.0,0.0,0.0,0.0,1.0,0.0
1,4946,transliteration,train,15,1.0,4946,1.0,1.0,1.0,1.0,1.0,0.0,0.0,0.0,0.0,1.0,1.0,1.0,0.0
1,4946,sparse_attributes,train,15,1.0,4946,1.0,1.0,1.0,1.0,1.0,0.0,0.0,0.0,0.0,0.0,1.0,1.0,0.0
1,5360,exact,train,15,1.0,5360,1.0,1.0,1.0,1.0,1.0,0.0,0.0,0.0,0.0,1.0,1.0,1.0,0.0
1,5360,token_order,train,15,1.0,5360,0.95,1.0,0.6666666666666667,1.0,1.0,0.0,0.0,0.0,0.0,1.0,1.0,1.0,0.0
1,5360,ocr,train,15,0.0,5411,1.0,1.0,1.0,1.0,1.0,0.0,0.0,0.0,0.0,1.0,1.0,1.0,0.0
1,5360,transliteration,train,15,1.0,5360,1.0,1.0,1.0,1.0,1.0,0.0,0.0,0.0,0.0,1.0,1.0,1.0,0.0
1,5360,sparse_attributes,train,15,1.0,5360,1.0,1.0,1.0,1.0,1.0,0.0,0.0,0.0,0.0,1.0,0.0,1.0,0.0
1,8486,exact,train,15,1.0,8486,1.0,1.0,1.0,1.0,1.0,1.0,1.0,0.0,1.0,0.0,1.0,1.0,0.0
1,8486,token_order,train,15,1.0,8486,0.95,1.0,0.5641025641025641,1.0,1.0,1.0,1.0,0.0,1.0,1.0,1.0,1.0,0.0
1,8486,ocr,train,15,1.0,8486,0.9642857142857143,0.9642857142857143,0.9642857142857143,0.6666666666666666,1.0,0.0,0.0,0.0,1.0,1.0,1.0,1.0,0.0
1,8486,transliteration,train,15,1.0,8486,0.9818181818181819,0.9818181818181819,0.962962962962963,0.6666666666666666,1.0,1.0,1.0,0.0,1.0,1.0,1.0,1.0,0.0
1,8486,sparse_attributes,train,15,1.0,8486,1.0,1.0,1.0,1.0,1.0,0.0,0.0,0.0,1.0,0.0,0.0,1.0,0.0
1,11803,exact,train,15,1.0,11803,1.0,1.0,1.0,1.0,1.0,1.0,1.0,0.0,1.0,1.0,1.0,1.0,0.0
1,11803,token_order,train,15,1.0,11803,0.95,1.0,0.7272727272727273,1.0,1.0,1.0,1.0,0.0,1.0,1.0,1.0,1.0,0.0
1,11803,ocr,train,15,1.0,11803,0.9795918367346939,0.9795918367346939,0.9583333333333335,1.0,1.0,0.0,0.0,0.0,1.0,0.0,1.0,1.0,0.0
1,11803,transliteration,train,15,1.0,11803,0.9565217391304348,0.6956521739130435,0.9090909090909091,0.0,1.0,1.0,1.0,0.0,1.0,1.0,1.0,1.0,0.0
1,11803,sparse_attributes,train,15,1.0,11803,1.0,1.0,1.0,1.0,1.0,0.0,0.0,0.0,0.0,0.0,0.0,1.0,0.0
1,11803,official_alias,train,15,1.0,11803,1.0,1.0,1.0,1.0,1.0,0.0,0.0,0.0,1.0,1.0,0.0,1.0,1.0
1,8916,exact,train,15,1.0,8916,1.0,1.0,1.0,1.0,1.0,0.0,0.0,0.0,0.0,1.0,1.0,1.0,0.0
1,8916,token_order,train,15,1.0,8916,0.95,1.0,0.5277777777777778,1.0,1.0,0.0,0.0,0.0,0.0,1.0,1.0,1.0,0.0
1,8916,ocr,train,15,1.0,8916,0.9894736842105263,0.9894736842105263,1.0,0.8333333333333334,1.0,0.0,0.0,0.0,0.0,0.0,1.0,1.0,0.0
1,8916,transliteration,train,15,1.0,8916,0.9333333333333332,0.7111111111111111,0.8809523809523809,0.0,1.0,0.0,0.0,0.0,0.0,0.0,1.0,1.0,0.0
1,8916,sparse_attributes,train,15,1.0,8916,1.0,1.0,1.0,1.0,1.0,0.0,0.0,0.0,0.0,0.0,0.0,1.0,0.0
1,8916,official_alias,train,15,1.0,8916,1.0,1.0,1.0,1.0,1.0,0.0,0.0,0.0,0.0,1.0,1.0,1.0,1.0
1,14886,exact,train,15,1.0,14886,1.0,1.0,1.0,1.0,1.0,0.0,0.0,0.0,0.0,0.0,0.0,1.0,0.0
1,14886,token_order,train,15,1.0,14886,0.95,1.0,0.7428571428571429,1.0,1.0,0.0,0.0,0.0,0.0,0.0,1.0,1.0,0.0
1,14886,ocr,train,15,1.0,14886,0.9545454545454546,0.9545454545454546,0.9545454545454546,0.6666666666666666,1.0,0.0,0.0,0.0,0.0,1.0,0.0,1.0,0.0
1,14886,transliteration,train,15,1.0,14886,0.9047619047619048,0.7619047619047619,0.85,1.0,1.0,0.0,0.0,0.0,0.0,0.0,1.0,1.0,0.0
1,14886,sparse_attributes,train,15,1.0,14886,1.0,1.0,1.0,1.0,1.0,0.0,0.0,0.0,0.0,1.0,1.0,1.0,0.0
1,14886,official_alias,train,15,1.0,14886,1.0,1.0,1.0,1.0,1.0,0.0,0.0,0.0,0.0,1.0,1.0,1.0,1.0
1,11020,exact,train,15,1.0,11020,1.0,1.0,1.0,1.0,1.0,0.0,0.0,0.0,0.0,1.0,0.0,1.0,0.0
1,11020,token_order,train,15,1.0,11020,0.95,1.0,0.6956521739130435,1.0,1.0,0.0,0.0,0.0,0.0,1.0,1.0,1.0,0.0
1,11020,ocr,train,15,1.0,11020,0.9803921568627451,0.9803921568627452,0.96,0.6666666666666666,1.0,0.0,0.0,0.0,0.0,1.0,1.0,1.0,0.0
1,11020,transliteration,train,15,1.0,11020,1.0,1.0,1.0,1.0,1.0,0.0,0.0,0.0,0.0,1.0,1.0,1.0,0.0
1,11020,sparse_attributes,train,15,1.0,11020,1.0,1.0,1.0,1.0,1.0,0.0,0.0,0.0,0.0,1.0,0.0,1.0,0.0
1,11911,exact,train,15,1.0,11911,1.0,1.0,1.0,1.0,1.0,0.0,0.0,0.0,0.0,1.0,1.0,1.0,0.0
1,11911,token_order,train,15,1.0,11911,0.95,1.0,0.5714285714285714,1.0,1.0,0.0,0.0,0.0,0.0,0.0,1.0,1.0,0.0
1,11911,ocr,train,15,1.0,11911,0.9818181818181819,0.9818181818181819,0.9818181818181819,1.0,1.0,0.0,0.0,0.0,0.0,1.0,1.0,1.0,0.0
1,11911,transliteration,train,15,1.0,11911,0.9333333333333332,0.5714285714285715,0.9,1.0,1.0,0.0,0.0,0.0,0.0,0.0,1.0,1.0,0.0
1,11911,sparse_attributes,train,15,1.0,11911,1.0,1.0,1.0,1.0,1.0,0.0,0.0,0.0,0.0,0.0,1.0,1.0,0.0
1,11911,official_alias,train,15,1.0,11911,1.0,1.0,1.0,1.0,1.0,0.0,0.0,0.0,0.0,1.0,1.0,1.0,1.0
1,18865,exact,train,15,1.0,18865,1.0,1.0,1.0,1.0,1.0,0.0,0.0,0.0,0.0,1.0,1.0,1.0,0.0
1,18865,token_order,train,15,1.0,18865,0.95,1.0,0.5714285714285714,1.0,1.0,0.0,0.0,0.0,0.0,1.0,1.0,1.0,0.0
1,18865,ocr,train,15,1.0,18865,0.9824561403508771,0.9824561403508772,0.9642857142857143,1.0,1.0,0.0,0.0,0.0,0.0,1.0,1.0,1.0,0.0
1,18865,transliteration,train,15,1.0,18865,1.0,1.0,1.0,1.0,1.0,0.0,0.0,0.0,0.0,0.0,1.0,1.0,0.0
1,18865,sparse_attributes,train,15,1.0,18865,1.0,1.0,1.0,1.0,1.0,0.0,0.0,0.0,0.0,0.0,1.0,1.0,0.0
1,15805,exact,train,15,1.0,15805,1.0,1.0,1.0,1.0,1.0,1.0,1.0,1.0,1.0,1.0,1.0,1.0,0.0
1,15805,token_order,train,15,1.0,15805,0.95,1.0,0.6382978723404256,1.0,1.0,1.0,1.0,0.0,1.0,0.0,1.0,1.0,0.0
1,15805,ocr,train,15,1.0,15805,0.9666666666666667,0.9666666666666667,0.9666666666666667,0.75,1.0,0.0,0.0,0.0,1.0,1.0,0.0,1.0,0.0
1,15805,transliteration,train,15,1.0,15805,1.0,1.0,1.0,1.0,1.0,1.0,1.0,1.0,1.0,1.0,1.0,1.0,0.0
1,15805,sparse_attributes,train,15,1.0,15805,1.0,1.0,1.0,1.0,1.0,0.0,0.0,0.0,0.0,1.0,0.0,1.0,0.0
1,251,exact,train,15,1.0,251,1.0,1.0,1.0,1.0,1.0,0.0,0.0,0.0,0.0,1.0,1.0,1.0,0.0
1,251,token_order,train,15,1.0,251,0.95,1.0,0.65,1.0,1.0,0.0,0.0,0.0,0.0,1.0,0.0,1.0,0.0
1,251,ocr,train,15,1.0,251,0.962962962962963,0.9629629629629629,0.962962962962963,0.3333333333333333,1.0,0.0,0.0,0.0,0.0,1.0,1.0,1.0,0.0
1,251,transliteration,train,15,1.0,251,0.9411764705882352,0.7450980392156863,0.875,0.0,1.0,0.0,0.0,0.0,0.0,1.0,0.0,1.0,0.0
1,251,sparse_attributes,train,15,1.0,251,1.0,1.0,1.0,1.0,1.0,0.0,0.0,0.0,0.0,1.0,0.0,1.0,0.0
1,13573,exact,cal,15,1.0,13573,1.0,1.0,1.0,1.0,1.0,0.0,0.0,1.0,1.0,1.0,1.0,1.0,0.0
1,13573,token_order,cal,15,1.0,13573,0.95,1.0,0.6086956521739131,1.0,1.0,0.0,0.0,1.0,1.0,1.0,0.0,1.0,0.0
1,13573,ocr,cal,15,1.0,13573,0.96,0.96,0.96,1.0,1.0,1.0,1.0,1.0,1.0,1.0,1.0,1.0,0.0
1,13573,transliteration,cal,15,1.0,13573,1.0,1.0,1.0,1.0,1.0,0.0,0.0,1.0,1.0,1.0,1.0,1.0,0.0
1,13573,sparse_attributes,cal,15,1.0,13573,1.0,1.0,1.0,1.0,1.0,1.0,1.0,0.0,0.0,1.0,0.0,1.0,0.0
1,381,exact,cal,15,1.0,381,1.0,1.0,1.0,1.0,1.0,0.0,0.0,1.0,0.0,1.0,1.0,1.0,0.0
1,381,token_order,cal,15,1.0,381,0.95,1.0,0.6666666666666667,1.0,1.0,1.0,1.0,1.0,0.0,1.0,1.0,1.0,0.0
1,381,ocr,cal,15,1.0,381,0.9565217391304348,0.9565217391304348,1.0,0.5,1.0,0.0,0.0,1.0,0.0,1.0,0.0,1.0,0.0
1,381,transliteration,cal,15,1.0,381,1.0,1.0,1.0,1.0,1.0,1.0,1.0,1.0,0.0,1.0,1.0,1.0,0.0
1,381,sparse_attributes,cal,15,1.0,381,1.0,1.0,1.0,1.0,1.0,0.0,0.0,0.0,0.0,0.0,0.0,1.0,0.0
1,1830,exact,cal,15,1.0,1830,1.0,1.0,1.0,1.0,1.0,0.0,0.0,0.0,0.0,0.0,1.0,1.0,0.0
1,1830,token_order,cal,15,1.0,1830,0.95,1.0,0.7017543859649122,1.0,1.0,0.0,0.0,0.0,0.0,1.0,1.0,1.0,0.0
1,1830,ocr,cal,15,1.0,1830,0.9863013698630136,0.9863013698630136,0.9722222222222221,1.0,1.0,0.0,0.0,0.0,0.0,1.0,1.0,1.0,0.0
1,1830,transliteration,cal,15,1.0,1830,0.9253731343283582,0.5074626865671642,0.9032258064516128,1.0,1.0,0.0,0.0,0.0,0.0,1.0,1.0,1.0,0.0
1,1830,sparse_attributes,cal,15,1.0,1830,1.0,1.0,1.0,1.0,1.0,0.0,0.0,0.0,0.0,0.0,0.0,1.0,0.0
1,1830,official_alias,cal,15,1.0,1830,1.0,1.0,1.0,1.0,1.0,0.0,0.0,0.0,0.0,1.0,0.0,1.0,1.0
1,16784,exact,cal,15,1.0,16784,1.0,1.0,1.0,1.0,1.0,0.0,0.0,0.0,0.0,1.0,1.0,1.0,0.0
1,16784,token_order,cal,15,1.0,16784,0.95,1.0,0.5714285714285714,1.0,1.0,0.0,0.0,0.0,0.0,1.0,1.0,1.0,0.0
1,16784,ocr,cal,15,1.0,16784,0.9841269841269842,0.9841269841269842,1.0,1.0,1.0,0.0,0.0,0.0,0.0,0.0,1.0,1.0,0.0
1,16784,transliteration,cal,15,1.0,16784,1.0,1.0,1.0,1.0,1.0,0.0,0.0,0.0,0.0,1.0,0.0,1.0,0.0
1,16784,sparse_attributes,cal,15,1.0,16784,1.0,1.0,1.0,1.0,1.0,0.0,0.0,0.0,0.0,0.0,1.0,1.0,0.0
1,16784,official_alias,cal,15,1.0,16784,1.0,1.0,1.0,1.0,1.0,0.0,0.0,0.0,0.0,0.0,1.0,1.0,1.0
1,17024,exact,cal,15,1.0,17024,1.0,1.0,1.0,1.0,1.0,0.0,0.0,0.0,0.0,1.0,0.0,1.0,0.0
1,17024,token_order,cal,15,1.0,17024,1.0,1.0,1.0,1.0,1.0,0.0,0.0,0.0,0.0,1.0,0.0,1.0,0.0
1,17024,ocr,cal,15,1.0,17024,0.9090909090909091,0.9090909090909091,0.8888888888888888,1.0,1.0,0.0,0.0,0.0,0.0,0.0,1.0,1.0,0.0
1,17024,transliteration,cal,15,1.0,17024,1.0,1.0,1.0,1.0,1.0,0.0,0.0,0.0,0.0,1.0,1.0,1.0,0.0
1,17024,sparse_attributes,cal,15,1.0,17024,1.0,1.0,1.0,1.0,1.0,0.0,0.0,0.0,0.0,0.0,0.0,1.0,0.0
1,2069,exact,cal,15,1.0,2069,1.0,1.0,1.0,1.0,1.0,0.0,0.0,1.0,0.0,1.0,1.0,1.0,0.0
1,2069,token_order,cal,15,1.0,2069,0.95,1.0,0.6470588235294117,1.0,1.0,1.0,1.0,1.0,0.0,0.0,1.0,1.0,0.0
1,2069,ocr,cal,15,1.0,2069,0.9743589743589743,0.9743589743589743,0.972972972972973,1.0,1.0,0.0,0.0,1.0,0.0,1.0,0.0,1.0,0.0
1,2069,transliteration,cal,15,1.0,2069,1.0,1.0,1.0,1.0,1.0,1.0,1.0,1.0,0.0,0.0,1.0,1.0,0.0
1,2069,sparse_attributes,cal,15,1.0,2069,1.0,1.0,1.0,1.0,1.0,0.0,0.0,0.0,0.0,0.0,0.0,1.0,0.0
1,12617,exact,cal,15,1.0,12617,1.0,1.0,1.0,1.0,1.0,0.0,0.0,0.0,0.0,1.0,1.0,1.0,0.0
1,12617,token_order,cal,15,1.0,12617,0.95,1.0,0.6097560975609756,1.0,1.0,0.0,0.0,0.0,0.0,0.0,1.0,1.0,0.0
1,12617,ocr,cal,15,1.0,12617,0.9811320754716981,0.9811320754716981,0.9811320754716981,1.0,1.0,0.0,0.0,0.0,0.0,1.0,1.0,1.0,0.0
1,12617,transliteration,cal,15,1.0,12617,0.9714285714285714,0.9714285714285714,0.9615384615384616,0.8,1.0,0.0,0.0,0.0,0.0,1.0,1.0,1.0,0.0
1,12617,sparse_attributes,cal,15,1.0,12617,1.0,1.0,1.0,1.0,1.0,0.0,0.0,0.0,0.0,1.0,0.0,1.0,0.0
1,12617,official_alias,cal,15,1.0,12617,1.0,1.0,1.0,1.0,1.0,0.0,0.0,0.0,0.0,1.0,1.0,1.0,1.0
1,7788,exact,cal,15,1.0,7788,1.0,1.0,1.0,1.0,1.0,0.0,0.0,0.0,0.0,1.0,1.0,1.0,0.0
1,7788,token_order,cal,15,1.0,7788,0.95,1.0,0.5454545454545454,1.0,1.0,0.0,0.0,0.0,0.0,1.0,1.0,1.0,0.0
1,7788,ocr,cal,15,1.0,7788,0.962962962962963,0.9629629629629629,0.96,1.0,1.0,0.0,0.0,0.0,0.0,1.0,0.0,1.0,0.0
1,7788,transliteration,cal,15,1.0,7788,1.0,1.0,1.0,1.0,1.0,0.0,0.0,0.0,0.0,1.0,1.0,1.0,0.0
1,7788,sparse_attributes,cal,15,1.0,7788,1.0,1.0,1.0,1.0,1.0,0.0,0.0,0.0,0.0,0.0,0.0,1.0,0.0
1,3899,exact,cal,15,1.0,3899,1.0,1.0,1.0,1.0,1.0,0.0,0.0,0.0,0.0,1.0,1.0,1.0,0.0
1,3899,token_order,cal,15,1.0,3899,0.95,1.0,0.7058823529411764,1.0,1.0,1.0,1.0,0.0,1.0,1.0,1.0,1.0,0.0
1,3899,ocr,cal,15,1.0,3899,0.9090909090909091,0.9090909090909091,0.9523809523809522,1.0,1.0,0.0,0.0,0.0,1.0,1.0,0.0,1.0,0.0
1,3899,transliteration,cal,15,1.0,3899,1.0,1.0,1.0,1.0,1.0,1.0,1.0,0.0,0.0,1.0,0.0,1.0,0.0
1,3899,sparse_attributes,cal,15,1.0,3899,1.0,1.0,1.0,1.0,1.0,0.0,0.0,0.0,0.0,0.0,0.0,1.0,0.0
1,16816,exact,cal,15,1.0,16816,1.0,1.0,1.0,1.0,1.0,0.0,0.0,0.0,0.0,0.0,1.0,1.0,0.0
1,16816,token_order,cal,15,1.0,16816,0.95,1.0,0.48484848484848486,1.0,1.0,0.0,0.0,0.0,0.0,1.0,1.0,1.0,0.0
1,16816,ocr,cal,15,1.0,16816,0.96,0.96,0.96,1.0,1.0,0.0,0.0,0.0,0.0,1.0,1.0,1.0,0.0
1,16816,transliteration,cal,15,1.0,16816,0.9361702127659575,0.5957446808510638,0.8837209302325582,1.0,1.0,0.0,0.0,0.0,0.0,0.0,1.0,1.0,0.0
1,16816,sparse_attributes,cal,15,1.0,16816,1.0,1.0,1.0,1.0,1.0,0.0,0.0,0.0,0.0,0.0,0.0,1.0,0.0
1,10165,exact,cal,15,1.0,10165,1.0,1.0,1.0,1.0,1.0,1.0,1.0,0.0,1.0,0.0,1.0,1.0,0.0
1,10165,token_order,cal,15,1.0,10165,0.95,1.0,0.5142857142857142,1.0,1.0,0.0,0.0,1.0,0.0,1.0,1.0,1.0,0.0
1,10165,ocr,cal,15,1.0,10165,0.9743589743589743,0.9743589743589743,0.9473684210526316,1.0,1.0,1.0,1.0,1.0,0.0,1.0,1.0,1.0,0.0
1,10165,transliteration,cal,15,1.0,10165,0.9444444444444444,0.6666666666666665,0.8823529411764706,0.0,1.0,1.0,1.0,1.0,0.0,0.0,1.0,1.0,0.0
1,10165,sparse_attributes,cal,15,1.0,10165,1.0,1.0,1.0,1.0,1.0,0.0,0.0,0.0,0.0,1.0,0.0,1.0,0.0
1,17964,exact,cal,15,1.0,17964,1.0,1.0,1.0,1.0,1.0,1.0,1.0,0.0,1.0,1.0,1.0,1.0,0.0
1,17964,token_order,cal,15,1.0,17964,0.95,1.0,0.7741935483870968,1.0,1.0,1.0,1.0,0.0,0.0,1.0,1.0,1.0,0.0
1,17964,ocr,cal,15,1.0,17964,0.9696969696969697,0.9696969696969697,0.9375,1.0,1.0,1.0,1.0,0.0,1.0,1.0,0.0,1.0,0.0
1,17964,transliteration,cal,15,1.0,17964,1.0,1.0,1.0,1.0,1.0,1.0,1.0,0.0,1.0,1.0,1.0,1.0,0.0
1,17964,sparse_attributes,cal,15,1.0,17964,1.0,1.0,1.0,1.0,1.0,1.0,1.0,0.0,0.0,0.0,0.0,1.0,0.0
1,17964,official_alias,cal,15,1.0,17964,1.0,1.0,1.0,1.0,1.0,1.0,1.0,0.0,1.0,1.0,1.0,1.0,1.0
1,16382,exact,cal,15,1.0,16382,1.0,1.0,1.0,1.0,1.0,0.0,0.0,0.0,0.0,1.0,1.0,1.0,0.0
1,16382,token_order,cal,15,1.0,16382,0.95,1.0,0.5074626865671642,1.0,1.0,0.0,0.0,0.0,0.0,1.0,1.0,1.0,0.0
1,16382,ocr,cal,15,1.0,16382,0.9863013698630136,0.9863013698630136,0.9722222222222221,1.0,1.0,0.0,0.0,0.0,0.0,1.0,1.0,1.0,0.0
1,16382,transliteration,cal,15,1.0,16382,1.0,1.0,1.0,1.0,1.0,0.0,0.0,0.0,0.0,0.0,1.0,1.0,0.0
1,16382,sparse_attributes,cal,15,1.0,16382,1.0,1.0,1.0,1.0,1.0,0.0,0.0,0.0,0.0,0.0,0.0,1.0,0.0
1,16382,official_alias,cal,15,1.0,16382,1.0,1.0,1.0,1.0,1.0,0.0,0.0,0.0,0.0,1.0,1.0,1.0,1.0
1,18814,exact,cal,15,1.0,18814,1.0,1.0,1.0,1.0,1.0,0.0,0.0,0.0,0.0,1.0,1.0,1.0,0.0
1,18814,token_order,cal,15,1.0,18814,0.95,1.0,0.736842105263158,1.0,1.0,0.0,0.0,0.0,0.0,1.0,1.0,1.0,0.0
1,18814,ocr,cal,15,1.0,18814,0.9565217391304348,0.9565217391304348,1.0,0.5,1.0,0.0,0.0,0.0,0.0,1.0,1.0,1.0,0.0
1,18814,transliteration,cal,15,1.0,18814,0.9565217391304348,0.9565217391304348,0.9090909090909091,1.0,1.0,0.0,0.0,0.0,0.0,0.0,1.0,1.0,0.0
1,18814,sparse_attributes,cal,15,1.0,18814,1.0,1.0,1.0,1.0,1.0,0.0,0.0,0.0,0.0,0.0,0.0,1.0,0.0
1,15739,exact,cal,15,1.0,15739,1.0,1.0,1.0,1.0,1.0,0.0,0.0,0.0,0.0,1.0,1.0,1.0,0.0
1,15739,token_order,cal,15,1.0,15739,1.0,1.0,1.0,1.0,1.0,0.0,0.0,0.0,0.0,1.0,1.0,1.0,0.0
1,15739,ocr,cal,15,1.0,15739,0.8333333333333335,0.8333333333333333,0.8333333333333335,1.0,1.0,0.0,0.0,0.0,0.0,1.0,1.0,1.0,0.0
1,15739,transliteration,cal,15,1.0,15739,1.0,1.0,1.0,1.0,1.0,0.0,0.0,0.0,0.0,1.0,1.0,1.0,0.0
1,15739,sparse_attributes,cal,15,1.0,15739,1.0,1.0,1.0,1.0,1.0,0.0,0.0,0.0,0.0,0.0,1.0,1.0,0.0
1,1701,exact,cal,15,1.0,1701,1.0,1.0,1.0,1.0,1.0,1.0,1.0,1.0,1.0,1.0,1.0,1.0,0.0
1,1701,token_order,cal,15,1.0,1701,0.95,1.0,0.5185185185185186,1.0,1.0,0.0,0.0,1.0,0.0,1.0,1.0,1.0,0.0
1,1701,ocr,cal,15,1.0,1701,0.9841269841269842,0.9841269841269842,0.967741935483871,1.0,1.0,1.0,1.0,0.0,1.0,1.0,1.0,1.0,0.0
1,1701,transliteration,cal,15,1.0,1701,1.0,1.0,1.0,1.0,1.0,1.0,1.0,1.0,0.0,1.0,1.0,1.0,0.0
1,1701,sparse_attributes,cal,15,1.0,1701,1.0,1.0,1.0,1.0,1.0,0.0,0.0,0.0,0.0,1.0,1.0,1.0,0.0
1,6483,exact,cal,15,1.0,6483,1.0,1.0,1.0,1.0,1.0,0.0,0.0,0.0,0.0,1.0,1.0,1.0,0.0
1,6483,token_order,cal,15,1.0,6483,1.0,1.0,1.0,1.0,1.0,0.0,0.0,0.0,0.0,1.0,1.0,1.0,0.0
1,6483,ocr,cal,15,0.0,86,0.30000000000000004,0.08695652173913046,0.33333333333333337,1.0,1.0,0.0,0.0,0.0,0.0,1.0,1.0,0.0,1.0
1,6483,transliteration,cal,15,1.0,6483,1.0,1.0,1.0,1.0,1.0,0.0,0.0,0.0,0.0,1.0,1.0,1.0,0.0
1,6483,sparse_attributes,cal,15,1.0,6483,1.0,1.0,1.0,1.0,1.0,0.0,0.0,0.0,0.0,0.0,0.0,1.0,0.0
1,6763,exact,cal,15,1.0,6763,1.0,1.0,1.0,1.0,1.0,1.0,1.0,1.0,1.0,1.0,0.0,1.0,0.0
1,6763,token_order,cal,15,1.0,6763,0.95,1.0,0.5957446808510638,1.0,1.0,0.0,0.0,1.0,0.0,0.0,0.0,1.0,0.0
1,6763,ocr,cal,15,1.0,6763,0.9818181818181819,0.9818181818181819,0.962962962962963,1.0,1.0,1.0,1.0,0.0,1.0,1.0,0.0,1.0,0.0
1,6763,transliteration,cal,15,1.0,6763,1.0,1.0,1.0,1.0,1.0,0.0,0.0,1.0,1.0,1.0,0.0,1.0,0.0
1,6763,sparse_attributes,cal,15,1.0,6763,1.0,1.0,1.0,1.0,1.0,0.0,0.0,0.0,0.0,0.0,0.0,1.0,0.0
1,13885,exact,cal,15,1.0,13885,1.0,1.0,1.0,1.0,1.0,1.0,1.0,0.0,1.0,0.0,1.0,1.0,0.0
1,13885,token_order,cal,15,1.0,13885,0.95,1.0,0.7,1.0,1.0,1.0,1.0,0.0,0.0,1.0,1.0,1.0,0.0
1,13885,ocr,cal,15,1.0,13885,0.923076923076923,0.923076923076923,0.923076923076923,1.0,1.0,1.0,1.0,0.0,1.0,1.0,1.0,1.0,0.0
1,13885,transliteration,cal,15,1.0,13885,0.96,0.96,0.9166666666666665,0.0,1.0,1.0,1.0,0.0,1.0,1.0,0.0,1.0,0.0
1,13885,sparse_attributes,cal,15,1.0,13885,1.0,1.0,1.0,1.0,1.0,0.0,0.0,0.0,0.0,0.0,1.0,1.0,0.0
1,729,exact,cal,15,1.0,729,1.0,1.0,1.0,1.0,1.0,0.0,0.0,0.0,0.0,1.0,1.0,1.0,0.0
1,729,token_order,cal,15,1.0,729,0.95,1.0,0.625,1.0,1.0,0.0,0.0,0.0,0.0,0.0,1.0,1.0,0.0
1,729,ocr,cal,15,1.0,729,0.9565217391304348,0.9565217391304348,0.9090909090909091,1.0,1.0,0.0,0.0,0.0,0.0,1.0,1.0,1.0,0.0
1,729,transliteration,cal,15,1.0,729,1.0,1.0,1.0,1.0,1.0,0.0,0.0,0.0,0.0,1.0,1.0,1.0,0.0
1,729,sparse_attributes,cal,15,1.0,729,1.0,1.0,1.0,1.0,1.0,0.0,0.0,0.0,0.0,0.0,0.0,1.0,0.0
1,15155,exact,cal,15,1.0,15155,1.0,1.0,1.0,1.0,1.0,1.0,1.0,0.0,0.0,1.0,1.0,1.0,0.0
1,15155,token_order,cal,15,1.0,15155,0.95,1.0,0.5957446808510638,1.0,1.0,1.0,1.0,0.0,1.0,1.0,1.0,1.0,0.0
1,15155,ocr,cal,15,1.0,15155,0.962962962962963,0.9629629629629629,0.962962962962963,1.0,1.0,1.0,1.0,0.0,1.0,0.0,1.0,1.0,0.0
1,15155,transliteration,cal,15,1.0,15155,1.0,1.0,1.0,1.0,1.0,1.0,1.0,0.0,0.0,1.0,1.0,1.0,0.0
1,15155,sparse_attributes,cal,15,1.0,15155,1.0,1.0,1.0,1.0,1.0,1.0,1.0,0.0,1.0,0.0,1.0,1.0,0.0
1,13092,exact,cal,15,1.0,13092,1.0,1.0,1.0,1.0,1.0,0.0,0.0,0.0,0.0,1.0,0.0,1.0,0.0
1,13092,token_order,cal,15,1.0,13092,0.95,1.0,0.5,1.0,1.0,0.0,0.0,0.0,0.0,1.0,1.0,1.0,0.0
1,13092,ocr,cal,15,1.0,13092,0.9879518072289156,0.9879518072289157,0.975609756097561,1.0,1.0,0.0,0.0,0.0,0.0,0.0,1.0,1.0,0.0
1,13092,transliteration,cal,15,1.0,13092,1.0,1.0,1.0,1.0,1.0,0.0,0.0,0.0,0.0,0.0,0.0,1.0,0.0
1,13092,sparse_attributes,cal,15,1.0,13092,1.0,1.0,1.0,1.0,1.0,0.0,0.0,0.0,0.0,0.0,0.0,1.0,0.0
1,13092,official_alias,cal,15,1.0,13092,1.0,1.0,1.0,1.0,1.0,0.0,0.0,0.0,0.0,1.0,1.0,1.0,1.0
1,7377,exact,cal,15,1.0,7377,1.0,1.0,1.0,1.0,1.0,0.0,0.0,0.0,0.0,0.0,1.0,1.0,0.0
1,7377,token_order,cal,15,1.0,7377,0.95,1.0,0.6875,1.0,1.0,0.0,0.0,0.0,0.0,1.0,1.0,1.0,0.0
1,7377,ocr,cal,15,1.0,7377,0.9473684210526316,0.9473684210526315,0.9473684210526316,1.0,1.0,0.0,0.0,0.0,0.0,0.0,1.0,1.0,0.0
1,7377,transliteration,cal,15,1.0,7377,1.0,1.0,1.0,1.0,1.0,0.0,0.0,0.0,0.0,1.0,1.0,1.0,0.0
1,7377,sparse_attributes,cal,15,1.0,7377,1.0,1.0,1.0,1.0,1.0,0.0,0.0,0.0,0.0,0.0,0.0,1.0,0.0
1,7377,official_alias,cal,15,1.0,7377,1.0,1.0,1.0,1.0,1.0,0.0,0.0,0.0,0.0,1.0,1.0,1.0,1.0
1,1208,exact,cal,15,1.0,1208,1.0,1.0,1.0,1.0,1.0,0.0,0.0,0.0,0.0,1.0,1.0,1.0,0.0
1,1208,token_order,cal,15,1.0,1208,0.95,1.0,0.8085106382978724,1.0,1.0,0.0,0.0,0.0,0.0,0.0,0.0,1.0,0.0
1,1208,ocr,cal,15,1.0,1208,0.96,0.96,0.9795918367346939,1.0,1.0,0.0,0.0,0.0,0.0,0.0,1.0,1.0,0.0
1,1208,transliteration,cal,15,1.0,1208,0.88,0.88,0.88,0.6666666666666666,1.0,0.0,0.0,0.0,0.0,1.0,1.0,1.0,0.0
1,1208,sparse_attributes,cal,15,1.0,1208,1.0,1.0,1.0,1.0,1.0,0.0,0.0,0.0,0.0,0.0,0.0,1.0,0.0
1,1208,official_alias,cal,15,1.0,1208,1.0,1.0,1.0,1.0,1.0,0.0,0.0,0.0,0.0,1.0,0.0,1.0,1.0
1,4277,exact,cal,15,1.0,4277,1.0,1.0,1.0,1.0,1.0,1.0,1.0,1.0,0.0,1.0,1.0,1.0,0.0
1,4277,token_order,cal,15,1.0,4277,0.95,1.0,0.6666666666666667,1.0,1.0,1.0,1.0,0.0,0.0,1.0,1.0,1.0,0.0
1,4277,ocr,cal,15,1.0,4277,0.9824561403508771,0.9824561403508772,0.9642857142857143,1.0,1.0,1.0,1.0,1.0,0.0,0.0,1.0,1.0,0.0
1,4277,transliteration,cal,15,1.0,4277,0.9454545454545454,0.7272727272727272,0.8846153846153846,0.0,1.0,1.0,1.0,1.0,0.0,1.0,1.0,1.0,0.0
1,4277,sparse_attributes,cal,15,1.0,4277,1.0,1.0,1.0,1.0,1.0,0.0,0.0,0.0,0.0,1.0,0.0,1.0,0.0
1,16920,exact,cal,15,1.0,16920,1.0,1.0,1.0,1.0,1.0,0.0,0.0,0.0,0.0,1.0,0.0,1.0,0.0
1,16920,token_order,cal,15,1.0,16920,0.95,1.0,0.6666666666666667,1.0,1.0,0.0,0.0,0.0,0.0,1.0,1.0,1.0,0.0
1,16920,ocr,cal,15,1.0,16920,0.9285714285714286,0.9285714285714286,0.9285714285714286,1.0,1.0,0.0,0.0,0.0,0.0,1.0,1.0,1.0,0.0
1,16920,transliteration,cal,15,1.0,16920,0.9285714285714286,0.9285714285714286,0.9285714285714286,1.0,1.0,0.0,0.0,0.0,0.0,1.0,1.0,1.0,0.0
1,16920,sparse_attributes,cal,15,1.0,16920,1.0,1.0,1.0,1.0,1.0,0.0,0.0,0.0,0.0,0.0,0.0,1.0,0.0
1,13160,exact,cal,15,1.0,13160,1.0,1.0,1.0,1.0,1.0,0.0,0.0,0.0,0.0,1.0,1.0,1.0,0.0
1,13160,token_order,cal,15,1.0,13160,0.95,1.0,0.4918032786885246,1.0,1.0,0.0,0.0,0.0,0.0,1.0,0.0,1.0,0.0
1,13160,ocr,cal,15,1.0,13160,0.992248062015504,0.992248062015504,0.984375,1.0,1.0,0.0,0.0,0.0,0.0,1.0,1.0,1.0,0.0
1,13160,transliteration,cal,15,1.0,13160,0.9516129032258065,0.4838709677419355,0.905982905982906,1.0,1.0,0.0,0.0,0.0,0.0,1.0,0.0,1.0,0.0
1,13160,sparse_attributes,cal,15,1.0,13160,1.0,1.0,1.0,1.0,1.0,0.0,0.0,0.0,0.0,0.0,0.0,1.0,0.0
1,13160,official_alias,cal,15,1.0,13160,1.0,1.0,1.0,1.0,1.0,0.0,0.0,0.0,0.0,1.0,0.0,1.0,1.0
1,1981,exact,cal,15,1.0,1981,1.0,1.0,1.0,1.0,1.0,1.0,1.0,0.0,1.0,1.0,1.0,1.0,0.0
1,1981,token_order,cal,15,1.0,1981,0.95,1.0,0.7647058823529411,1.0,1.0,1.0,1.0,0.0,1.0,1.0,0.0,1.0,0.0
1,1981,ocr,cal,15,1.0,1981,0.9523809523809522,1.0,0.9523809523809522,1.0,1.0,1.0,1.0,0.0,1.0,1.0,0.0,1.0,0.0
1,1981,transliteration,cal,15,1.0,1981,0.9523809523809522,0.9411764705882354,0.975609756097561,0.75,1.0,1.0,1.0,0.0,1.0,1.0,0.0,1.0,0.0
1,1981,sparse_attributes,cal,15,1.0,1981,1.0,1.0,1.0,1.0,1.0,0.0,0.0,0.0,0.0,0.0,0.0,1.0,0.0
1,1981,official_alias,cal,15,1.0,1981,1.0,1.0,1.0,1.0,1.0,1.0,1.0,0.0,0.0,0.0,0.0,1.0,1.0
1,11828,exact,cal,15,1.0,11828,1.0,1.0,1.0,1.0,1.0,0.0,0.0,0.0,0.0,1.0,1.0,1.0,0.0
1,11828,token_order,cal,15,1.0,11828,0.95,1.0,0.6904761904761905,1.0,1.0,0.0,0.0,0.0,0.0,1.0,1.0,1.0,0.0
1,11828,ocr,cal,15,1.0,11828,0.9896907216494846,1.0,0.9791666666666665,1.0,1.0,0.0,0.0,0.0,0.0,1.0,1.0,1.0,0.0
1,11828,transliteration,cal,15,1.0,11828,0.9450549450549449,0.5783132530120482,0.8941176470588236,0.0,1.0,0.0,0.0,0.0,0.0,0.0,1.0,1.0,0.0
1,11828,sparse_attributes,cal,15,1.0,11828,1.0,1.0,1.0,1.0,1.0,0.0,0.0,0.0,0.0,0.0,0.0,1.0,0.0
1,15638,exact,cal,15,1.0,15638,1.0,1.0,1.0,1.0,1.0,0.0,0.0,0.0,0.0,1.0,0.0,1.0,0.0
1,15638,token_order,cal,15,1.0,15638,0.95,1.0,0.5945945945945945,1.0,1.0,0.0,0.0,0.0,0.0,1.0,1.0,1.0,0.0
1,15638,ocr,cal,15,1.0,15638,0.9565217391304348,0.9565217391304348,0.9565217391304348,1.0,1.0,0.0,0.0,0.0,0.0,1.0,1.0,1.0,0.0
1,15638,transliteration,cal,15,1.0,15638,0.9302325581395349,0.46511627906976744,0.8717948717948718,0.0,1.0,0.0,0.0,0.0,0.0,0.0,1.0,1.0,0.0
1,15638,sparse_attributes,cal,15,1.0,15638,1.0,1.0,1.0,1.0,1.0,0.0,0.0,0.0,0.0,0.0,0.0,1.0,0.0
1,15638,official_alias,cal,15,1.0,15638,1.0,1.0,1.0,1.0,1.0,0.0,0.0,0.0,0.0,1.0,0.0,1.0,1.0
1,10891,exact,cal,15,1.0,10891,1.0,1.0,1.0,1.0,1.0,0.0,0.0,0.0,0.0,1.0,1.0,1.0,0.0
1,10891,token_order,cal,15,1.0,10891,0.95,1.0,0.5714285714285714,1.0,1.0,0.0,0.0,0.0,0.0,1.0,1.0,1.0,0.0
1,10891,ocr,cal,15,1.0,10891,0.9777777777777777,0.9777777777777777,0.9777777777777777,1.0,1.0,0.0,0.0,0.0,0.0,1.0,1.0,1.0,0.0
1,10891,transliteration,cal,15,1.0,10891,0.967032967032967,0.967032967032967,0.9555555555555556,1.0,1.0,0.0,0.0,0.0,0.0,1.0,1.0,1.0,0.0
1,10891,sparse_attributes,cal,15,1.0,10891,1.0,1.0,1.0,1.0,1.0,0.0,0.0,0.0,0.0,0.0,1.0,1.0,0.0
1,10891,official_alias,cal,15,1.0,10891,1.0,1.0,1.0,1.0,1.0,0.0,0.0,0.0,0.0,0.0,1.0,1.0,1.0
1,17567,exact,cal,15,1.0,17567,1.0,1.0,1.0,1.0,1.0,0.0,0.0,0.0,0.0,1.0,1.0,1.0,0.0
1,17567,token_order,cal,15,1.0,17567,0.95,1.0,0.5227272727272727,1.0,1.0,0.0,0.0,0.0,0.0,1.0,1.0,1.0,0.0
1,17567,ocr,cal,15,1.0,17567,0.990990990990991,0.9906542056074766,0.9818181818181819,0.9090909090909091,1.0,0.0,0.0,0.0,0.0,1.0,1.0,1.0,0.0
1,17567,transliteration,cal,15,1.0,17567,1.0,1.0,1.0,1.0,1.0,0.0,0.0,0.0,0.0,1.0,1.0,1.0,0.0
1,17567,sparse_attributes,cal,15,1.0,17567,1.0,1.0,1.0,1.0,1.0,0.0,0.0,0.0,0.0,0.0,0.0,1.0,0.0
1,3737,exact,cal,15,1.0,3737,1.0,1.0,1.0,1.0,1.0,1.0,1.0,0.0,0.0,0.0,0.0,1.0,0.0
1,3737,token_order,cal,15,1.0,3737,0.95,1.0,0.6818181818181819,1.0,1.0,1.0,1.0,1.0,0.0,0.0,1.0,1.0,0.0
1,3737,ocr,cal,15,1.0,3737,0.9615384615384616,0.923076923076923,0.9615384615384616,0.8,1.0,1.0,1.0,0.0,0.0,0.0,1.0,1.0,0.0
1,3737,transliteration,cal,15,1.0,3737,0.9615384615384616,0.9615384615384616,0.9803921568627451,0.8,1.0,1.0,1.0,1.0,0.0,1.0,0.0,1.0,0.0
1,3737,sparse_attributes,cal,15,1.0,3737,1.0,1.0,1.0,1.0,1.0,0.0,0.0,0.0,0.0,0.0,0.0,1.0,0.0
1,3737,official_alias,cal,15,1.0,3737,1.0,1.0,1.0,1.0,1.0,1.0,1.0,1.0,0.0,1.0,0.0,1.0,0.0
1,11060,exact,cal,15,1.0,11060,1.0,1.0,1.0,1.0,1.0,0.0,0.0,0.0,0.0,1.0,1.0,1.0,0.0
1,11060,token_order,cal,15,1.0,11060,0.95,1.0,0.5789473684210527,1.0,1.0,0.0,0.0,0.0,0.0,1.0,0.0,1.0,0.0
1,11060,ocr,cal,15,1.0,11060,0.9795918367346939,0.9795918367346939,0.9583333333333335,1.0,1.0,0.0,0.0,0.0,0.0,0.0,0.0,1.0,0.0
1,11060,transliteration,cal,15,1.0,11060,0.9333333333333332,0.6222222222222222,0.9047619047619048,1.0,1.0,0.0,0.0,0.0,0.0,1.0,1.0,1.0,0.0
1,11060,sparse_attributes,cal,15,1.0,11060,1.0,1.0,1.0,1.0,1.0,0.0,0.0,0.0,0.0,1.0,1.0,1.0,0.0
1,4188,exact,cal,15,1.0,4188,1.0,1.0,1.0,1.0,1.0,1.0,1.0,1.0,0.0,1.0,1.0,1.0,0.0
1,4188,token_order,cal,15,1.0,4188,0.95,1.0,0.6181818181818182,1.0,1.0,1.0,1.0,0.0,0.0,0.0,1.0,1.0,0.0
1,4188,ocr,cal,15,1.0,4188,0.9841269841269842,0.9841269841269842,0.967741935483871,1.0,1.0,0.0,0.0,1.0,0.0,1.0,1.0,1.0,0.0
1,4188,transliteration,cal,15,1.0,4188,1.0,1.0,1.0,1.0,1.0,1.0,1.0,0.0,0.0,1.0,1.0,1.0,0.0
1,4188,sparse_attributes,cal,15,1.0,4188,1.0,1.0,1.0,1.0,1.0,0.0,0.0,0.0,0.0,0.0,1.0,1.0,0.0
1,1906,exact,cal,15,1.0,1906,1.0,1.0,1.0,1.0,1.0,0.0,0.0,0.0,1.0,0.0,1.0,1.0,0.0
1,1906,token_order,cal,15,1.0,1906,0.95,1.0,0.5714285714285714,1.0,1.0,1.0,1.0,0.0,0.0,1.0,1.0,1.0,0.0
1,1906,ocr,cal,15,1.0,1906,0.9655172413793103,0.8275862068965517,0.9655172413793103,0.75,1.0,1.0,1.0,0.0,1.0,1.0,1.0,1.0,0.0
1,1906,transliteration,cal,15,1.0,1906,0.9655172413793103,0.9655172413793103,0.9655172413793103,1.0,1.0,1.0,1.0,0.0,1.0,0.0,0.0,1.0,0.0
1,1906,sparse_attributes,cal,15,1.0,1906,1.0,1.0,1.0,1.0,1.0,0.0,0.0,0.0,0.0,0.0,1.0,1.0,0.0
1,1906,official_alias,cal,15,1.0,1906,1.0,1.0,1.0,1.0,1.0,1.0,1.0,0.0,0.0,1.0,1.0,1.0,1.0
1,14513,exact,cal,15,1.0,14513,1.0,1.0,1.0,1.0,1.0,1.0,1.0,0.0,0.0,1.0,1.0,1.0,0.0
1,14513,token_order,cal,15,1.0,14513,0.95,1.0,0.6415094339622642,1.0,1.0,1.0,1.0,0.0,1.0,1.0,0.0,1.0,0.0
1,14513,ocr,cal,15,1.0,14513,0.9666666666666667,0.9666666666666667,0.9666666666666667,1.0,1.0,1.0,1.0,0.0,1.0,0.0,0.0,1.0,0.0
1,14513,transliteration,cal,15,1.0,14513,0.8709677419354839,0.8709677419354839,0.8620689655172413,1.0,1.0,1.0,1.0,0.0,1.0,1.0,0.0,1.0,0.0
1,14513,sparse_attributes,cal,15,1.0,14513,1.0,1.0,1.0,1.0,1.0,1.0,1.0,0.0,0.0,0.0,1.0,1.0,0.0
1,4620,exact,cal,15,1.0,4620,1.0,1.0,1.0,1.0,1.0,0.0,0.0,0.0,0.0,1.0,1.0,1.0,0.0
1,4620,token_order,cal,15,1.0,4620,0.95,1.0,0.7142857142857143,1.0,1.0,0.0,0.0,0.0,0.0,1.0,1.0,1.0,0.0
1,4620,ocr,cal,15,1.0,4620,0.8888888888888888,0.8888888888888888,0.8888888888888888,0.5,1.0,0.0,0.0,0.0,0.0,0.0,1.0,1.0,0.0
1,4620,transliteration,cal,15,1.0,4620,0.9411764705882352,0.9411764705882354,0.875,0.0,1.0,0.0,0.0,0.0,0.0,1.0,0.0,1.0,0.0
1,4620,sparse_attributes,cal,15,1.0,4620,1.0,1.0,1.0,1.0,1.0,0.0,0.0,0.0,0.0,0.0,0.0,1.0,0.0
1,9001,exact,cal,15,1.0,9001,1.0,1.0,1.0,1.0,1.0,0.0,0.0,0.0,0.0,1.0,1.0,1.0,0.0
1,9001,token_order,cal,15,1.0,9001,0.95,1.0,0.8695652173913043,1.0,1.0,0.0,0.0,0.0,0.0,1.0,1.0,1.0,0.0
1,9001,ocr,cal,15,1.0,9001,0.923076923076923,0.923076923076923,0.923076923076923,1.0,1.0,0.0,0.0,0.0,0.0,1.0,0.0,1.0,0.0
1,9001,transliteration,cal,15,1.0,9001,1.0,1.0,1.0,1.0,1.0,0.0,0.0,0.0,0.0,1.0,1.0,1.0,0.0
1,9001,sparse_attributes,cal,15,1.0,9001,1.0,1.0,1.0,1.0,1.0,0.0,0.0,0.0,0.0,1.0,0.0,1.0,0.0
1,9919,exact,cal,15,1.0,9919,1.0,1.0,1.0,1.0,1.0,0.0,0.0,0.0,0.0,1.0,1.0,1.0,0.0
1,9919,token_order,cal,15,1.0,9919,0.95,1.0,0.4084507042253522,1.0,1.0,0.0,0.0,0.0,0.0,0.0,0.0,1.0,0.0
1,9919,ocr,cal,15,1.0,9919,0.9879518072289156,0.9879518072289157,0.9879518072289156,1.0,1.0,0.0,0.0,0.0,0.0,1.0,1.0,1.0,0.0
1,9919,transliteration,cal,15,1.0,9919,1.0,1.0,1.0,1.0,1.0,0.0,0.0,0.0,0.0,0.0,0.0,1.0,0.0
1,9919,sparse_attributes,cal,15,1.0,9919,1.0,1.0,1.0,1.0,1.0,0.0,0.0,0.0,0.0,0.0,1.0,1.0,0.0
1,9919,official_alias,cal,15,1.0,9919,1.0,1.0,1.0,1.0,1.0,0.0,0.0,0.0,0.0,1.0,1.0,1.0,1.0
1,17309,exact,cal,15,1.0,17309,1.0,1.0,1.0,1.0,1.0,1.0,1.0,1.0,1.0,1.0,1.0,1.0,0.0
1,17309,token_order,cal,15,1.0,17309,0.95,1.0,0.7058823529411764,1.0,1.0,0.0,0.0,1.0,0.0,0.0,1.0,1.0,0.0
1,17309,ocr,cal,15,1.0,17309,0.9743589743589743,0.9743589743589743,0.9473684210526316,0.6666666666666666,1.0,1.0,1.0,1.0,1.0,1.0,1.0,1.0,0.0
1,17309,transliteration,cal,15,1.0,17309,1.0,1.0,1.0,1.0,1.0,1.0,1.0,1.0,1.0,1.0,1.0,1.0,0.0
1,17309,sparse_attributes,cal,15,1.0,17309,1.0,1.0,1.0,1.0,1.0,0.0,0.0,0.0,0.0,0.0,0.0,1.0,0.0
1,17309,official_alias,cal,15,1.0,17309,1.0,1.0,1.0,1.0,1.0,1.0,1.0,1.0,1.0,1.0,1.0,1.0,1.0
1,2145,exact,cal,15,1.0,2145,1.0,1.0,1.0,1.0,1.0,1.0,1.0,1.0,0.0,1.0,1.0,1.0,0.0
1,2145,token_order,cal,15,1.0,2145,0.95,1.0,0.6666666666666667,1.0,1.0,1.0,1.0,1.0,1.0,1.0,1.0,1.0,0.0
1,2145,ocr,cal,15,1.0,2145,0.9615384615384616,0.9615384615384616,0.9615384615384616,0.75,1.0,1.0,1.0,1.0,1.0,0.0,0.0,1.0,0.0
1,2145,transliteration,cal,15,1.0,2145,0.9387755102040817,0.653061224489796,0.8695652173913043,0.0,1.0,1.0,1.0,1.0,1.0,1.0,1.0,1.0,0.0
1,2145,sparse_attributes,cal,15,1.0,2145,1.0,1.0,1.0,1.0,1.0,0.0,0.0,1.0,1.0,0.0,0.0,1.0,0.0
1,18168,exact,cal,15,1.0,18168,1.0,1.0,1.0,1.0,1.0,0.0,0.0,1.0,1.0,1.0,0.0,1.0,0.0
1,18168,token_order,cal,15,1.0,18168,0.95,1.0,0.5217391304347826,1.0,1.0,1.0,1.0,1.0,1.0,1.0,0.0,1.0,0.0
1,18168,ocr,cal,15,1.0,18168,0.9841269841269842,0.9841269841269842,0.967741935483871,1.0,1.0,1.0,1.0,1.0,1.0,1.0,1.0,1.0,0.0
1,18168,transliteration,cal,15,1.0,18168,1.0,1.0,1.0,1.0,1.0,0.0,0.0,1.0,1.0,1.0,1.0,1.0,0.0
1,18168,sparse_attributes,cal,15,1.0,18168,1.0,1.0,1.0,1.0,1.0,0.0,0.0,0.0,0.0,1.0,1.0,1.0,0.0
1,875,exact,cal,15,1.0,875,1.0,1.0,1.0,1.0,1.0,1.0,1.0,1.0,0.0,1.0,1.0,1.0,0.0
1,875,token_order,cal,15,1.0,875,0.95,1.0,0.5714285714285714,1.0,1.0,1.0,1.0,1.0,0.0,1.0,1.0,1.0,0.0
1,875,ocr,cal,15,1.0,875,0.96,0.96,0.96,1.0,1.0,1.0,1.0,1.0,1.0,1.0,0.0,1.0,0.0
1,875,transliteration,cal,15,1.0,875,1.0,1.0,1.0,1.0,1.0,1.0,1.0,1.0,1.0,1.0,1.0,1.0,0.0
1,875,sparse_attributes,cal,15,1.0,875,1.0,1.0,1.0,1.0,1.0,0.0,0.0,1.0,0.0,0.0,0.0,1.0,0.0
1,875,official_alias,cal,15,1.0,875,1.0,1.0,1.0,1.0,1.0,0.0,0.0,0.0,1.0,0.0,1.0,1.0,1.0
1,3636,exact,cal,15,1.0,3636,1.0,1.0,1.0,1.0,1.0,1.0,1.0,1.0,0.0,0.0,1.0,1.0,0.0
1,3636,token_order,cal,15,1.0,3636,0.95,1.0,0.7027027027027026,1.0,1.0,1.0,1.0,1.0,1.0,1.0,0.0,1.0,0.0
1,3636,ocr,cal,15,1.0,3636,0.9545454545454546,0.8181818181818181,0.9545454545454546,0.6666666666666666,1.0,0.0,0.0,1.0,1.0,1.0,0.0,1.0,0.0
1,3636,transliteration,cal,15,1.0,3636,0.9767441860465115,0.9767441860465117,0.9523809523809522,0.75,1.0,1.0,1.0,1.0,0.0,1.0,1.0,1.0,0.0
1,3636,sparse_attributes,cal,15,1.0,3636,1.0,1.0,1.0,1.0,1.0,0.0,0.0,0.0,0.0,0.0,0.0,1.0,0.0
1,3636,official_alias,cal,15,1.0,3636,1.0,1.0,1.0,1.0,1.0,1.0,1.0,1.0,1.0,1.0,0.0,1.0,1.0
1,15250,exact,cal,15,1.0,15250,1.0,1.0,1.0,1.0,1.0,0.0,0.0,0.0,0.0,1.0,1.0,1.0,0.0
1,15250,token_order,cal,15,1.0,15250,0.95,1.0,0.7,1.0,1.0,0.0,0.0,0.0,0.0,0.0,0.0,1.0,0.0
1,15250,ocr,cal,15,1.0,15250,0.96,0.96,0.9166666666666665,1.0,1.0,0.0,0.0,0.0,0.0,1.0,1.0,1.0,0.0
1,15250,transliteration,cal,15,1.0,15250,1.0,1.0,1.0,1.0,1.0,0.0,0.0,0.0,0.0,1.0,1.0,1.0,0.0
1,15250,sparse_attributes,cal,15,1.0,15250,1.0,1.0,1.0,1.0,1.0,0.0,0.0,0.0,0.0,0.0,0.0,1.0,0.0
1,15250,official_alias,cal,15,1.0,15250,1.0,1.0,1.0,1.0,1.0,0.0,0.0,0.0,0.0,0.0,1.0,1.0,1.0
1,7219,exact,cal,15,1.0,7219,1.0,1.0,1.0,1.0,1.0,1.0,1.0,1.0,1.0,1.0,1.0,1.0,0.0
1,7219,token_order,cal,15,1.0,7219,0.95,1.0,0.75,1.0,1.0,1.0,1.0,0.0,1.0,1.0,1.0,1.0,0.0
1,7219,ocr,cal,15,1.0,7219,0.9655172413793103,0.9655172413793103,0.9285714285714286,1.0,1.0,0.0,0.0,0.0,1.0,0.0,0.0,1.0,0.0
1,7219,transliteration,cal,15,0.0,16739,0.6153846153846154,0.6153846153846154,0.631578947368421,1.0,1.0,0.0,0.0,0.855,0.0,0.855,1.0,1.0,1.0
1,7219,sparse_attributes,cal,15,1.0,7219,1.0,1.0,1.0,1.0,1.0,0.0,0.0,0.0,1.0,1.0,0.0,1.0,0.0
1,7219,official_alias,cal,15,1.0,7219,1.0,1.0,1.0,1.0,1.0,1.0,1.0,1.0,1.0,0.0,0.0,1.0,1.0
1,10600,exact,cal,15,1.0,10600,1.0,1.0,1.0,1.0,1.0,0.0,0.0,0.0,0.0,0.0,0.0,1.0,0.0
1,10600,token_order,cal,15,1.0,10600,0.95,1.0,0.4864864864864865,1.0,1.0,0.0,0.0,0.0,0.0,1.0,0.0,1.0,0.0
1,10600,ocr,cal,15,1.0,10600,0.9852941176470589,0.9852941176470589,0.9852941176470589,0.875,1.0,0.0,0.0,0.0,0.0,1.0,1.0,1.0,0.0
1,10600,transliteration,cal,15,1.0,10600,0.978102189781022,0.9781021897810218,0.9705882352941176,1.0,1.0,0.0,0.0,0.0,0.0,0.0,1.0,1.0,0.0
1,10600,sparse_attributes,cal,15,1.0,10600,1.0,1.0,1.0,1.0,1.0,0.0,0.0,0.0,0.0,0.0,0.0,1.0,0.0
1,10600,official_alias,cal,15,1.0,10600,1.0,1.0,1.0,1.0,1.0,0.0,0.0,0.0,0.0,1.0,1.0,1.0,1.0
1,1566,exact,cal,15,1.0,1566,1.0,1.0,1.0,1.0,1.0,0.0,0.0,0.0,0.0,1.0,1.0,1.0,0.0
1,1566,token_order,cal,15,1.0,1566,0.95,1.0,0.6222222222222222,1.0,1.0,0.0,0.0,0.0,0.0,0.0,1.0,1.0,0.0
1,1566,ocr,cal,15,1.0,1566,0.9655172413793103,0.9655172413793103,0.9655172413793103,0.8,1.0,0.0,0.0,0.0,0.0,1.0,1.0,1.0,0.0
1,1566,transliteration,cal,15,1.0,1566,0.9259259259259259,0.7777777777777777,0.8571428571428572,0.0,1.0,0.0,0.0,0.0,0.0,1.0,1.0,1.0,0.0
1,1566,sparse_attributes,cal,15,1.0,1566,1.0,1.0,1.0,1.0,1.0,0.0,0.0,0.0,0.0,0.0,0.0,1.0,0.0
1,11305,exact,cal,15,1.0,11305,1.0,1.0,1.0,1.0,1.0,0.0,0.0,0.0,0.0,0.0,1.0,1.0,0.0
1,11305,token_order,cal,15,1.0,11305,0.95,1.0,0.5294117647058824,1.0,1.0,0.0,0.0,0.0,0.0,1.0,1.0,1.0,0.0
1,11305,ocr,cal,15,1.0,11305,0.992248062015504,1.0,1.0,1.0,1.0,0.0,0.0,0.0,0.0,1.0,1.0,1.0,0.0
1,11305,transliteration,cal,15,1.0,11305,0.9243697478991596,0.6071428571428572,0.8545454545454545,0.0,1.0,0.0,0.0,0.0,0.0,1.0,1.0,1.0,0.0
1,11305,sparse_attributes,cal,15,1.0,11305,1.0,1.0,1.0,1.0,1.0,0.0,0.0,0.0,0.0,0.0,1.0,1.0,0.0
1,12640,exact,cal,15,1.0,12640,1.0,1.0,1.0,1.0,1.0,0.0,0.0,0.0,0.0,1.0,1.0,1.0,0.0
1,12640,token_order,cal,15,1.0,12640,0.95,1.0,0.5333333333333333,1.0,1.0,0.0,0.0,0.0,0.0,1.0,1.0,1.0,0.0
1,12640,ocr,cal,15,1.0,12640,0.987012987012987,0.987012987012987,0.9736842105263157,1.0,1.0,0.0,0.0,0.0,0.0,0.0,1.0,1.0,0.0
1,12640,transliteration,cal,15,1.0,12640,0.961038961038961,0.961038961038961,0.9589041095890412,1.0,1.0,0.0,0.0,0.0,0.0,1.0,1.0,1.0,0.0
1,12640,sparse_attributes,cal,15,1.0,12640,1.0,1.0,1.0,1.0,1.0,0.0,0.0,0.0,0.0,0.0,0.0,1.0,0.0
1,12640,official_alias,cal,15,1.0,12640,1.0,1.0,1.0,1.0,1.0,0.0,0.0,0.0,0.0,1.0,1.0,1.0,1.0
1,16075,exact,cal,15,1.0,16075,1.0,1.0,1.0,1.0,1.0,0.0,0.0,0.0,0.0,0.0,1.0,1.0,0.0
1,16075,token_order,cal,15,1.0,16075,0.95,1.0,0.4814814814814815,1.0,1.0,0.0,0.0,0.0,0.0,1.0,1.0,1.0,0.0
1,16075,ocr,cal,15,1.0,16075,0.9859154929577465,0.9859154929577465,0.9714285714285714,1.0,1.0,0.0,0.0,0.0,0.0,0.0,1.0,1.0,0.0
1,16075,transliteration,cal,15,1.0,16075,1.0,1.0,1.0,1.0,1.0,0.0,0.0,0.0,0.0,1.0,1.0,1.0,0.0
1,16075,sparse_attributes,cal,15,1.0,16075,1.0,1.0,1.0,1.0,1.0,0.0,0.0,0.0,0.0,0.0,0.0,1.0,0.0
1,16075,official_alias,cal,15,1.0,16075,1.0,1.0,1.0,1.0,1.0,0.0,0.0,0.0,0.0,0.0,1.0,1.0,1.0
1,11277,exact,cal,15,1.0,11277,1.0,1.0,1.0,1.0,1.0,0.0,0.0,0.0,0.0,1.0,0.0,1.0,0.0
1,11277,token_order,cal,15,1.0,11277,0.95,1.0,0.7692307692307692,1.0,1.0,0.0,0.0,0.0,0.0,1.0,1.0,1.0,0.0
1,11277,ocr,cal,15,1.0,11277,0.9333333333333332,0.9333333333333332,1.0,0.5,1.0,0.0,0.0,0.0,0.0,1.0,1.0,1.0,0.0
1,11277,transliteration,cal,15,1.0,11277,1.0,1.0,1.0,1.0,1.0,0.0,0.0,0.0,0.0,1.0,1.0,1.0,0.0
1,11277,sparse_attributes,cal,15,1.0,11277,1.0,1.0,1.0,1.0,1.0,0.0,0.0,0.0,0.0,1.0,0.0,1.0,0.0
1,17242,exact,cal,15,1.0,17242,1.0,1.0,1.0,1.0,1.0,0.0,0.0,0.0,1.0,1.0,1.0,1.0,0.0
1,17242,token_order,cal,15,1.0,17242,0.95,1.0,0.5263157894736843,1.0,1.0,0.0,0.0,0.0,1.0,1.0,0.0,1.0,0.0
1,17242,ocr,cal,15,1.0,17242,0.9787234042553191,0.9787234042553191,0.9565217391304348,1.0,1.0,1.0,1.0,0.0,0.0,1.0,1.0,1.0,0.0
1,17242,transliteration,cal,15,1.0,17242,0.9565217391304348,0.9565217391304348,0.9565217391304348,1.0,1.0,0.0,0.0,0.0,1.0,0.0,1.0,1.0,0.0
1,17242,sparse_attributes,cal,15,1.0,17242,1.0,1.0,1.0,1.0,1.0,0.0,0.0,0.0,0.0,0.0,0.0,1.0,0.0
1,10059,exact,cal,15,1.0,10059,1.0,1.0,1.0,1.0,1.0,0.0,0.0,0.0,0.0,1.0,1.0,1.0,0.0
1,10059,token_order,cal,15,1.0,10059,0.95,1.0,0.6666666666666667,1.0,1.0,0.0,0.0,0.0,0.0,1.0,1.0,1.0,0.0
1,10059,ocr,cal,15,1.0,10059,0.9523809523809522,0.9523809523809524,1.0,1.0,1.0,0.0,0.0,0.0,0.0,1.0,1.0,1.0,0.0
1,10059,transliteration,cal,15,1.0,10059,1.0,1.0,1.0,1.0,1.0,0.0,0.0,0.0,0.0,1.0,1.0,1.0,0.0
1,10059,sparse_attributes,cal,15,1.0,10059,1.0,1.0,1.0,1.0,1.0,0.0,0.0,0.0,0.0,0.0,0.0,1.0,0.0
1,10059,official_alias,cal,15,1.0,10059,1.0,1.0,1.0,1.0,0.5,0.0,0.0,0.0,0.0,1.0,1.0,1.0,1.0
1,17781,exact,cal,15,1.0,17781,1.0,1.0,1.0,1.0,1.0,0.0,0.0,0.0,0.0,1.0,1.0,1.0,0.0
1,17781,token_order,cal,15,1.0,17781,0.95,1.0,0.6333333333333333,1.0,1.0,0.0,0.0,0.0,0.0,1.0,1.0,1.0,0.0
1,17781,ocr,cal,15,1.0,17781,0.9696969696969697,0.9696969696969697,0.9696969696969697,0.8,1.0,0.0,0.0,0.0,0.0,1.0,0.0,1.0,0.0
1,17781,transliteration,cal,15,1.0,17781,0.9354838709677421,0.5806451612903225,0.8771929824561404,0.0,1.0,0.0,0.0,0.0,0.0,1.0,1.0,1.0,0.0
1,17781,sparse_attributes,cal,15,1.0,17781,1.0,1.0,1.0,1.0,1.0,0.0,0.0,0.0,0.0,0.0,0.0,1.0,0.0
1,14734,exact,cal,15,1.0,14734,1.0,1.0,1.0,1.0,1.0,1.0,1.0,0.0,0.0,1.0,1.0,1.0,0.0
1,14734,token_order,cal,15,1.0,14734,0.95,1.0,0.5833333333333333,1.0,1.0,1.0,1.0,0.0,1.0,1.0,1.0,1.0,0.0
1,14734,ocr,cal,15,1.0,14734,0.923076923076923,0.6923076923076923,0.923076923076923,0.3333333333333333,1.0,1.0,1.0,0.0,0.0,1.0,1.0,1.0,0.0
1,14734,transliteration,cal,15,1.0,14734,0.9166666666666665,0.41666666666666663,0.8181818181818181,0.0,1.0,1.0,1.0,0.0,1.0,1.0,1.0,1.0,0.0
1,14734,sparse_attributes,cal,15,1.0,14734,1.0,1.0,1.0,1.0,1.0,0.0,0.0,0.0,0.0,1.0,0.0,1.0,0.0
1,13069,exact,cal,15,1.0,13069,1.0,1.0,1.0,1.0,1.0,0.0,0.0,0.0,0.0,1.0,1.0,1.0,0.0
1,13069,token_order,cal,15,1.0,13069,0.95,1.0,0.4722222222222222,1.0,1.0,0.0,0.0,0.0,0.0,1.0,1.0,1.0,0.0
1,13069,ocr,cal,15,1.0,13069,0.9896907216494846,0.9896907216494846,0.9791666666666665,0.8333333333333334,1.0,0.0,0.0,0.0,0.0,0.0,1.0,1.0,0.0
1,13069,transliteration,cal,15,1.0,13069,1.0,1.0,1.0,1.0,1.0,0.0,0.0,0.0,0.0,1.0,1.0,1.0,0.0
1,13069,sparse_attributes,cal,15,1.0,13069,1.0,1.0,1.0,1.0,1.0,0.0,0.0,0.0,0.0,0.0,0.0,1.0,0.0
1,3497,exact,cal,15,1.0,3497,1.0,1.0,1.0,1.0,1.0,0.0,0.0,0.0,0.0,0.0,1.0,1.0,0.0
1,3497,token_order,cal,15,1.0,3497,0.95,1.0,0.6037735849056604,1.0,1.0,0.0,0.0,0.0,0.0,0.0,1.0,1.0,0.0
1,3497,ocr,cal,15,1.0,3497,0.9666666666666667,0.9666666666666667,0.9666666666666667,1.0,1.0,0.0,0.0,0.0,0.0,1.0,0.0,1.0,0.0
1,3497,transliteration,cal,15,1.0,3497,1.0,1.0,1.0,1.0,1.0,0.0,0.0,0.0,0.0,1.0,1.0,1.0,0.0
1,3497,sparse_attributes,cal,15,1.0,3497,1.0,1.0,1.0,1.0,1.0,0.0,0.0,0.0,0.0,1.0,0.0,1.0,0.0
1,7077,exact,cal,15,1.0,7077,1.0,1.0,1.0,1.0,1.0,0.0,0.0,0.0,0.0,1.0,1.0,1.0,0.0
1,7077,token_order,cal,15,1.0,7077,0.95,1.0,0.7222222222222221,1.0,1.0,0.0,0.0,0.0,0.0,1.0,1.0,1.0,0.0
1,7077,ocr,cal,15,1.0,7077,0.9787234042553191,0.9787234042553191,0.9565217391304348,1.0,1.0,0.0,0.0,0.0,0.0,0.0,1.0,1.0,0.0
1,7077,transliteration,cal,15,1.0,7077,0.9777777777777777,0.9777777777777777,0.9545454545454546,0.75,1.0,1.0,1.0,0.0,0.0,0.0,1.0,1.0,0.0
1,7077,sparse_attributes,cal,15,1.0,7077,1.0,1.0,1.0,1.0,1.0,0.0,0.0,0.0,0.0,0.0,0.0,1.0,0.0
1,7077,official_alias,cal,15,1.0,7077,1.0,1.0,1.0,1.0,1.0,0.0,0.0,0.0,0.0,0.0,1.0,1.0,1.0
1,10410,exact,test,15,1.0,10410,1.0,1.0,1.0,1.0,1.0,1.0,1.0,0.0,1.0,1.0,1.0,1.0,0.0
1,10410,token_order,test,15,1.0,10410,0.95,1.0,0.6896551724137931,1.0,1.0,1.0,1.0,0.0,1.0,1.0,1.0,1.0,0.0
1,10410,ocr,test,15,1.0,10410,0.9473684210526316,0.9473684210526315,0.9473684210526316,0.5,1.0,1.0,1.0,0.0,1.0,1.0,0.0,1.0,0.0
1,10410,transliteration,test,15,1.0,10410,1.0,1.0,1.0,1.0,1.0,1.0,1.0,0.0,1.0,1.0,0.0,1.0,0.0
1,10410,sparse_attributes,test,15,1.0,10410,1.0,1.0,1.0,1.0,1.0,0.0,0.0,0.0,0.0,0.0,1.0,1.0,0.0
1,10410,official_alias,test,15,1.0,10410,1.0,1.0,1.0,1.0,1.0,1.0,1.0,0.0,0.0,1.0,1.0,1.0,1.0
1,15557,exact,test,15,1.0,15557,1.0,1.0,1.0,1.0,1.0,0.0,0.0,0.0,0.0,0.0,0.0,1.0,0.0
1,15557,token_order,test,15,1.0,15557,0.95,1.0,0.6071428571428572,1.0,1.0,0.0,0.0,0.0,0.0,0.0,1.0,1.0,0.0
1,15557,ocr,test,15,1.0,15557,0.9736842105263157,0.9736842105263157,0.9736842105263157,0.9090909090909091,1.0,0.0,0.0,0.0,0.0,1.0,1.0,1.0,0.0
1,15557,transliteration,test,15,1.0,15557,0.8484848484848484,0.4242424242424242,0.8,1.0,1.0,0.0,0.0,0.0,0.0,1.0,1.0,1.0,0.0
1,15557,sparse_attributes,test,15,1.0,15557,1.0,1.0,1.0,1.0,1.0,0.0,0.0,0.0,0.0,0.0,1.0,1.0,0.0
1,15557,official_alias,test,15,1.0,15557,1.0,1.0,1.0,1.0,1.0,0.0,0.0,0.0,0.0,0.0,0.0,1.0,1.0
1,11687,exact,test,15,1.0,11687,1.0,1.0,1.0,1.0,1.0,0.0,0.0,0.0,0.0,1.0,0.0,1.0,0.0
1,11687,token_order,test,15,1.0,11687,0.95,1.0,0.65,1.0,1.0,0.0,0.0,0.0,0.0,1.0,0.0,1.0,0.0
1,11687,ocr,test,15,1.0,11687,0.9767441860465115,0.9767441860465117,0.9523809523809522,0.75,1.0,0.0,0.0,0.0,0.0,1.0,1.0,1.0,0.0
1,11687,transliteration,test,15,1.0,11687,1.0,1.0,1.0,1.0,1.0,0.0,0.0,0.0,0.0,1.0,1.0,1.0,0.0
1,11687,sparse_attributes,test,15,1.0,11687,1.0,1.0,1.0,1.0,1.0,0.0,0.0,0.0,0.0,0.0,1.0,1.0,0.0
1,3077,exact,test,15,1.0,3077,1.0,1.0,1.0,1.0,1.0,0.0,0.0,0.0,0.0,1.0,1.0,1.0,0.0
1,3077,token_order,test,15,1.0,3077,0.95,1.0,0.5555555555555556,1.0,1.0,0.0,0.0,0.0,0.0,1.0,1.0,1.0,0.0
1,3077,ocr,test,15,1.0,3077,0.9523809523809522,0.9523809523809524,0.9473684210526316,1.0,1.0,0.0,0.0,0.0,0.0,1.0,1.0,1.0,0.0
1,3077,transliteration,test,15,1.0,3077,0.9,0.5,0.8235294117647058,0.0,1.0,0.0,0.0,0.0,0.0,1.0,1.0,1.0,0.0
1,3077,sparse_attributes,test,15,1.0,3077,1.0,1.0,1.0,1.0,1.0,0.0,0.0,0.0,0.0,0.0,1.0,1.0,0.0
1,288,exact,test,15,1.0,288,1.0,1.0,1.0,1.0,1.0,0.0,0.0,0.0,0.0,1.0,1.0,1.0,0.0
1,288,token_order,test,15,1.0,288,0.95,1.0,0.4705882352941176,1.0,1.0,0.0,0.0,0.0,0.0,0.0,1.0,1.0,0.0
1,288,ocr,test,15,1.0,288,0.990990990990991,0.9906542056074766,0.9818181818181819,1.0,1.0,0.0,0.0,0.0,0.0,0.0,1.0,1.0,0.0
1,288,transliteration,test,15,1.0,288,1.0,1.0,1.0,1.0,1.0,0.0,0.0,0.0,0.0,0.0,1.0,1.0,0.0
1,288,sparse_attributes,test,15,1.0,288,1.0,1.0,1.0,1.0,1.0,0.0,0.0,0.0,0.0,1.0,0.0,1.0,0.0
1,17250,exact,test,15,1.0,17250,1.0,1.0,1.0,1.0,1.0,0.0,0.0,0.0,0.0,1.0,1.0,1.0,0.0
1,17250,token_order,test,15,1.0,17250,0.95,1.0,0.5365853658536586,1.0,1.0,0.0,0.0,0.0,0.0,1.0,0.0,1.0,0.0
1,17250,ocr,test,15,1.0,17250,0.9894736842105263,0.9894736842105263,0.9787234042553191,1.0,1.0,0.0,0.0,0.0,0.0,1.0,1.0,1.0,0.0
1,17250,transliteration,test,15,1.0,17250,1.0,1.0,1.0,1.0,1.0,0.0,0.0,0.0,0.0,1.0,1.0,1.0,0.0
1,17250,sparse_attributes,test,15,1.0,17250,1.0,1.0,1.0,1.0,1.0,0.0,0.0,0.0,0.0,1.0,0.0,1.0,0.0
1,17250,official_alias,test,15,1.0,17250,1.0,1.0,1.0,1.0,1.0,0.0,0.0,0.0,0.0,1.0,1.0,1.0,1.0
1,18408,exact,test,15,1.0,18408,1.0,1.0,1.0,1.0,1.0,1.0,1.0,0.0,1.0,0.0,1.0,1.0,0.0
1,18408,token_order,test,15,1.0,18408,0.95,1.0,0.7027027027027026,1.0,1.0,1.0,1.0,0.0,1.0,1.0,1.0,1.0,0.0
1,18408,ocr,test,15,1.0,18408,0.9473684210526316,0.736842105263158,0.9473684210526316,0.3333333333333333,1.0,0.0,0.0,0.0,1.0,1.0,1.0,1.0,0.0
1,18408,transliteration,test,15,1.0,18408,0.9444444444444444,0.9444444444444444,0.8823529411764706,0.0,1.0,1.0,1.0,0.0,1.0,0.0,0.0,1.0,0.0
1,18408,sparse_attributes,test,15,1.0,18408,1.0,1.0,1.0,1.0,1.0,0.0,0.0,0.0,1.0,0.0,0.0,1.0,0.0
1,18408,official_alias,test,15,1.0,18408,1.0,1.0,1.0,1.0,1.0,1.0,1.0,0.0,0.0,1.0,1.0,1.0,1.0
1,8664,exact,test,15,1.0,8664,1.0,1.0,1.0,1.0,1.0,1.0,1.0,0.0,1.0,0.0,0.0,1.0,0.0
1,8664,token_order,test,15,1.0,8664,0.95,1.0,0.5641025641025641,1.0,1.0,0.0,0.0,0.0,0.0,1.0,1.0,1.0,0.0
1,8664,ocr,test,15,1.0,8664,0.9818181818181819,0.9818181818181819,0.962962962962963,1.0,1.0,1.0,1.0,0.0,1.0,0.0,1.0,1.0,0.0
1,8664,transliteration,test,15,1.0,8664,0.9433962264150944,0.7169811320754716,0.88,1.0,1.0,1.0,1.0,0.0,0.0,1.0,1.0,1.0,0.0
1,8664,sparse_attributes,test,15,1.0,8664,1.0,1.0,1.0,1.0,1.0,0.0,0.0,0.0,1.0,0.0,0.0,1.0,0.0
1,4296,exact,test,15,1.0,4296,1.0,1.0,1.0,1.0,1.0,0.0,0.0,0.0,1.0,1.0,0.0,1.0,0.0
1,4296,token_order,test,15,1.0,4296,0.95,1.0,0.9,1.0,1.0,1.0,1.0,0.0,0.0,1.0,1.0,1.0,0.0
1,4296,ocr,test,15,1.0,4296,0.9777777777777777,0.9777777777777777,0.9545454545454546,1.0,1.0,0.0,0.0,0.0,1.0,1.0,1.0,1.0,0.0
1,4296,transliteration,test,15,1.0,4296,0.9767441860465115,0.9767441860465117,0.9523809523809522,1.0,1.0,1.0,1.0,0.0,1.0,1.0,1.0,1.0,0.0
1,4296,sparse_attributes,test,15,1.0,4296,1.0,1.0,1.0,1.0,1.0,1.0,1.0,0.0,1.0,0.0,0.0,1.0,0.0
1,4296,official_alias,test,15,1.0,4296,1.0,1.0,1.0,1.0,1.0,1.0,1.0,0.0,1.0,1.0,1.0,1.0,1.0
1,8802,exact,test,15,1.0,8802,1.0,1.0,1.0,1.0,1.0,0.0,0.0,0.0,0.0,1.0,0.0,1.0,0.0
1,8802,token_order,test,15,1.0,8802,0.95,1.0,0.5714285714285714,1.0,1.0,0.0,0.0,0.0,0.0,1.0,1.0,1.0,0.0
1,8802,ocr,test,15,1.0,8802,0.9904761904761905,0.9904761904761905,0.9807692307692306,0.8333333333333334,1.0,0.0,0.0,0.0,0.0,1.0,0.0,1.0,0.0
1,8802,transliteration,test,15,1.0,8802,0.92,0.86,0.8602150537634408,1.0,1.0,0.0,0.0,0.0,0.0,1.0,1.0,1.0,0.0
1,8802,sparse_attributes,test,15,1.0,8802,1.0,1.0,1.0,1.0,1.0,0.0,0.0,0.0,0.0,0.0,0.0,1.0,0.0
1,5452,exact,test,15,1.0,5452,1.0,1.0,1.0,1.0,1.0,0.0,0.0,0.0,0.0,1.0,1.0,1.0,0.0
1,5452,token_order,test,15,1.0,5452,0.95,1.0,0.631578947368421,1.0,1.0,0.0,0.0,0.0,0.0,1.0,0.0,1.0,0.0
1,5452,ocr,test,15,1.0,5452,0.9565217391304348,0.9565217391304348,0.9565217391304348,1.0,1.0,0.0,0.0,0.0,0.0,1.0,1.0,1.0,0.0
1,5452,transliteration,test,15,1.0,5452,1.0,1.0,1.0,1.0,1.0,0.0,0.0,0.0,0.0,1.0,1.0,1.0,0.0
1,5452,sparse_attributes,test,15,1.0,5452,1.0,1.0,1.0,1.0,1.0,0.0,0.0,0.0,0.0,0.0,1.0,1.0,0.0
1,5452,official_alias,test,15,1.0,5452,1.0,1.0,1.0,1.0,1.0,0.0,0.0,0.0,0.0,1.0,1.0,1.0,1.0
1,11718,exact,test,15,1.0,11718,1.0,1.0,1.0,1.0,1.0,1.0,1.0,1.0,0.0,0.0,1.0,1.0,0.0
1,11718,token_order,test,15,1.0,11718,0.95,1.0,0.7586206896551724,1.0,1.0,0.0,0.0,1.0,1.0,1.0,1.0,1.0,0.0
1,11718,ocr,test,15,1.0,11718,0.9655172413793103,0.9655172413793103,1.0,0.6666666666666666,1.0,1.0,1.0,1.0,0.0,1.0,1.0,1.0,0.0
1,11718,transliteration,test,15,1.0,11718,0.8571428571428572,0.5714285714285715,0.7692307692307692,0.0,1.0,1.0,1.0,1.0,1.0,0.0,1.0,1.0,0.0
1,11718,sparse_attributes,test,15,1.0,11718,1.0,1.0,1.0,1.0,1.0,0.0,0.0,1.0,0.0,0.0,0.0,1.0,0.0
1,11718,official_alias,test,15,1.0,11718,1.0,1.0,1.0,1.0,1.0,1.0,1.0,0.0,1.0,1.0,0.0,1.0,1.0
1,13205,exact,test,15,1.0,13205,1.0,1.0,1.0,1.0,1.0,0.0,0.0,0.0,0.0,1.0,1.0,1.0,0.0
1,13205,token_order,test,15,1.0,13205,0.95,1.0,0.6666666666666667,1.0,1.0,0.0,0.0,0.0,0.0,0.0,1.0,1.0,0.0
1,13205,ocr,test,15,1.0,13205,0.875,0.875,0.875,0.5,1.0,0.0,0.0,0.0,0.0,1.0,1.0,1.0,0.0
1,13205,transliteration,test,15,1.0,13205,0.9333333333333332,0.9333333333333332,0.8571428571428572,0.0,1.0,0.0,0.0,0.0,0.0,1.0,0.0,1.0,0.0
1,13205,sparse_attributes,test,15,1.0,13205,1.0,1.0,1.0,1.0,1.0,0.0,0.0,0.0,0.0,0.0,0.0,1.0,0.0
1,12971,exact,test,15,1.0,12971,1.0,1.0,1.0,1.0,1.0,0.0,0.0,0.0,0.0,0.0,0.0,1.0,0.0
1,12971,token_order,test,15,1.0,12971,0.95,1.0,0.6,1.0,1.0,0.0,0.0,0.0,0.0,1.0,0.0,1.0,0.0
1,12971,ocr,test,15,1.0,12971,0.9333333333333332,0.9333333333333332,0.8571428571428572,1.0,1.0,0.0,0.0,0.0,0.0,1.0,1.0,1.0,0.0
1,12971,transliteration,test,15,1.0,12971,0.923076923076923,0.923076923076923,0.8333333333333335,0.0,1.0,0.0,0.0,0.0,0.0,1.0,1.0,1.0,0.0
1,12971,sparse_attributes,test,15,1.0,12971,1.0,1.0,1.0,1.0,1.0,0.0,0.0,0.0,0.0,0.0,0.0,1.0,0.0
1,12971,official_alias,test,15,1.0,12971,1.0,1.0,1.0,1.0,1.0,0.0,0.0,0.0,0.0,1.0,0.0,1.0,1.0
1,1725,exact,test,15,1.0,1725,1.0,1.0,1.0,1.0,1.0,1.0,1.0,1.0,0.0,1.0,1.0,1.0,0.0
1,1725,token_order,test,15,1.0,1725,0.95,1.0,0.8,1.0,1.0,1.0,1.0,0.0,0.0,0.0,0.0,1.0,0.0
1,1725,ocr,test,15,1.0,1725,0.9743589743589743,0.9743589743589743,0.972972972972973,1.0,1.0,0.0,0.0,1.0,0.0,1.0,0.0,1.0,0.0
1,1725,transliteration,test,15,1.0,1725,1.0,1.0,1.0,1.0,1.0,1.0,1.0,1.0,0.0,1.0,1.0,1.0,0.0
1,1725,sparse_attributes,test,15,1.0,1725,1.0,1.0,1.0,1.0,1.0,1.0,1.0,0.0,0.0,0.0,0.0,1.0,0.0
1,1725,official_alias,test,15,1.0,1725,1.0,1.0,1.0,1.0,1.0,1.0,1.0,1.0,0.0,1.0,1.0,1.0,1.0
1,13623,exact,test,15,1.0,13623,1.0,1.0,1.0,1.0,1.0,0.0,0.0,0.0,1.0,1.0,1.0,1.0,0.0
1,13623,token_order,test,15,1.0,13623,0.95,1.0,0.6285714285714286,1.0,1.0,1.0,1.0,0.0,0.0,1.0,1.0,1.0,0.0
1,13623,ocr,test,15,1.0,13623,0.9743589743589743,0.9743589743589743,0.9473684210526316,1.0,1.0,0.0,0.0,0.0,1.0,1.0,1.0,1.0,0.0
1,13623,transliteration,test,15,1.0,13623,1.0,1.0,1.0,1.0,1.0,1.0,1.0,0.0,1.0,1.0,1.0,1.0,0.0
1,13623,sparse_attributes,test,15,1.0,13623,1.0,1.0,1.0,1.0,1.0,1.0,1.0,0.0,0.0,1.0,1.0,1.0,0.0
1,11533,exact,test,15,1.0,11533,1.0,1.0,1.0,1.0,1.0,0.0,0.0,0.0,0.0,1.0,0.0,1.0,0.0
1,11533,token_order,test,15,1.0,11533,0.95,1.0,0.5354330708661417,1.0,1.0,0.0,0.0,0.0,0.0,1.0,0.0,1.0,0.0
1,11533,ocr,test,15,1.0,11533,0.9866666666666667,0.9855072463768115,0.9866666666666667,0.9,1.0,0.0,0.0,0.0,0.0,0.0,1.0,1.0,0.0
1,11533,transliteration,test,15,1.0,11533,1.0,1.0,1.0,1.0,1.0,0.0,0.0,0.0,0.0,0.0,1.0,1.0,0.0
1,11533,sparse_attributes,test,15,1.0,11533,1.0,1.0,1.0,1.0,1.0,0.0,0.0,0.0,0.0,1.0,1.0,1.0,0.0
1,11533,official_alias,test,15,1.0,11533,1.0,1.0,1.0,1.0,1.0,0.0,0.0,0.0,0.0,1.0,0.0,1.0,1.0
1,3701,exact,test,15,1.0,3701,1.0,1.0,1.0,1.0,1.0,0.0,0.0,0.0,0.0,1.0,1.0,1.0,0.0
1,3701,token_order,test,15,1.0,3701,0.95,1.0,0.6451612903225806,1.0,1.0,0.0,0.0,0.0,0.0,1.0,1.0,1.0,0.0
1,3701,ocr,test,15,1.0,3701,0.9714285714285714,0.9714285714285714,0.9411764705882352,0.6666666666666666,1.0,0.0,0.0,0.0,0.0,1.0,1.0,1.0,0.0
1,3701,transliteration,test,15,1.0,3701,1.0,1.0,1.0,1.0,1.0,0.0,0.0,0.0,0.0,1.0,1.0,1.0,0.0
1,3701,sparse_attributes,test,15,1.0,3701,1.0,1.0,1.0,1.0,1.0,0.0,0.0,0.0,0.0,0.0,0.0,1.0,0.0
1,3701,official_alias,test,15,1.0,3701,1.0,1.0,1.0,1.0,1.0,0.0,0.0,0.0,0.0,1.0,1.0,1.0,1.0
1,4141,exact,test,15,1.0,4141,1.0,1.0,1.0,1.0,1.0,1.0,1.0,0.0,1.0,1.0,1.0,1.0,0.0
1,4141,token_order,test,15,1.0,4141,0.95,1.0,0.5274725274725275,1.0,1.0,0.0,0.0,0.0,1.0,1.0,1.0,1.0,0.0
1,4141,ocr,test,15,1.0,4141,0.98989898989899,0.989247311827957,0.9795918367346939,1.0,1.0,0.0,0.0,0.0,1.0,1.0,1.0,1.0,0.0
1,4141,transliteration,test,15,1.0,4141,1.0,1.0,1.0,1.0,1.0,1.0,1.0,0.0,1.0,1.0,0.0,1.0,0.0
1,4141,sparse_attributes,test,15,1.0,4141,1.0,1.0,1.0,1.0,1.0,1.0,1.0,0.0,0.0,0.0,0.0,1.0,0.0
1,4141,official_alias,test,15,1.0,4141,1.0,1.0,1.0,1.0,1.0,1.0,1.0,0.0,1.0,0.0,1.0,1.0,1.0
1,19027,exact,test,15,1.0,19027,1.0,1.0,1.0,1.0,1.0,1.0,1.0,1.0,1.0,1.0,1.0,1.0,0.0
1,19027,token_order,test,15,1.0,19027,0.95,1.0,0.6086956521739131,1.0,1.0,1.0,1.0,1.0,0.0,0.0,1.0,1.0,0.0
1,19027,ocr,test,15,1.0,19027,0.9836065573770492,0.9836065573770492,0.9666666666666667,1.0,1.0,1.0,1.0,1.0,1.0,1.0,1.0,1.0,0.0
1,19027,transliteration,test,15,1.0,19027,1.0,1.0,1.0,1.0,1.0,0.0,0.0,1.0,1.0,1.0,0.0,1.0,0.0
1,19027,sparse_attributes,test,15,1.0,19027,1.0,1.0,1.0,1.0,1.0,0.0,0.0,0.0,1.0,1.0,0.0,1.0,0.0
1,4772,exact,test,15,1.0,4772,1.0,1.0,1.0,1.0,1.0,0.0,0.0,0.0,0.0,0.0,0.0,1.0,0.0
1,4772,token_order,test,15,1.0,4772,0.95,1.0,0.6666666666666667,1.0,1.0,0.0,0.0,0.0,0.0,1.0,1.0,1.0,0.0
1,4772,ocr,test,15,1.0,4772,0.8888888888888888,0.8888888888888888,0.8888888888888888,1.0,1.0,0.0,0.0,0.0,0.0,1.0,0.0,1.0,0.0
1,4772,transliteration,test,15,1.0,4772,1.0,1.0,1.0,1.0,1.0,0.0,0.0,0.0,0.0,1.0,1.0,1.0,0.0
1,4772,sparse_attributes,test,15,1.0,4772,1.0,1.0,1.0,1.0,1.0,0.0,0.0,0.0,0.0,0.0,1.0,1.0,0.0
1,8610,exact,test,15,1.0,8610,1.0,1.0,1.0,1.0,1.0,1.0,1.0,0.0,0.0,0.0,1.0,1.0,0.0
1,8610,token_order,test,15,1.0,8610,0.95,1.0,0.5405405405405406,1.0,1.0,1.0,1.0,0.0,1.0,1.0,0.0,1.0,0.0
1,8610,ocr,test,15,1.0,8610,0.9811320754716981,0.9811320754716981,0.9615384615384616,0.6666666666666666,1.0,1.0,1.0,0.0,1.0,1.0,1.0,1.0,0.0
1,8610,transliteration,test,15,1.0,8610,1.0,1.0,1.0,1.0,1.0,1.0,1.0,0.0,1.0,0.0,0.0,1.0,0.0
1,8610,sparse_attributes,test,15,1.0,8610,1.0,1.0,1.0,1.0,1.0,0.0,0.0,0.0,0.0,0.0,1.0,1.0,0.0
1,18560,exact,test,15,1.0,18560,1.0,1.0,1.0,1.0,1.0,0.0,0.0,0.0,0.0,0.0,1.0,1.0,0.0
1,18560,token_order,test,15,1.0,18560,0.95,1.0,0.59375,1.0,1.0,0.0,0.0,0.0,0.0,1.0,1.0,1.0,0.0
1,18560,ocr,test,15,1.0,18560,0.9859154929577465,0.9859154929577465,1.0,1.0,1.0,0.0,0.0,0.0,0.0,1.0,0.0,1.0,0.0
1,18560,transliteration,test,15,1.0,18560,0.9714285714285714,0.9714285714285714,0.9714285714285714,1.0,1.0,0.0,0.0,0.0,0.0,1.0,0.0,1.0,0.0
1,18560,sparse_attributes,test,15,1.0,18560,1.0,1.0,1.0,1.0,1.0,0.0,0.0,0.0,0.0,0.0,1.0,1.0,0.0
1,18560,official_alias,test,15,1.0,18560,1.0,1.0,1.0,1.0,1.0,0.0,0.0,0.0,0.0,1.0,1.0,1.0,1.0
1,4750,exact,test,15,1.0,4750,1.0,1.0,1.0,1.0,1.0,0.0,0.0,0.0,0.0,1.0,1.0,1.0,0.0
1,4750,token_order,test,15,1.0,4750,0.95,1.0,0.6666666666666667,1.0,1.0,0.0,0.0,0.0,0.0,1.0,1.0,1.0,0.0
1,4750,ocr,test,15,1.0,4750,0.9333333333333332,0.9333333333333332,0.9655172413793103,0.75,1.0,0.0,0.0,0.0,0.0,1.0,1.0,1.0,0.0
1,4750,transliteration,test,15,1.0,4750,1.0,1.0,1.0,1.0,1.0,0.0,0.0,0.0,0.0,0.0,1.0,1.0,0.0
1,4750,sparse_attributes,test,15,1.0,4750,1.0,1.0,1.0,1.0,1.0,0.0,0.0,0.0,0.0,0.0,0.0,1.0,0.0
1,10215,exact,test,15,1.0,10215,1.0,1.0,1.0,1.0,1.0,0.0,0.0,0.0,0.0,1.0,1.0,1.0,0.0
1,10215,token_order,test,15,1.0,10215,0.95,1.0,0.5,1.0,1.0,0.0,0.0,0.0,0.0,1.0,0.0,1.0,0.0
1,10215,ocr,test,15,1.0,10215,0.9615384615384616,0.9615384615384616,0.9615384615384616,1.0,1.0,0.0,0.0,0.0,0.0,1.0,1.0,1.0,0.0
1,10215,transliteration,test,15,1.0,10215,1.0,1.0,1.0,1.0,1.0,0.0,0.0,0.0,0.0,1.0,1.0,1.0,0.0
1,10215,sparse_attributes,test,15,1.0,10215,1.0,1.0,1.0,1.0,1.0,0.0,0.0,0.0,0.0,0.0,0.0,1.0,0.0
1,10215,official_alias,test,15,1.0,10215,1.0,1.0,1.0,1.0,1.0,0.0,0.0,0.0,0.0,1.0,0.0,1.0,1.0
1,13576,exact,test,15,1.0,13576,1.0,1.0,1.0,1.0,1.0,1.0,1.0,1.0,1.0,1.0,0.0,1.0,0.0
1,13576,token_order,test,15,1.0,13576,0.95,1.0,0.5531914893617021,1.0,1.0,0.0,0.0,1.0,1.0,1.0,1.0,1.0,0.0
1,13576,ocr,test,15,1.0,13576,0.9666666666666667,0.9666666666666667,0.9666666666666667,0.75,1.0,0.0,0.0,1.0,1.0,1.0,1.0,1.0,0.0
1,13576,transliteration,test,15,1.0,13576,0.9473684210526316,0.4912280701754386,0.8888888888888888,0.0,1.0,1.0,1.0,1.0,1.0,1.0,1.0,1.0,0.0
1,13576,sparse_attributes,test,15,1.0,13576,1.0,1.0,1.0,1.0,1.0,0.0,0.0,0.0,0.0,1.0,0.0,1.0,0.0
1,7956,exact,test,15,1.0,7956,1.0,1.0,1.0,1.0,1.0,0.0,0.0,0.0,0.0,1.0,0.0,1.0,0.0
1,7956,token_order,test,15,1.0,7956,0.95,1.0,0.49230769230769234,1.0,1.0,0.0,0.0,0.0,0.0,1.0,0.0,1.0,0.0
1,7956,ocr,test,15,1.0,7956,0.9782608695652173,0.9782608695652173,0.9782608695652173,0.875,1.0,0.0,0.0,0.0,0.0,1.0,1.0,1.0,0.0
1,7956,transliteration,test,15,1.0,7956,0.8809523809523809,0.40476190476190477,0.7894736842105263,1.0,1.0,0.0,0.0,0.0,0.0,0.0,1.0,1.0,0.0
1,7956,sparse_attributes,test,15,1.0,7956,1.0,1.0,1.0,1.0,1.0,0.0,0.0,0.0,0.0,0.0,0.0,1.0,0.0
1,7956,official_alias,test,15,1.0,7956,1.0,1.0,1.0,1.0,1.0,0.0,0.0,0.0,0.0,1.0,1.0,1.0,1.0
1,14635,exact,test,15,1.0,14635,1.0,1.0,1.0,1.0,1.0,0.0,0.0,0.0,0.0,1.0,1.0,1.0,0.0
1,14635,token_order,test,15,1.0,14635,0.95,1.0,0.6461538461538461,1.0,1.0,0.0,0.0,0.0,0.0,0.0,1.0,1.0,0.0
1,14635,ocr,test,15,1.0,14635,0.9863013698630136,0.9863013698630136,0.9859154929577465,0.8888888888888888,1.0,0.0,0.0,0.0,0.0,0.0,0.0,1.0,0.0
1,14635,transliteration,test,15,1.0,14635,1.0,1.0,1.0,1.0,1.0,0.0,0.0,0.0,0.0,1.0,1.0,1.0,0.0
1,14635,sparse_attributes,test,15,1.0,14635,1.0,1.0,1.0,1.0,1.0,0.0,0.0,0.0,0.0,0.0,0.0,1.0,0.0
1,6012,exact,test,15,1.0,6012,1.0,1.0,1.0,1.0,1.0,0.0,0.0,0.0,0.0,1.0,0.0,1.0,0.0
1,6012,token_order,test,15,1.0,6012,0.95,1.0,0.5176470588235293,1.0,1.0,0.0,0.0,0.0,0.0,1.0,1.0,1.0,0.0
1,6012,ocr,test,15,1.0,6012,0.9818181818181819,0.9818181818181819,0.9818181818181819,1.0,1.0,0.0,0.0,0.0,0.0,0.0,1.0,1.0,0.0
1,6012,transliteration,test,15,1.0,6012,1.0,1.0,1.0,1.0,1.0,0.0,0.0,0.0,0.0,1.0,1.0,1.0,0.0
1,6012,sparse_attributes,test,15,1.0,6012,1.0,1.0,1.0,1.0,1.0,0.0,0.0,0.0,0.0,0.0,0.0,1.0,0.0
1,6012,official_alias,test,15,1.0,6012,1.0,1.0,1.0,1.0,1.0,0.0,0.0,0.0,0.0,1.0,1.0,1.0,1.0
1,14184,exact,test,15,1.0,14184,1.0,1.0,1.0,1.0,1.0,0.0,0.0,0.0,0.0,1.0,1.0,1.0,0.0
1,14184,token_order,test,15,1.0,14184,0.95,1.0,0.5434782608695652,1.0,1.0,0.0,0.0,0.0,0.0,0.0,1.0,1.0,0.0
1,14184,ocr,test,15,1.0,14184,0.9827586206896551,0.98,0.9827586206896551,0.8571428571428571,1.0,0.0,0.0,0.0,0.0,0.0,1.0,1.0,0.0
1,14184,transliteration,test,15,1.0,14184,0.9357798165137613,0.4752475247524752,0.8712871287128714,1.0,1.0,0.0,0.0,0.0,0.0,1.0,1.0,1.0,0.0
1,14184,sparse_attributes,test,15,1.0,14184,1.0,1.0,1.0,1.0,1.0,0.0,0.0,0.0,0.0,1.0,0.0,1.0,0.0
1,14184,official_alias,test,15,1.0,14184,1.0,1.0,1.0,1.0,1.0,0.0,0.0,0.0,0.0,1.0,1.0,1.0,1.0
1,9825,exact,test,15,1.0,9825,1.0,1.0,1.0,1.0,1.0,1.0,1.0,1.0,1.0,1.0,0.0,1.0,0.0
1,9825,token_order,test,15,1.0,9825,0.95,1.0,0.6086956521739131,1.0,1.0,1.0,1.0,1.0,1.0,1.0,1.0,1.0,0.0
1,9825,ocr,test,15,1.0,9825,0.96,0.96,0.96,1.0,1.0,0.0,0.0,1.0,1.0,1.0,1.0,1.0,0.0
1,9825,transliteration,test,15,1.0,9825,1.0,1.0,1.0,1.0,1.0,1.0,1.0,1.0,1.0,1.0,1.0,1.0,0.0
1,9825,sparse_attributes,test,15,1.0,9825,1.0,1.0,1.0,1.0,1.0,0.0,0.0,0.0,0.0,0.0,0.0,1.0,0.0
1,9825,official_alias,test,15,1.0,9825,1.0,1.0,1.0,1.0,1.0,1.0,1.0,1.0,1.0,1.0,0.0,1.0,1.0
1,4106,exact,test,15,1.0,4106,1.0,1.0,1.0,1.0,1.0,0.0,0.0,0.0,0.0,1.0,1.0,1.0,0.0
1,4106,token_order,test,15,1.0,4106,0.95,1.0,0.7142857142857143,1.0,1.0,0.0,0.0,0.0,0.0,1.0,1.0,1.0,0.0
1,4106,ocr,test,15,1.0,4106,0.9583333333333335,0.9583333333333333,0.9583333333333335,1.0,1.0,0.0,0.0,0.0,0.0,0.0,0.0,1.0,0.0
1,4106,transliteration,test,15,1.0,4106,0.9583333333333335,0.9583333333333333,0.9583333333333335,1.0,1.0,0.0,0.0,0.0,0.0,1.0,1.0,1.0,0.0
1,4106,sparse_attributes,test,15,1.0,4106,1.0,1.0,1.0,1.0,1.0,0.0,0.0,0.0,0.0,0.0,0.0,1.0,0.0
1,4106,official_alias,test,15,1.0,4106,1.0,1.0,1.0,1.0,1.0,0.0,0.0,0.0,0.0,1.0,1.0,1.0,1.0
1,14433,exact,test,15,1.0,14433,1.0,1.0,1.0,1.0,1.0,0.0,0.0,0.0,0.0,1.0,1.0,1.0,0.0
1,14433,token_order,test,15,1.0,14433,0.95,1.0,0.7096774193548387,1.0,1.0,0.0,0.0,0.0,0.0,1.0,1.0,1.0,0.0
1,14433,ocr,test,15,1.0,14433,0.9411764705882352,0.9411764705882354,0.9411764705882352,1.0,1.0,0.0,0.0,0.0,0.0,1.0,0.0,1.0,0.0
1,14433,transliteration,test,15,1.0,14433,1.0,1.0,1.0,1.0,1.0,0.0,0.0,0.0,0.0,1.0,0.0,1.0,0.0
1,14433,sparse_attributes,test,15,1.0,14433,1.0,1.0,1.0,1.0,1.0,0.0,0.0,0.0,0.0,1.0,0.0,1.0,0.0
1,5085,exact,test,15,1.0,5085,1.0,1.0,1.0,1.0,1.0,1.0,1.0,0.0,0.0,0.0,1.0,1.0,0.0
1,5085,token_order,test,15,1.0,5085,0.95,1.0,0.6451612903225806,1.0,1.0,0.0,0.0,0.0,0.0,1.0,1.0,1.0,0.0
1,5085,ocr,test,15,1.0,5085,0.9696969696969697,0.9696969696969697,0.9375,1.0,1.0,1.0,1.0,0.0,0.0,0.0,1.0,1.0,0.0
1,5085,transliteration,test,15,1.0,5085,0.9411764705882352,0.9411764705882354,0.9411764705882352,1.0,1.0,0.0,0.0,0.0,0.0,1.0,1.0,1.0,0.0
1,5085,sparse_attributes,test,15,1.0,5085,1.0,1.0,1.0,1.0,1.0,1.0,1.0,0.0,0.0,0.0,0.0,1.0,0.0
1,18216,exact,test,15,1.0,18216,1.0,1.0,1.0,1.0,1.0,0.0,0.0,0.0,0.0,1.0,1.0,1.0,0.0
1,18216,token_order,test,15,1.0,18216,1.0,1.0,1.0,1.0,1.0,0.0,0.0,0.0,0.0,0.0,1.0,1.0,0.0
1,18216,ocr,test,15,0.0,9157,0.9,1.0,1.0,1.0,1.0,0.0,0.0,0.0,0.0,1.0,0.0,0.0,0.0
1,18216,transliteration,test,15,1.0,18216,1.0,1.0,1.0,1.0,1.0,0.0,0.0,0.0,0.0,1.0,1.0,1.0,0.0
1,18216,sparse_attributes,test,15,1.0,18216,1.0,1.0,1.0,1.0,1.0,0.0,0.0,0.0,0.0,0.0,0.0,1.0,0.0
1,10014,exact,test,15,1.0,10014,1.0,1.0,1.0,1.0,1.0,0.0,0.0,0.0,0.0,1.0,1.0,1.0,0.0
1,10014,token_order,test,15,1.0,10014,0.95,1.0,0.5555555555555556,1.0,1.0,0.0,0.0,0.0,0.0,0.0,0.0,1.0,0.0
1,10014,ocr,test,15,1.0,10014,0.9666666666666667,0.9666666666666667,0.9666666666666667,0.875,1.0,0.0,0.0,0.0,0.0,1.0,1.0,1.0,0.0
1,10014,transliteration,test,15,1.0,10014,0.9508196721311475,0.9508196721311475,0.9333333333333332,1.0,1.0,0.0,0.0,0.0,0.0,1.0,1.0,1.0,0.0
1,10014,sparse_attributes,test,15,1.0,10014,1.0,1.0,1.0,1.0,1.0,0.0,0.0,0.0,0.0,0.0,0.0,1.0,0.0
1,11762,exact,test,15,1.0,11762,1.0,1.0,1.0,1.0,1.0,0.0,0.0,0.0,1.0,0.0,1.0,1.0,0.0
1,11762,token_order,test,15,1.0,11762,0.95,1.0,0.6222222222222222,1.0,1.0,1.0,1.0,1.0,1.0,1.0,1.0,1.0,0.0
1,11762,ocr,test,15,1.0,11762,0.96,0.96,0.96,0.75,1.0,1.0,1.0,1.0,1.0,1.0,1.0,1.0,0.0
1,11762,transliteration,test,15,1.0,11762,0.8979591836734694,0.8979591836734694,0.9333333333333332,1.0,1.0,1.0,1.0,1.0,1.0,1.0,1.0,1.0,0.0
1,11762,sparse_attributes,test,15,1.0,11762,1.0,1.0,1.0,1.0,1.0,0.0,0.0,1.0,0.0,0.0,0.0,1.0,0.0
1,13180,exact,test,15,1.0,13180,1.0,1.0,1.0,1.0,1.0,0.0,0.0,0.0,0.0,1.0,0.0,1.0,0.0
1,13180,token_order,test,15,1.0,13180,0.95,1.0,0.75,1.0,1.0,0.0,0.0,0.0,0.0,1.0,1.0,1.0,0.0
1,13180,ocr,test,15,1.0,13180,0.9,0.9,0.9,0.5,1.0,0.0,0.0,0.0,0.0,0.0,1.0,1.0,0.0
1,13180,transliteration,test,15,1.0,13180,1.0,1.0,1.0,1.0,1.0,0.0,0.0,0.0,0.0,1.0,0.0,1.0,0.0
1,13180,sparse_attributes,test,15,1.0,13180,1.0,1.0,1.0,1.0,1.0,0.0,0.0,0.0,0.0,0.0,1.0,1.0,0.0
1,15113,exact,test,15,1.0,15113,1.0,1.0,1.0,1.0,1.0,0.0,0.0,0.0,0.0,1.0,1.0,1.0,0.0
1,15113,token_order,test,15,1.0,15113,0.95,1.0,0.7272727272727273,1.0,1.0,0.0,0.0,0.0,0.0,0.0,1.0,1.0,0.0
1,15113,ocr,test,15,1.0,15113,0.9285714285714286,0.9285714285714286,0.9285714285714286,1.0,1.0,0.0,0.0,0.0,0.0,0.0,1.0,1.0,0.0
1,15113,transliteration,test,15,1.0,15113,1.0,1.0,1.0,1.0,1.0,0.0,0.0,0.0,0.0,1.0,0.0,1.0,0.0
1,15113,sparse_attributes,test,15,1.0,15113,1.0,1.0,1.0,1.0,1.0,0.0,0.0,0.0,0.0,1.0,0.0,1.0,0.0
1,12411,exact,test,15,1.0,12411,1.0,1.0,1.0,1.0,1.0,0.0,0.0,0.0,1.0,1.0,1.0,1.0,0.0
1,12411,token_order,test,15,1.0,12411,0.95,1.0,0.5384615384615384,1.0,1.0,1.0,1.0,0.0,1.0,1.0,1.0,1.0,0.0
1,12411,ocr,test,15,1.0,12411,0.9333333333333332,0.9333333333333332,0.9655172413793103,1.0,1.0,1.0,1.0,0.0,1.0,1.0,1.0,1.0,0.0
1,12411,transliteration,test,15,1.0,12411,0.9285714285714286,0.6428571428571428,0.8461538461538461,0.0,1.0,1.0,1.0,0.0,1.0,1.0,1.0,1.0,0.0
1,12411,sparse_attributes,test,15,1.0,12411,1.0,1.0,1.0,1.0,1.0,0.0,0.0,0.0,1.0,0.0,0.0,1.0,0.0
1,12411,official_alias,test,15,1.0,12411,1.0,1.0,1.0,1.0,1.0,1.0,1.0,0.0,1.0,1.0,1.0,1.0,1.0
1,11389,exact,test,15,1.0,11389,1.0,1.0,1.0,1.0,1.0,0.0,0.0,0.0,0.0,1.0,1.0,1.0,0.0
1,11389,token_order,test,15,1.0,11389,0.95,1.0,0.4615384615384615,1.0,1.0,0.0,0.0,0.0,0.0,0.0,1.0,1.0,0.0
1,11389,ocr,test,15,1.0,11389,0.967741935483871,0.967741935483871,0.9836065573770492,1.0,1.0,0.0,0.0,0.0,0.0,1.0,1.0,1.0,0.0
1,11389,transliteration,test,15,1.0,11389,1.0,1.0,1.0,1.0,1.0,0.0,0.0,0.0,0.0,0.0,0.0,1.0,0.0
1,11389,sparse_attributes,test,15,1.0,11389,1.0,1.0,1.0,1.0,1.0,0.0,0.0,0.0,0.0,1.0,0.0,1.0,0.0
1,11389,official_alias,test,15,1.0,11389,1.0,1.0,1.0,1.0,1.0,0.0,0.0,0.0,0.0,1.0,0.0,1.0,1.0
1,7930,exact,test,15,1.0,7930,1.0,1.0,1.0,1.0,1.0,0.0,0.0,0.0,0.0,1.0,1.0,1.0,0.0
1,7930,token_order,test,15,1.0,7930,0.95,1.0,0.6808510638297872,1.0,1.0,0.0,0.0,0.0,0.0,1.0,0.0,1.0,0.0
1,7930,ocr,test,15,1.0,7930,0.9666666666666667,0.9666666666666667,0.9666666666666667,0.75,1.0,0.0,0.0,0.0,0.0,1.0,1.0,1.0,0.0
1,7930,transliteration,test,15,1.0,7930,0.9473684210526316,0.631578947368421,0.8888888888888888,0.0,1.0,0.0,0.0,0.0,0.0,1.0,0.0,1.0,0.0
1,7930,sparse_attributes,test,15,1.0,7930,1.0,1.0,1.0,1.0,1.0,0.0,0.0,0.0,0.0,0.0,1.0,1.0,0.0
1,13888,exact,test,15,1.0,13217,1.0,1.0,1.0,1.0,1.0,0.0,0.0,0.0,0.0,0.3342592592592593,1.0,1.0,0.0
1,13888,token_order,test,15,1.0,13217,1.0,1.0,1.0,1.0,1.0,0.0,0.0,0.0,0.0,0.3342592592592593,1.0,1.0,0.0
1,13888,ocr,test,15,1.0,13217,0.8333333333333335,0.8333333333333333,0.9090909090909091,1.0,1.0,0.0,0.0,0.0,0.0,0.3342592592592593,1.0,1.0,0.0
1,13888,transliteration,test,15,1.0,13888,1.0,1.0,1.0,1.0,1.0,0.0,0.0,0.0,0.0,1.0,0.0,1.0,0.0
1,13888,sparse_attributes,test,15,1.0,13217,1.0,1.0,1.0,1.0,1.0,0.0,0.0,0.0,0.0,0.0,1.0,1.0,0.0
1,13888,official_alias,test,15,1.0,13888,1.0,1.0,1.0,1.0,1.0,0.0,0.0,0.0,0.0,1.0,1.0,1.0,1.0
1,18798,exact,test,15,1.0,18798,1.0,1.0,1.0,1.0,1.0,0.0,0.0,0.0,0.0,1.0,1.0,1.0,0.0
1,18798,token_order,test,15,1.0,18798,1.0,1.0,1.0,1.0,1.0,0.0,0.0,0.0,0.0,1.0,1.0,1.0,0.0
1,18798,ocr,test,15,0.0,14584,0.72,0.5333333333333333,0.8,0.0,1.0,0.0,0.0,0.0,0.0,1.0,0.0,0.0,0.0
1,18798,transliteration,test,15,1.0,18798,1.0,1.0,1.0,1.0,1.0,0.0,0.0,0.0,0.0,1.0,0.0,1.0,0.0
1,18798,sparse_attributes,test,15,1.0,18798,1.0,1.0,1.0,1.0,1.0,0.0,0.0,0.0,0.0,0.0,0.0,1.0,0.0
1,12213,exact,test,15,1.0,12213,1.0,1.0,1.0,1.0,1.0,0.0,0.0,1.0,0.0,1.0,1.0,1.0,0.0
1,12213,token_order,test,15,1.0,12213,0.95,1.0,0.8461538461538461,1.0,1.0,1.0,1.0,1.0,1.0,1.0,0.0,1.0,0.0
1,12213,ocr,test,15,1.0,12213,0.95,1.0,0.9333333333333332,1.0,1.0,1.0,1.0,1.0,1.0,1.0,1.0,1.0,0.0
1,12213,transliteration,test,15,1.0,12213,0.9285714285714286,0.7272727272727272,0.8461538461538461,0.0,1.0,0.0,0.0,1.0,1.0,1.0,0.0,1.0,0.0
1,12213,sparse_attributes,test,15,1.0,12213,1.0,1.0,1.0,1.0,1.0,0.0,0.0,1.0,0.0,0.0,0.0,1.0,0.0
1,11323,exact,test,15,1.0,11323,1.0,1.0,1.0,1.0,1.0,0.0,0.0,0.0,0.0,1.0,1.0,1.0,0.0
1,11323,token_order,test,15,1.0,11323,0.95,1.0,0.7692307692307692,1.0,1.0,0.0,0.0,0.0,0.0,0.0,1.0,1.0,0.0
1,11323,ocr,test,15,1.0,11323,0.9411764705882352,0.9411764705882354,1.0,1.0,1.0,0.0,0.0,0.0,0.0,1.0,1.0,1.0,0.0
1,11323,transliteration,test,15,1.0,11323,1.0,1.0,1.0,1.0,1.0,0.0,0.0,0.0,0.0,1.0,1.0,1.0,0.0
1,11323,sparse_attributes,test,15,1.0,11323,1.0,1.0,1.0,1.0,1.0,0.0,0.0,0.0,0.0,0.0,1.0,1.0,0.0
1,4557,exact,test,15,1.0,4557,1.0,1.0,1.0,1.0,1.0,0.0,0.0,0.0,0.0,0.0,1.0,1.0,0.0
1,4557,token_order,test,15,1.0,4557,0.95,1.0,0.7142857142857143,1.0,1.0,0.0,0.0,0.0,0.0,1.0,1.0,1.0,0.0
1,4557,ocr,test,15,1.0,4557,0.9444444444444444,0.9444444444444444,0.9444444444444444,1.0,1.0,0.0,0.0,0.0,0.0,1.0,1.0,1.0,0.0
1,4557,transliteration,test,15,1.0,4557,1.0,1.0,1.0,1.0,1.0,0.0,0.0,0.0,0.0,1.0,0.0,1.0,0.0
1,4557,sparse_attributes,test,15,1.0,4557,1.0,1.0,1.0,1.0,1.0,0.0,0.0,0.0,0.0,0.0,0.0,1.0,0.0
1,3398,exact,test,15,1.0,3398,1.0,1.0,1.0,1.0,1.0,0.0,0.0,0.0,0.0,0.0,1.0,1.0,0.0
1,3398,token_order,test,15,1.0,3398,0.95,1.0,0.75,1.0,1.0,1.0,1.0,0.0,1.0,1.0,0.0,1.0,0.0
1,3398,ocr,test,15,1.0,3398,0.923076923076923,0.923076923076923,0.923076923076923,0.6666666666666666,1.0,1.0,1.0,0.0,1.0,0.0,1.0,1.0,0.0
1,3398,transliteration,test,15,1.0,3398,1.0,1.0,1.0,1.0,1.0,0.0,0.0,0.0,0.0,1.0,1.0,1.0,0.0
1,3398,sparse_attributes,test,15,1.0,3398,1.0,1.0,1.0,1.0,1.0,0.0,0.0,0.0,1.0,0.0,0.0,1.0,0.0
1,3398,official_alias,test,15,1.0,3398,1.0,1.0,1.0,1.0,1.0,1.0,1.0,0.0,1.0,0.0,1.0,1.0,1.0
1,18657,exact,test,15,1.0,18657,1.0,1.0,1.0,1.0,1.0,0.0,0.0,0.0,0.0,0.0,1.0,1.0,0.0
1,18657,token_order,test,15,1.0,18657,0.95,1.0,0.7142857142857143,1.0,1.0,0.0,0.0,0.0,0.0,1.0,1.0,1.0,0.0
1,18657,ocr,test,15,1.0,18657,0.8888888888888888,0.8888888888888888,0.8888888888888888,0.5,1.0,0.0,0.0,0.0,0.0,1.0,1.0,1.0,0.0
1,18657,transliteration,test,15,1.0,18657,0.9411764705882352,0.9411764705882354,0.875,0.0,1.0,0.0,0.0,0.0,0.0,0.0,1.0,1.0,0.0
1,18657,sparse_attributes,test,15,1.0,18657,1.0,1.0,1.0,1.0,1.0,0.0,0.0,0.0,0.0,1.0,0.0,1.0,0.0
1,3747,exact,test,15,1.0,3747,1.0,1.0,1.0,1.0,1.0,0.0,0.0,0.0,0.0,0.0,1.0,1.0,0.0
1,3747,token_order,test,15,1.0,3747,0.95,1.0,0.75,1.0,1.0,0.0,0.0,0.0,0.0,1.0,0.0,1.0,0.0
1,3747,ocr,test,15,1.0,3747,0.9,0.9,0.9,1.0,1.0,0.0,0.0,0.0,0.0,1.0,0.0,1.0,0.0
1,3747,transliteration,test,15,1.0,3747,0.8888888888888888,0.7777777777777777,0.875,1.0,1.0,0.0,0.0,0.0,0.0,1.0,1.0,1.0,0.0
1,3747,sparse_attributes,test,15,1.0,3747,1.0,1.0,1.0,1.0,1.0,0.0,0.0,0.0,0.0,0.0,0.0,1.0,0.0
1,18714,exact,test,15,1.0,18714,1.0,1.0,1.0,1.0,1.0,1.0,1.0,1.0,0.0,1.0,1.0,1.0,0.0
1,18714,token_order,test,15,1.0,18714,0.95,1.0,0.6956521739130435,1.0,1.0,0.0,0.0,1.0,1.0,1.0,1.0,1.0,0.0
1,18714,ocr,test,15,1.0,18714,0.9333333333333332,0.9333333333333332,0.9333333333333332,1.0,1.0,0.0,0.0,1.0,1.0,1.0,0.0,1.0,0.0
1,18714,transliteration,test,15,1.0,18714,1.0,1.0,1.0,1.0,1.0,1.0,1.0,1.0,0.0,0.0,1.0,1.0,0.0
1,18714,sparse_attributes,test,15,1.0,18714,1.0,1.0,1.0,1.0,1.0,1.0,1.0,0.0,0.0,0.0,0.0,1.0,0.0
1,11486,exact,test,15,1.0,11486,1.0,1.0,1.0,1.0,1.0,1.0,1.0,1.0,1.0,1.0,1.0,1.0,0.0
1,11486,token_order,test,15,1.0,11486,0.95,1.0,0.625,1.0,1.0,1.0,1.0,1.0,1.0,1.0,1.0,1.0,0.0
1,11486,ocr,test,15,1.0,11486,0.9444444444444444,0.9444444444444444,0.9444444444444444,0.6666666666666666,1.0,1.0,1.0,1.0,1.0,1.0,1.0,1.0,0.0
1,11486,transliteration,test,15,1.0,11486,1.0,1.0,1.0,1.0,1.0,1.0,1.0,1.0,0.0,1.0,1.0,1.0,0.0
1,11486,sparse_attributes,test,15,1.0,11486,1.0,1.0,1.0,1.0,1.0,0.0,0.0,0.0,0.0,1.0,0.0,1.0,0.0
1,15690,exact,test,15,1.0,15690,1.0,1.0,1.0,1.0,1.0,1.0,1.0,1.0,0.0,0.0,0.0,1.0,0.0
1,15690,token_order,test,15,1.0,15690,0.95,1.0,0.5853658536585367,1.0,1.0,0.0,0.0,1.0,0.0,1.0,1.0,1.0,0.0
1,15690,ocr,test,15,1.0,15690,0.9565217391304348,0.9565217391304348,0.9565217391304348,0.6666666666666666,1.0,0.0,0.0,0.0,1.0,0.0,0.0,1.0,0.0
1,15690,transliteration,test,15,1.0,15690,1.0,1.0,1.0,1.0,1.0,1.0,1.0,1.0,1.0,1.0,1.0,1.0,0.0
1,15690,sparse_attributes,test,15,1.0,15690,1.0,1.0,1.0,1.0,1.0,0.0,0.0,0.0,1.0,0.0,1.0,1.0,0.0
1,6394,exact,test,15,1.0,6394,1.0,1.0,1.0,1.0,1.0,1.0,1.0,0.0,0.0,1.0,1.0,1.0,0.0
1,6394,token_order,test,15,1.0,6394,0.95,1.0,0.6666666666666667,1.0,1.0,0.0,0.0,0.0,1.0,1.0,1.0,1.0,0.0
1,6394,ocr,test,15,1.0,6394,0.9696969696969697,0.9696969696969697,0.967741935483871,1.0,1.0,0.0,0.0,0.0,1.0,1.0,0.0,1.0,0.0
1,6394,transliteration,test,15,1.0,6394,1.0,1.0,1.0,1.0,1.0,1.0,1.0,0.0,1.0,1.0,1.0,1.0,0.0
1,6394,sparse_attributes,test,15,1.0,6394,1.0,1.0,1.0,1.0,1.0,0.0,0.0,0.0,1.0,0.0,0.0,1.0,0.0
1,8890,exact,test,15,1.0,8890,1.0,1.0,1.0,1.0,1.0,0.0,0.0,0.0,0.0,1.0,1.0,1.0,0.0
1,8890,token_order,test,15,1.0,8890,0.95,1.0,0.4444444444444444,1.0,1.0,0.0,0.0,0.0,0.0,0.0,1.0,1.0,0.0
1,8890,ocr,test,15,1.0,8890,0.9879518072289156,0.9879518072289157,0.975609756097561,1.0,1.0,0.0,0.0,0.0,0.0,0.0,1.0,1.0,0.0
1,8890,transliteration,test,15,1.0,8890,1.0,1.0,1.0,1.0,1.0,0.0,0.0,0.0,0.0,1.0,1.0,1.0,0.0
1,8890,sparse_attributes,test,15,1.0,8890,1.0,1.0,1.0,1.0,1.0,0.0,0.0,0.0,0.0,1.0,1.0,1.0,0.0
1,8890,official_alias,test,15,1.0,8890,1.0,1.0,1.0,1.0,1.0,0.0,0.0,0.0,0.0,0.0,1.0,1.0,1.0
1,15430,exact,test,15,1.0,15430,1.0,1.0,1.0,1.0,1.0,0.0,0.0,0.0,0.0,1.0,1.0,1.0,0.0
1,15430,token_order,test,15,1.0,15430,0.95,1.0,0.71875,1.0,1.0,0.0,0.0,0.0,0.0,0.0,1.0,1.0,0.0
1,15430,ocr,test,15,1.0,15430,0.9863013698630136,0.9863013698630136,0.9722222222222221,1.0,1.0,0.0,0.0,0.0,0.0,1.0,1.0,1.0,0.0
1,15430,transliteration,test,15,1.0,15430,1.0,1.0,1.0,1.0,1.0,0.0,0.0,0.0,0.0,0.0,1.0,1.0,0.0
1,15430,sparse_attributes,test,15,1.0,15430,1.0,1.0,1.0,1.0,1.0,0.0,0.0,0.0,0.0,0.0,0.0,1.0,0.0
1,424,exact,test,15,1.0,424,1.0,1.0,1.0,1.0,1.0,0.0,0.0,0.0,0.0,1.0,1.0,1.0,0.0
1,424,token_order,test,15,1.0,424,0.95,1.0,0.625,1.0,1.0,1.0,1.0,1.0,0.0,1.0,1.0,1.0,0.0
1,424,ocr,test,15,1.0,424,0.9565217391304348,0.9565217391304348,0.9090909090909091,1.0,1.0,0.0,0.0,1.0,0.0,1.0,1.0,1.0,0.0
1,424,transliteration,test,15,1.0,424,1.0,1.0,1.0,1.0,1.0,1.0,1.0,1.0,0.0,1.0,1.0,1.0,0.0
1,424,sparse_attributes,test,15,1.0,424,1.0,1.0,1.0,1.0,1.0,0.0,0.0,0.0,0.0,0.0,0.0,1.0,0.0
1,7116,exact,test,15,1.0,7116,1.0,1.0,1.0,1.0,1.0,0.0,0.0,0.0,0.0,1.0,1.0,1.0,0.0
1,7116,token_order,test,15,1.0,7116,0.95,1.0,0.56,1.0,1.0,0.0,0.0,0.0,0.0,0.0,0.0,1.0,0.0
1,7116,ocr,test,15,1.0,7116,0.972972972972973,0.9729729729729729,0.9444444444444444,1.0,1.0,0.0,0.0,0.0,0.0,1.0,1.0,1.0,0.0
1,7116,transliteration,test,15,1.0,7116,0.9411764705882352,0.411764705882353,0.875,0.0,1.0,0.0,0.0,0.0,0.0,1.0,0.0,1.0,0.0
1,7116,sparse_attributes,test,15,1.0,7116,1.0,1.0,1.0,1.0,1.0,0.0,0.0,0.0,0.0,0.0,0.0,1.0,0.0
1,7116,official_alias,test,15,1.0,7116,1.0,1.0,1.0,1.0,1.0,0.0,0.0,0.0,0.0,0.0,1.0,1.0,1.0
1,9201,exact,test,15,1.0,9201,1.0,1.0,1.0,1.0,1.0,1.0,1.0,0.0,1.0,0.0,1.0,1.0,0.0
1,9201,token_order,test,15,1.0,9201,0.95,1.0,0.6111111111111112,1.0,1.0,1.0,1.0,0.0,1.0,1.0,1.0,1.0,0.0
1,9201,ocr,test,15,1.0,9201,0.9803921568627451,0.9803921568627452,0.96,1.0,1.0,1.0,1.0,0.0,1.0,1.0,1.0,1.0,0.0
1,9201,transliteration,test,15,1.0,9201,0.8846153846153846,0.8846153846153847,0.851063829787234,1.0,1.0,0.0,0.0,0.0,1.0,1.0,1.0,1.0,0.0
1,9201,sparse_attributes,test,15,1.0,9201,1.0,1.0,1.0,1.0,1.0,0.0,0.0,0.0,0.0,0.0,0.0,1.0,0.0
1,5348,exact,test,15,1.0,5348,1.0,1.0,1.0,1.0,1.0,0.0,0.0,0.0,0.0,1.0,1.0,1.0,0.0
1,5348,token_order,test,15,1.0,5348,0.95,1.0,0.8333333333333335,1.0,1.0,1.0,1.0,0.0,0.0,1.0,1.0,1.0,0.0
1,5348,ocr,test,15,1.0,5348,0.9285714285714286,0.9285714285714286,0.9285714285714286,1.0,1.0,1.0,1.0,0.0,0.0,1.0,1.0,1.0,0.0
1,5348,transliteration,test,15,0.0,1060,0.855,0.4102564102564103,0.6153846153846154,0.5,1.0,0.0,0.0,0.0,0.0,0.0,1.0,1.0,0.0
1,5348,sparse_attributes,test,15,1.0,5348,1.0,1.0,1.0,1.0,1.0,0.0,0.0,0.0,0.0,0.0,1.0,1.0,0.0
0,-1,legitimate_en_US,train,15,,17208,0.9,0.6153846153846154,1.0,0.5,1.0,0.0,0.0,0.0,0.0,0.57,0.0,0.0,0.0
0,-1,legitimate_en_GB,train,15,,4855,0.64125,0.3571428571428571,0.6666666666666667,0.0,1.0,0.0,0.0,0.0,0.0,0.24,0.0,0.0,0.0
0,-1,legitimate_es_ES,train,15,,1602,0.855,0.5142857142857143,0.8181818181818181,0.3333333333333333,1.0,0.0,0.0,0.0,0.0,0.43428571428571433,0.0,0.0,0.0
0,-1,legitimate_fr_FR,train,15,,1003,0.5947826086956521,0.42857142857142855,0.5263157894736843,0.5,1.0,0.0,0.0,0.4663636363636363,0.0,0.855,0.0,1.0,0.0
0,-1,legitimate_de_DE,train,15,,1473,0.4987499999999999,0.4444444444444444,0.4545454545454546,0.0,1.0,0.0,0.0,0.0,0.0,0.3028985507246377,0.0,1.0,0.0
0,-1,legitimate_it_IT,train,15,,18282,0.5351351351351351,0.5531914893617021,0.5945945945945945,0.5,1.0,0.0,0.0,0.0,0.0,0.4736842105263159,0.0,0.0,0.0
0,-1,legitimate_pt_BR,train,15,,4673,0.855,0.625,0.7,0.5,1.0,0.0,0.0,0.3783783783783784,0.0,0.45,0.0,1.0,0.0
0,-1,legitimate_ru_RU,train,15,,8669,0.6785714285714286,0.6785714285714286,0.6785714285714286,0.3333333333333333,1.0,0.0,0.0,0.0,0.0,0.57,0.0,1.0,0.0
0,-1,legitimate_uk_UA,train,15,,1112,0.5714285714285714,0.5238095238095238,0.631578947368421,0.0,1.0,0.0,0.0,0.28125,0.0,0.4275,0.0,1.0,1.0
0,-1,legitimate_ar_EG,train,15,,17170,0.48,0.48,0.5555555555555556,0.5,1.0,0.0,0.0,0.0,0.0,0.57,0.0,0.0,1.0
0,-1,legitimate_fa_IR,train,15,,5654,0.4090909090909091,0.2857142857142857,0.4545454545454546,1.0,1.0,0.0,0.0,0.342,0.0,0.57,0.0,1.0,1.0
0,-1,legitimate_hi_IN,train,15,,1895,0.6107142857142858,0.5,0.5555555555555556,0.0,1.0,0.0,0.0,0.0,0.0,0.57,0.0,1.0,1.0
0,-1,legitimate_zh_CN,train,15,,4366,0.855,0.6666666666666665,0.8333333333333335,0.5,1.0,0.0,0.0,0.0,0.0,0.24428571428571427,0.0,1.0,0.0
0,-1,legitimate_ja_JP,train,15,,10323,0.855,0.3950617283950617,0.6111111111111112,0.5,1.0,0.0,0.0,0.0,0.0,0.3821656050955414,0.0,0.0,1.0
0,-1,legitimate_ko_KR,train,15,,3876,0.4444444444444444,0.4444444444444444,0.6153846153846154,1.0,1.0,0.0,0.0,0.2571428571428571,0.0,0.2,0.0,1.0,1.0
0,-1,legitimate_tr_TR,train,15,,3019,0.5490196078431373,0.5490196078431372,0.5833333333333333,0.25,1.0,0.0,0.0,0.30000000000000004,0.0,0.57,0.0,1.0,1.0
0,-1,legitimate_id_ID,train,15,,18153,0.855,0.45283018867924524,0.4761904761904761,0.5,1.0,0.0,0.0,0.0,0.0,0.45,0.0,0.0,0.0
0,-1,legitimate_en_US,train,15,,3000,0.855,0.5882352941176471,0.5,0.5,1.0,0.0,0.0,0.0,0.0,0.855,0.0,1.0,1.0
0,-1,legitimate_en_GB,train,15,,8057,0.6785714285714286,0.7142857142857143,0.5555555555555556,0.5,1.0,0.0,0.0,0.3272727272727273,0.0,0.38,0.0,1.0,0.0
0,-1,legitimate_es_ES,train,15,,4683,0.855,0.5172413793103449,0.7058823529411764,0.3333333333333333,1.0,0.0,0.0,0.0,0.0,0.3544303797468354,0.0,0.0,0.0
0,-1,legitimate_fr_FR,train,15,,847,0.855,0.4516129032258065,0.5,0.25,1.0,0.0,0.0,0.36,0.0,0.4090909090909091,0.0,1.0,1.0
0,-1,legitimate_de_DE,train,15,,5467,0.534375,0.5,0.5555555555555556,0.5,1.0,0.0,0.0,0.0,0.0,0.36,0.0,0.0,1.0
0,-1,legitimate_it_IT,train,15,,14930,0.4714285714285715,0.2741935483870968,0.5238095238095238,0.3333333333333333,1.0,0.0,0.0,0.0,0.0,0.855,0.0,0.0,0.0
0,-1,legitimate_pt_BR,train,15,,17339,0.855,0.6666666666666665,0.6666666666666667,1.0,1.0,0.0,0.0,0.36,0.0,0.57,0.0,1.0,0.0
0,-1,legitimate_ru_RU,train,15,,11359,0.7241379310344827,0.6206896551724138,0.7241379310344827,0.6666666666666666,1.0,0.0,0.0,0.0,0.0,0.40111111111111114,0.0,1.0,1.0
0,-1,legitimate_uk_UA,train,15,,15888,0.5161290322580645,0.5161290322580645,0.5217391304347826,0.5,1.0,0.0,0.0,0.0,0.0,0.2,0.0,0.0,0.0
0,-1,legitimate_ar_EG,train,15,,2169,0.855,0.5882352941176471,0.6666666666666667,0.5,1.0,0.0,0.0,0.3076923076923077,0.0,0.3375,0.0,1.0,0.0
0,-1,legitimate_fa_IR,train,15,,10348,0.49090909090909085,0.48275862068965514,0.5454545454545454,1.0,1.0,0.0,0.0,0.0,0.0,0.30000000000000004,0.0,1.0,1.0
0,-1,legitimate_hi_IN,train,15,,148,0.54,0.29629629629629634,0.6,0.3333333333333333,1.0,0.0,0.0,0.19999999999999996,0.0,0.24,0.0,1.0,1.0
0,-1,legitimate_zh_CN,train,15,,19167,0.8235294117647058,0.8235294117647058,0.9333333333333332,0.5,1.0,0.0,0.0,0.0,0.0,0.57,0.0,1.0,0.0
0,-1,legitimate_ja_JP,train,15,,3670,0.855,0.6666666666666665,0.625,0.3333333333333333,1.0,0.0,0.0,0.0,0.0,0.2,0.0,0.0,0.0
0,-1,legitimate_ko_KR,train,15,,268,0.5538461538461539,0.4444444444444444,0.6153846153846154,1.0,1.0,0.0,0.0,0.45,0.0,0.36972972972972973,0.0,1.0,0.0
0,-1,legitimate_tr_TR,train,15,,571,0.5833333333333333,0.5833333333333334,0.7058823529411764,0.5,1.0,0.0,0.0,0.33333333333333337,0.0,0.57,0.0,1.0,1.0
0,-1,legitimate_id_ID,train,15,,119,0.855,0.4615384615384615,0.75,0.5,1.0,0.0,0.0,0.0,0.0,0.57,0.0,0.0,1.0
0,-1,legitimate_en_US,train,15,,11707,0.855,0.5555555555555556,0.5555555555555556,0.5,1.0,0.0,0.0,0.0,0.0,0.45,0.0,0.0,0.0
0,-1,legitimate_en_GB,train,15,,16787,0.6,0.6,0.6666666666666667,0.5,1.0,0.0,0.0,0.0,0.0,0.2,0.0,0.0,0.0
0,-1,legitimate_es_ES,train,15,,1072,0.5846153846153846,0.6153846153846154,0.5714285714285714,0.25,1.0,0.0,0.0,0.0,0.0,0.36363636363636365,0.0,0.0,1.0
0,-1,legitimate_fr_FR,train,15,,5756,0.675,0.4878048780487805,0.75,0.5,1.0,0.0,0.0,0.3109090909090909,0.0,0.33,0.0,1.0,1.0
0,-1,legitimate_de_DE,train,15,,274,0.855,0.4074074074074074,0.4615384615384615,0.4,1.0,0.0,0.0,0.0,0.0,0.36,0.0,0.0,1.0
0,-1,legitimate_it_IT,train,15,,18026,0.855,0.42857142857142855,0.5333333333333333,0.5,1.0,0.0,0.0,0.0,0.0,0.37216494845360826,0.0,0.0,0.0
0,-1,legitimate_pt_BR,train,15,,18189,0.855,0.7272727272727272,0.7272727272727273,0.5,1.0,0.0,0.0,0.4275,0.0,0.4,0.0,1.0,0.0
0,-1,legitimate_ru_RU,train,15,,8266,0.6551724137931035,0.689655172413793,0.6666666666666667,0.25,1.0,0.0,0.0,0.0,0.0,0.57,0.0,1.0,0.0
0,-1,legitimate_uk_UA,train,15,,3010,0.855,0.6486486486486487,0.6666666666666667,0.5,1.0,0.0,0.0,0.36,0.0,0.57,0.0,1.0,0.0
0,-1,legitimate_ar_EG,train,15,,7562,0.855,0.5555555555555556,0.5555555555555556,0.5,1.0,0.0,0.0,0.45,0.0,0.57,0.0,1.0,0.0
0,-1,legitimate_fa_IR,train,15,,2520,0.5294117647058824,0.32432432432432434,0.5882352941176471,0.0,1.0,0.0,0.0,0.0,0.0,0.27184466019417475,0.0,0.0,0.0
0,-1,legitimate_hi_IN,train,15,,2343,0.54,0.4666666666666666,0.6,0.0,1.0,0.0,0.0,0.24,0.0,0.57,0.0,1.0,1.0
0,-1,legitimate_zh_CN,train,15,,6508,0.923076923076923,0.6923076923076923,0.8695652173913043,0.3333333333333333,1.0,0.0,0.0,0.0,0.0,0.3859375,0.0,1.0,0.0
0,-1,legitimate_ja_JP,train,15,,13684,0.855,0.5,0.7586206896551724,0.25,1.0,0.0,0.0,0.0,0.0,0.3714285714285714,0.0,0.0,1.0
0,-1,legitimate_ko_KR,train,15,,303,0.7714285714285716,0.4,0.8571428571428572,0.0,1.0,0.0,0.0,0.0,0.0,0.2,0.0,0.0,1.0
0,-1,legitimate_tr_TR,train,15,,9506,0.736842105263158,0.736842105263158,0.8,0.5,0.5,0.0,0.0,0.0,0.0,0.3612676056338028,0.0,0.0,1.0
0,-1,legitimate_id_ID,train,15,,12428,0.855,0.410958904109589,0.6285714285714286,0.5,1.0,0.0,0.0,0.0,0.0,0.4071428571428571,0.0,0.0,0.0
0,-1,legitimate_en_US,train,15,,9464,0.855,0.6666666666666665,0.6956521739130435,0.5,1.0,0.0,0.0,0.0,0.0,0.57,0.0,1.0,0.0
0,-1,legitimate_en_GB,train,15,,12794,0.855,0.6666666666666665,0.75,0.5,1.0,0.0,0.0,0.0,0.0,0.3384615384615385,0.0,0.0,0.0
0,-1,legitimate_es_ES,train,15,,1429,0.855,0.5416666666666666,0.6206896551724138,0.3333333333333333,1.0,0.0,0.0,0.0,0.0,0.351219512195122,0.0,1.0,0.0
0,-1,legitimate_fr_FR,train,15,,2601,0.6333333333333333,0.6666666666666665,0.6666666666666667,0.5,1.0,0.0,0.0,0.36,0.0,0.57,0.0,1.0,0.0
0,-1,legitimate_de_DE,train,15,,856,0.5727272727272728,0.3,0.6363636363636364,0.5,1.0,0.0,0.0,0.0,0.0,0.24489795918367352,0.0,0.0,1.0
0,-1,legitimate_it_IT,train,15,,10541,0.5985,0.4102564102564103,0.5833333333333333,0.0,1.0,0.0,0.0,0.0,0.0,0.57,0.0,1.0,0.0
0,-1,legitimate_pt_BR,train,15,,17416,0.5517241379310345,0.5517241379310345,0.5925925925925926,0.0,1.0,0.0,0.0,0.36,0.0,0.34285714285714286,0.0,1.0,1.0
0,-1,legitimate_ru_RU,train,15,,4229,0.5496428571428571,0.5,0.5,0.0,1.0,0.0,0.0,0.0,0.0,0.57,0.0,1.0,0.0
0,-1,legitimate_uk_UA,train,15,,16767,0.7714285714285716,0.5185185185185186,0.8571428571428572,0.5,1.0,0.0,0.0,0.0,0.0,0.57,0.0,0.0,0.0
0,-1,legitimate_ar_EG,train,15,,2524,0.855,0.6956521739130435,0.6956521739130435,0.5,1.0,0.0,0.0,0.15384615384615385,0.0,0.57,0.0,1.0,0.0
0,-1,legitimate_fa_IR,train,15,,15171,0.49565217391304345,0.5217391304347826,0.5,0.3333333333333333,1.0,0.0,0.0,0.3,0.0,0.33333333333333337,0.0,1.0,0.0
0,-1,legitimate_hi_IN,train,15,,12105,0.6333333333333333,0.6666666666666665,0.5454545454545454,0.0,1.0,0.0,0.0,0.285,0.0,0.57,0.0,1.0,1.0
0,-1,legitimate_zh_CN,train,15,,847,0.855,0.7692307692307692,0.8571428571428572,0.5,1.0,0.0,0.0,0.5142857142857142,0.0,0.49090909090909085,0.0,1.0,1.0
0,-1,legitimate_ja_JP,train,15,,6743,0.855,0.4615384615384615,0.5,0.6666666666666666,1.0,0.0,0.0,0.2181818181818182,0.0,0.37398373983739847,0.0,1.0,0.0
0,-1,legitimate_ko_KR,train,15,,12411,0.7692307692307692,0.6153846153846154,0.7619047619047619,0.0,1.0,0.0,0.0,0.0,0.0,0.54,0.0,1.0,0.0
0,-1,legitimate_tr_TR,train,15,,9969,0.57,0.4,0.5555555555555556,0.5,1.0,0.0,0.0,0.0,0.0,0.57,0.0,0.0,0.0
0,-1,legitimate_id_ID,train,15,,175,0.855,0.5128205128205129,0.5333333333333333,0.2,1.0,0.0,0.0,0.0,0.0,0.57,0.0,0.0,1.0
0,-1,legitimate_en_US,train,15,,5084,0.7692307692307692,0.7692307692307692,0.7692307692307692,0.5,1.0,0.0,0.0,0.0,0.0,0.57,0.0,1.0,1.0
0,-1,legitimate_en_GB,train,15,,18142,0.855,0.6666666666666665,0.6666666666666667,0.5,1.0,0.0,0.0,0.0,0.0,0.5142857142857142,0.0,0.0,1.0
0,-1,legitimate_es_ES,train,15,,2512,0.855,0.576923076923077,0.6060606060606061,0.3333333333333333,1.0,0.0,0.0,0.0,0.0,0.39375,0.0,1.0,0.0
0,-1,legitimate_fr_FR,train,15,,2249,0.7714285714285716,0.375,0.8571428571428572,0.5,1.0,0.0,0.0,0.0,0.0,0.2,0.0,0.0,0.0
0,-1,legitimate_de_DE,train,15,,1240,0.675,0.2857142857142857,0.75,0.0,1.0,0.0,0.0,0.0,0.0,0.3055555555555556,0.0,0.0,1.0
0,-1,legitimate_it_IT,train,15,,2269,0.855,0.8333333333333333,0.923076923076923,0.5,1.0,0.0,0.0,0.0,0.0,0.57,0.0,0.0,0.0
0,-1,legitimate_pt_BR,train,15,,7270,0.855,0.45454545454545453,0.5294117647058824,0.25,1.0,0.0,0.0,0.0,0.0,0.57,0.0,0.0,0.0
0,-1,legitimate_ru_RU,train,15,,8271,0.7241379310344827,0.5862068965517241,0.75,0.3333333333333333,1.0,0.0,0.0,0.0,0.0,0.57,0.0,1.0,0.0
0,-1,legitimate_uk_UA,train,15,,2075,0.6650000000000001,0.5185185185185186,0.736842105263158,0.0,1.0,0.0,0.0,0.4,0.0,0.57,0.0,1.0,1.0
0,-1,legitimate_ar_EG,train,15,,1954,0.5833333333333333,0.5833333333333334,0.6,0.0,1.0,0.0,0.0,0.38,0.0,0.57,0.0,1.0,0.0
0,-1,legitimate_fa_IR,train,15,,979,0.5538461538461539,0.45,0.6153846153846154,0.0,1.0,0.0,0.0,0.23076923076923073,0.0,0.57,0.0,1.0,1.0
0,-1,legitimate_hi_IN,train,15,,7450,0.4925925925925926,0.5185185185185186,0.6363636363636364,0.5,1.0,0.0,0.0,0.0,0.0,0.855,0.0,1.0,0.0
0,-1,legitimate_zh_CN,train,15,,10790,0.7142857142857143,0.7142857142857143,0.8333333333333335,1.0,1.0,0.0,0.0,0.5142857142857142,0.0,0.49090909090909085,0.0,1.0,0.0
0,-1,legitimate_ja_JP,train,15,,6695,0.855,0.4444444444444444,0.7142857142857143,0.3333333333333333,1.0,0.0,0.0,0.0,0.0,0.513,0.0,0.0,0.0
0,-1,legitimate_ko_KR,train,15,,303,0.7714285714285716,0.4,0.8571428571428572,0.0,1.0,0.0,0.0,0.0,0.0,0.2,0.0,0.0,1.0
0,-1,legitimate_tr_TR,train,15,,2648,0.57,0.4444444444444444,0.5833333333333333,0.5,1.0,0.0,0.0,0.36,0.0,0.57,0.0,1.0,0.0
0,-1,legitimate_id_ID,train,15,,15272,0.6428571428571429,0.5,0.7142857142857143,0.5,1.0,0.0,0.0,0.0,0.0,0.33333333333333337,0.0,0.0,1.0
0,-1,legitimate_en_US,train,15,,3367,0.6086956521739131,0.6086956521739131,0.7,0.0,1.0,0.0,0.0,0.0,0.0,0.31666666666666665,0.0,0.0,1.0
0,-1,legitimate_en_GB,train,15,,4902,0.5882352941176471,0.5882352941176471,0.5806451612903225,0.0,1.0,0.0,0.0,0.0,0.0,0.30000000000000004,0.0,1.0,1.0
0,-1,legitimate_es_ES,train,15,,7093,0.5115384615384615,0.5384615384615384,0.5714285714285714,0.0,1.0,0.0,0.0,0.0,0.0,0.4,0.0,1.0,0.0
0,-1,legitimate_fr_FR,train,15,,245,0.855,0.7272727272727272,0.7272727272727273,0.6666666666666666,1.0,0.0,0.0,0.23076923076923073,0.0,0.2,0.0,1.0,0.0
0,-1,legitimate_de_DE,train,15,,2760,0.5161290322580645,0.5161290322580645,0.5925925925925926,0.0,1.0,0.0,0.0,0.0,0.0,0.2,0.0,0.0,1.0
0,-1,legitimate_it_IT,train,15,,2637,0.675,0.5581395348837209,0.75,0.5,1.0,0.0,0.0,0.0,0.0,0.40714285714285714,0.0,0.0,1.0
0,-1,legitimate_pt_BR,train,15,,3753,0.855,0.4210526315789474,0.5,0.25,1.0,0.0,0.0,0.0,0.0,0.2,0.0,0.0,1.0
0,-1,legitimate_ru_RU,train,15,,8582,0.6333333333333333,0.6666666666666665,0.5652173913043479,0.3333333333333333,1.0,0.0,0.0,0.0,0.0,0.24,0.0,1.0,0.0
0,-1,legitimate_uk_UA,train,15,,4530,0.6428571428571428,0.6428571428571428,0.75,0.5,1.0,0.0,0.0,0.2941176470588235,0.0,0.3337837837837837,0.0,1.0,1.0
0,-1,legitimate_ar_EG,train,15,,3924,0.6000000000000001,0.37209302325581395,0.6666666666666667,0.5,1.0,0.0,0.0,0.0,0.0,0.3135,0.0,0.0,1.0
0,-1,legitimate_fa_IR,train,15,,2728,0.4,0.4210526315789474,0.4285714285714286,0.5,1.0,0.0,0.0,0.320625,0.0,0.57,0.0,1.0,0.0
0,-1,legitimate_hi_IN,train,15,,2034,0.6000000000000001,0.42857142857142855,0.6666666666666667,0.0,1.0,0.0,0.0,0.0,0.0,0.3384615384615385,0.0,0.0,0.0
0,-1,legitimate_zh_CN,train,15,,11442,0.88,0.88,0.8333333333333335,0.3333333333333333,1.0,0.0,0.0,0.5142857142857142,0.0,0.31318681318681313,0.0,1.0,0.0
0,-1,legitimate_ja_JP,train,15,,4707,0.855,0.5,0.736842105263158,0.3333333333333333,1.0,0.0,0.0,0.0,0.0,0.39310344827586213,0.0,0.0,1.0
0,-1,legitimate_ko_KR,train,15,,847,0.5,0.5,0.625,0.0,1.0,0.0,0.0,0.4,0.0,0.4663636363636363,0.0,1.0,1.0
0,-1,legitimate_tr_TR,train,15,,176,0.4275,0.45,0.5,0.25,1.0,0.0,0.0,0.0,0.0,0.57,0.0,0.0,1.0
0,-1,legitimate_id_ID,train,15,,8616,0.6000000000000001,0.5,0.6666666666666667,0.0,1.0,0.0,0.0,0.0,0.0,0.57,0.0,1.0,0.0
0,-1,legitimate_en_US,train,15,,4858,0.855,0.6,0.6,0.5,1.0,0.0,0.0,0.375,0.0,0.45,0.0,1.0,0.0
0,-1,legitimate_en_GB,train,15,,5697,0.855,0.6363636363636364,0.6666666666666667,0.3333333333333333,1.0,0.0,0.0,0.36,0.0,0.45,0.0,1.0,1.0
0,-1,legitimate_es_ES,train,15,,2524,0.855,0.6,0.5454545454545454,0.3333333333333333,1.0,0.0,0.0,0.45,0.0,0.57,0.0,1.0,0.0
0,-1,legitimate_fr_FR,train,15,,17176,0.855,0.6875,0.6666666666666667,0.75,1.0,0.0,0.0,0.0,0.0,0.33333333333333337,0.0,0.0,0.0
0,-1,legitimate_de_DE,train,15,,17266,0.675,0.31578947368421056,0.75,0.5,1.0,0.0,0.0,0.0,0.0,0.57,0.0,0.0,1.0
0,-1,legitimate_it_IT,train,15,,2347,0.855,0.6,0.6,0.5,1.0,0.0,0.0,0.0,0.0,0.57,0.0,1.0,1.0
0,-1,legitimate_pt_BR,train,15,,333,0.4736842105263158,0.4210526315789474,0.5294117647058824,0.0,1.0,0.0,0.0,0.0,0.0,0.57,0.0,0.0,1.0
0,-1,legitimate_ru_RU,train,15,,8240,0.7540983606557377,0.7540983606557377,0.8070175438596492,0.5,1.0,0.0,0.0,0.4275,0.0,0.57,0.0,1.0,0.0
0,-1,legitimate_uk_UA,train,15,,9881,0.7000000000000002,0.6222222222222222,0.7777777777777779,0.5,1.0,0.0,0.0,0.0,0.0,0.37126436781609196,0.0,1.0,1.0
0,-1,legitimate_ar_EG,train,15,,9464,0.855,0.631578947368421,0.75,0.5,1.0,0.0,0.0,0.0,0.0,0.57,0.0,1.0,1.0
0,-1,legitimate_fa_IR,train,15,,2384,0.6000000000000001,0.31578947368421056,0.6666666666666667,0.0,1.0,0.0,0.0,0.0,0.0,0.57,0.0,0.0,0.0
0,-1,legitimate_hi_IN,train,15,,12553,0.5333333333333333,0.5333333333333333,0.6153846153846154,1.0,1.0,0.0,0.0,0.0,0.0,0.36363636363636365,0.0,0.0,0.0
0,-1,legitimate_zh_CN,train,15,,10773,0.855,0.6666666666666665,0.8571428571428572,0.5,1.0,0.0,0.0,0.0,0.0,0.4347457627118644,0.0,1.0,0.0
0,-1,legitimate_ja_JP,train,15,,7806,0.855,0.9090909090909091,0.6956521739130435,0.5,1.0,0.0,0.0,0.0,0.0,0.57,0.0,0.0,0.0
0,-1,legitimate_ko_KR,train,15,,17167,0.48,0.42857142857142855,0.5333333333333333,1.0,1.0,0.0,0.0,0.0,0.0,0.3111111111111111,0.0,0.0,1.0
0,-1,legitimate_tr_TR,train,15,,5178,0.5985,0.4516129032258065,0.4615384615384615,0.3333333333333333,1.0,0.0,0.0,0.0,0.0,0.57,0.0,0.0,1.0
0,-1,legitimate_id_ID,train,15,,1744,0.855,0.3561643835616438,0.5185185185185186,0.5,1.0,0.0,0.0,0.0,0.0,0.3313953488372093,0.0,0.0,1.0
0,-1,legitimate_en_US,train,15,,19129,0.5727272727272728,0.4516129032258065,0.6363636363636364,0.0,1.0,0.0,0.0,0.0,0.0,0.57,0.0,0.0,1.0
0,-1,legitimate_en_GB,train,15,,1358,0.675,0.35294117647058826,0.75,0.0,1.0,0.0,0.0,0.0,0.0,0.36642857142857144,0.0,0.0,1.0
0,-1,legitimate_es_ES,train,15,,102,0.5625,0.4516129032258065,0.625,0.25,1.0,0.0,0.0,0.0,0.0,0.57,0.0,0.0,1.0
0,-1,legitimate_fr_FR,train,15,,17176,0.5496428571428571,0.3673469387755102,0.5,0.5,1.0,0.0,0.0,0.0,0.0,0.45,0.0,0.0,0.0
0,-1,legitimate_de_DE,train,15,,16212,0.5142857142857142,0.4,0.6153846153846154,0.3333333333333333,1.0,0.0,0.0,0.0,0.0,0.29454545454545455,0.0,0.0,1.0
0,-1,legitimate_it_IT,train,15,,3229,0.5785714285714285,0.5641025641025641,0.6428571428571428,0.0,1.0,0.0,0.0,0.36,0.0,0.57,0.0,1.0,0.0
0,-1,legitimate_pt_BR,train,15,,1538,0.5238095238095238,0.5238095238095238,0.6,0.0,1.0,0.0,0.0,0.3857142857142858,0.0,0.38,0.0,1.0,0.0
0,-1,legitimate_ru_RU,train,15,,14396,0.5981481481481481,0.6296296296296297,0.4864864864864865,0.3333333333333333,1.0,0.0,0.0,0.0,0.0,0.5,0.0,1.0,0.0
0,-1,legitimate_uk_UA,train,15,,2483,0.855,0.5454545454545454,0.5,0.5,1.0,0.0,0.0,0.3703703703703704,0.0,0.3469565217391304,0.0,1.0,1.0
0,-1,legitimate_ar_EG,train,15,,565,0.6000000000000001,0.4888888888888889,0.6666666666666667,0.0,1.0,0.0,0.0,0.0,0.0,0.26865671641791045,0.0,0.0,1.0
0,-1,legitimate_fa_IR,train,15,,16783,0.855,0.32432432432432434,0.5263157894736843,0.3333333333333333,1.0,0.0,0.0,0.0,0.0,0.34102564102564104,0.0,0.0,1.0
0,-1,legitimate_hi_IN,train,15,,2271,0.54,0.36363636363636365,0.6,0.5,0.5,0.0,0.0,0.0,0.0,0.57,0.0,0.0,1.0
0,-1,legitimate_zh_CN,train,15,,17074,0.855,0.5454545454545454,0.6666666666666667,1.0,1.0,0.0,0.0,0.0,0.0,0.4576642335766423,0.0,0.0,0.0
0,-1,legitimate_ja_JP,train,15,,927,0.855,0.4,0.6666666666666667,0.6666666666666666,1.0,0.0,0.0,0.0,0.0,0.43846153846153846,0.0,0.0,1.0
0,-1,legitimate_ko_KR,train,15,,3084,0.6333333333333333,0.6666666666666665,0.5,0.0,1.0,0.0,0.0,0.0,0.0,0.57,0.0,0.0,0.0
0,-1,legitimate_tr_TR,train,15,,2867,0.6576923076923076,0.6923076923076923,0.5555555555555556,0.0,1.0,0.0,0.0,0.2142857142857143,0.0,0.2,0.0,1.0,1.0
0,-1,legitimate_id_ID,train,15,,16469,0.855,0.41269841269841273,0.4736842105263158,0.25,1.0,0.0,0.0,0.0,0.0,0.4035398230088496,0.0,0.0,1.0
0,-1,legitimate_en_US,train,15,,12816,0.855,0.625,0.631578947368421,0.25,1.0,0.0,0.0,0.36,0.0,0.2,0.0,1.0,1.0
0,-1,legitimate_en_GB,train,15,,8211,0.855,0.6666666666666665,0.6666666666666667,0.5,1.0,0.0,0.0,0.49090909090909085,0.0,0.3686567164179105,0.0,1.0,0.0
0,-1,legitimate_es_ES,train,15,,3614,0.6363636363636364,0.6363636363636364,0.6896551724137931,0.3333333333333333,1.0,0.0,0.0,0.225,0.0,0.57,0.0,1.0,0.0
0,-1,legitimate_fr_FR,train,15,,564,0.855,0.42666666666666664,0.52,0.25,1.0,0.0,0.0,0.0,0.0,0.3732142857142858,0.0,0.0,1.0
0,-1,legitimate_de_DE,train,15,,640,0.6,0.6,0.625,0.0,1.0,0.0,0.0,0.27692307692307694,0.0,0.57,0.0,1.0,0.0
0,-1,legitimate_it_IT,train,15,,99,0.57,0.48648648648648646,0.5217391304347826,0.0,1.0,0.0,0.0,0.0,0.0,0.6,0.0,0.0,1.0
0,-1,legitimate_pt_BR,train,15,,7016,0.855,0.3428571428571429,0.5,0.3333333333333333,1.0,0.0,0.0,0.0,0.0,0.3398373983739837,0.0,0.0,1.0
0,-1,legitimate_ru_RU,train,15,,7209,0.6206896551724138,0.5517241379310345,0.6666666666666667,0.25,1.0,0.0,0.0,0.0,0.0,0.34285714285714286,0.0,1.0,0.0
0,-1,legitimate_uk_UA,train,15,,8100,0.855,0.6363636363636364,0.7333333333333334,0.5,1.0,0.0,0.0,0.43999999999999995,0.0,0.57,0.0,1.0,0.0
0,-1,legitimate_ar_EG,train,15,,1420,0.5555555555555556,0.5555555555555556,0.5454545454545454,0.5,1.0,0.0,0.0,0.0,0.0,0.57,0.0,1.0,1.0
0,-1,legitimate_fa_IR,train,15,,9718,0.525,0.3902439024390244,0.5833333333333333,1.0,1.0,0.0,0.0,0.31999999999999995,0.0,0.3857142857142858,0.0,1.0,1.0
0,-1,legitimate_hi_IN,train,15,,189,0.57,0.14814814814814808,0.5,0.3333333333333333,1.0,0.0,0.0,0.0,0.0,0.4371428571428572,0.0,0.0,1.0
0,-1,legitimate_zh_CN,train,15,,2757,0.855,0.7142857142857143,0.8235294117647058,0.3333333333333333,1.0,0.0,0.0,0.534375,0.0,0.2,0.0,1.0,0.0
0,-1,legitimate_ja_JP,train,15,,14028,0.76,0.8,0.6451612903225806,0.5,1.0,0.0,0.0,0.0,0.0,0.57,0.0,0.0,0.0
0,-1,legitimate_ko_KR,train,15,,4698,0.6923076923076923,0.5,0.7692307692307692,0.0,1.0,0.0,0.0,0.4235294117647059,0.0,0.342,0.0,1.0,0.0
0,-1,legitimate_tr_TR,train,15,,344,0.4864864864864865,0.4324324324324324,0.4666666666666666,0.3333333333333333,1.0,0.0,0.0,0.0,0.0,0.57,0.0,0.0,0.0
0,-1,legitimate_id_ID,train,15,,2830,0.6333333333333333,0.6666666666666665,0.56,0.3333333333333333,1.0,0.0,0.0,0.0,0.0,0.57,0.0,1.0,1.0
0,-1,legitimate_en_US,train,15,,16567,0.855,0.6666666666666665,0.6666666666666667,0.5,1.0,0.0,0.0,0.27,0.0,0.57,0.0,1.0,0.0
0,-1,legitimate_en_GB,train,15,,3989,0.5454545454545454,0.5454545454545454,0.6470588235294117,0.3333333333333333,1.0,0.0,0.0,0.34615384615384615,0.0,0.38775510204081626,0.0,1.0,1.0
0,-1,legitimate_es_ES,train,15,,7056,0.855,0.75,0.6206896551724138,0.6666666666666666,1.0,0.0,0.0,0.57,0.0,0.3943661971830986,0.0,1.0,0.0
0,-1,legitimate_fr_FR,train,15,,10543,0.855,0.5,0.5,0.5,1.0,0.0,0.0,0.0,0.0,0.2,0.0,1.0,0.0
0,-1,legitimate_de_DE,train,15,,89,0.54,0.36363636363636365,0.6,0.0,1.0,0.0,0.0,0.0,0.0,0.57,0.0,0.0,1.0
0,-1,legitimate_it_IT,train,15,,6057,0.49271186440677966,0.5316455696202531,0.48,0.3333333333333333,1.0,0.0,0.0,0.0,0.0,0.4153846153846154,0.0,0.0,1.0
0,-1,legitimate_pt_BR,train,15,,1551,0.56,0.56,0.5454545454545454,0.0,1.0,0.0,0.0,0.1428571428571429,0.0,0.3272727272727273,0.0,1.0,1.0
0,-1,legitimate_ru_RU,train,15,,10642,0.75,0.75,0.75,0.3333333333333333,1.0,0.0,0.0,0.48,0.0,0.4736842105263159,0.0,1.0,0.0
0,-1,legitimate_uk_UA,train,15,,5816,0.6576923076923076,0.4761904761904762,0.5384615384615384,0.5,1.0,0.0,0.0,0.3109090909090909,0.0,0.2,0.0,1.0,1.0
0,-1,legitimate_ar_EG,train,15,,2624,0.7714285714285716,0.4705882352941177,0.8571428571428572,0.5,1.0,0.0,0.0,0.0,0.0,0.5625,0.0,0.0,1.0
0,-1,legitimate_fa_IR,train,15,,17545,0.6576923076923076,0.4615384615384615,0.6666666666666667,0.5,1.0,0.0,0.0,0.0,0.0,0.31666666666666665,0.0,0.0,1.0
0,-1,legitimate_hi_IN,train,15,,84,0.6107142857142858,0.4242424242424242,0.625,0.0,1.0,0.0,0.0,0.0,0.0,0.57,0.0,0.0,1.0
0,-1,legitimate_zh_CN,train,15,,7614,0.855,0.5882352941176471,0.5714285714285714,0.3333333333333333,1.0,0.0,0.0,0.0,0.0,0.38169642857142855,0.0,0.0,0.0
0,-1,legitimate_ja_JP,train,15,,10001,0.9,0.6666666666666665,1.0,0.6666666666666666,1.0,0.0,0.0,0.42622950819672134,0.0,0.2,0.0,1.0,0.0
0,-1,legitimate_ko_KR,train,15,,2974,0.675,0.30434782608695654,0.75,0.0,1.0,0.0,0.0,0.0,0.0,0.36642857142857144,0.0,0.0,0.0
0,-1,legitimate_tr_TR,train,15,,11838,0.6153846153846154,0.6153846153846154,0.6956521739130435,0.5,0.5,0.0,0.0,0.0,0.0,0.3119402985074627,0.0,0.0,1.0
0,-1,legitimate_id_ID,train,15,,512,0.47647058823529415,0.4067796610169491,0.5294117647058824,0.0,1.0,0.0,0.0,0.4663636363636363,0.0,0.57,0.0,1.0,0.0
0,-1,legitimate_en_US,train,15,,215,0.855,0.5555555555555556,0.6153846153846154,0.5,1.0,0.0,0.0,0.27692307692307694,0.0,0.57,0.0,1.0,0.0
0,-1,legitimate_en_GB,train,15,,19123,0.5365853658536586,0.4878048780487805,0.6060606060606061,0.3333333333333333,1.0,0.0,0.0,0.0,0.0,0.38095238095238093,0.0,0.0,0.0
0,-1,legitimate_es_ES,train,15,,1532,0.6666666666666667,0.5454545454545454,0.6206896551724138,0.3333333333333333,1.0,0.0,0.0,0.0,0.0,0.57,0.0,0.0,1.0
0,-1,legitimate_fr_FR,train,15,,99,0.5,0.5,0.5238095238095238,0.0,1.0,0.0,0.0,0.0,0.0,0.57,0.0,0.0,1.0
0,-1,legitimate_de_DE,train,15,,89,0.4586206896551724,0.48275862068965514,0.4705882352941176,0.0,1.0,0.0,0.0,0.0,0.0,0.57,0.0,0.0,1.0
0,-1,legitimate_it_IT,train,15,,2269,0.7916666666666665,0.8333333333333333,0.923076923076923,0.5,1.0,0.0,0.0,0.0,0.0,0.57,0.0,0.0,0.0
0,-1,legitimate_pt_BR,train,15,,18624,0.855,0.6363636363636364,0.6363636363636364,0.3333333333333333,1.0,0.0,0.0,0.30000000000000004,0.0,0.48,0.0,1.0,0.0
0,-1,legitimate_ru_RU,train,15,,977,0.6206896551724138,0.48275862068965514,0.64,0.0,1.0,0.0,0.0,0.375,0.0,0.57,0.0,1.0,1.0
0,-1,legitimate_uk_UA,train,15,,1194,0.48484848484848486,0.48484848484848486,0.5833333333333333,0.5,1.0,0.0,0.0,0.25,0.0,0.4,0.0,1.0,1.0
0,-1,legitimate_ar_EG,train,15,,6349,0.855,0.7,0.7,0.5,1.0,0.0,0.0,0.0,0.0,0.342,0.0,1.0,1.0
0,-1,legitimate_fa_IR,train,15,,1028,0.475,0.5,0.4705882352941176,0.0,1.0,0.0,0.0,0.24242424242424243,0.0,0.3130985915492957,0.0,1.0,1.0
0,-1,legitimate_hi_IN,train,15,,220,0.4851063829787235,0.5106382978723404,0.41025641025641024,0.0,1.0,0.0,0.0,0.36,0.0,0.57,0.0,1.0,0.0
0,-1,legitimate_zh_CN,train,15,,10226,0.855,0.4444444444444444,0.6086956521739131,0.6666666666666666,1.0,0.0,0.0,0.0,0.0,0.3660550458715596,0.0,0.0,0.0
0,-1,legitimate_ja_JP,train,15,,10323,0.855,0.4705882352941177,0.6153846153846154,0.5,1.0,0.0,0.0,0.0,0.0,0.36363636363636365,0.0,0.0,1.0
0,-1,legitimate_ko_KR,train,15,,896,0.6352941176470588,0.4324324324324324,0.7058823529411764,1.0,1.0,0.0,0.0,0.0,0.0,0.45,0.0,0.0,0.0
0,-1,legitimate_tr_TR,train,15,,13310,0.45614035087719296,0.456140350877193,0.46808510638297873,0.0,1.0,0.0,0.0,0.0,0.0,0.37173913043478257,0.0,0.0,1.0
0,-1,legitimate_id_ID,train,15,,1240,0.525,0.4186046511627907,0.5833333333333333,0.0,1.0,0.0,0.0,0.0,0.0,0.3245901639344262,0.0,0.0,1.0
0,-1,legitimate_en_US,train,15,,1822,0.5384615384615384,0.5384615384615384,0.6363636363636364,0.5,1.0,0.0,0.0,0.0,0.0,0.2,0.0,1.0,1.0
0,-1,legitimate_en_GB,train,15,,16053,0.855,0.8333333333333333,0.923076923076923,0.5,1.0,0.0,0.0,0.0,0.0,0.2,0.0,0.0,0.0
0,-1,legitimate_es_ES,train,15,,7558,0.5964912280701755,0.5614035087719298,0.64,0.25,1.0,0.0,0.0,0.0,0.0,0.57,0.0,1.0,0.0
0,-1,legitimate_fr_FR,train,15,,6037,0.5496428571428571,0.4186046511627907,0.5263157894736843,0.0,1.0,0.0,0.0,0.0,0.0,0.3377777777777778,0.0,0.0,1.0
0,-1,legitimate_de_DE,train,15,,1089,0.475,0.5,0.5,0.3333333333333333,1.0,0.0,0.0,0.42903225806451617,0.0,0.45783132530120485,0.0,1.0,0.0
0,-1,legitimate_it_IT,train,15,,14881,0.525,0.42857142857142855,0.5833333333333333,0.5,1.0,0.0,0.0,0.54,0.0,0.2,0.0,1.0,1.0
0,-1,legitimate_pt_BR,train,15,,3753,0.855,0.4736842105263158,0.5384615384615384,0.3333333333333333,1.0,0.0,0.0,0.0,0.0,0.2,0.0,0.0,1.0
0,-1,legitimate_ru_RU,train,15,,8698,0.6785714285714286,0.6785714285714286,0.6122448979591837,0.3333333333333333,1.0,0.0,0.0,0.0,0.0,0.57,0.0,1.0,0.0
0,-1,legitimate_uk_UA,train,15,,8743,0.855,0.6,0.5714285714285714,0.5,1.0,0.0,0.0,0.4275,0.0,0.855,0.0,1.0,0.0
0,-1,legitimate_ar_EG,train,15,,3034,0.57,0.48,0.5882352941176471,0.5,1.0,0.0,0.0,0.0,0.0,0.33043478260869563,0.0,0.0,1.0
0,-1,legitimate_fa_IR,train,15,,2829,0.855,0.4,0.38095238095238093,0.5,1.0,0.0,0.0,0.0,0.0,0.1853658536585366,0.0,0.0,1.0
0,-1,legitimate_hi_IN,train,15,,7134,0.5142857142857142,0.339622641509434,0.5714285714285714,0.5,1.0,0.0,0.0,0.0,0.0,0.35999999999999993,0.0,0.0,0.0
0,-1,legitimate_zh_CN,train,15,,1326,0.6666666666666667,0.5714285714285715,0.631578947368421,1.0,1.0,0.0,0.0,0.0,0.0,0.855,0.0,1.0,0.0
0,-1,legitimate_ja_JP,train,15,,4707,0.855,0.6470588235294117,0.6923076923076923,0.3333333333333333,1.0,0.0,0.0,0.0,0.0,0.4275,0.0,0.0,1.0
0,-1,legitimate_ko_KR,train,15,,8459,0.4695652173913043,0.32432432432432434,0.5217391304347826,1.0,1.0,0.0,0.0,0.0,0.0,0.2,0.0,1.0,0.0
0,-1,legitimate_tr_TR,train,15,,10968,0.4275,0.40909090909090906,0.4375,0.3333333333333333,1.0,0.0,0.0,0.0,0.0,0.30000000000000004,0.0,0.0,1.0
0,-1,legitimate_id_ID,train,15,,8114,0.5919230769230769,0.2619047619047619,0.5384615384615384,0.5,1.0,0.0,0.0,0.0,0.0,0.33333333333333337,0.0,0.0,1.0
0,-1,legitimate_en_US,train,15,,2941,0.855,0.5405405405405406,0.7407407407407408,0.3333333333333333,0.5,0.0,0.0,0.0,0.0,0.33333333333333337,0.0,0.0,1.0
0,-1,legitimate_en_GB,train,15,,2010,0.5806451612903225,0.5161290322580645,0.6363636363636364,0.3333333333333333,1.0,0.0,0.0,0.13793103448275867,0.0,0.228,0.0,1.0,1.0
0,-1,legitimate_es_ES,train,15,,7967,0.855,0.4888888888888889,0.5925925925925926,0.6666666666666666,1.0,0.0,0.0,0.3375,0.0,0.475,0.0,1.0,1.0
0,-1,legitimate_fr_FR,train,15,,6185,0.855,0.6666666666666665,0.75,0.5,1.0,0.0,0.0,0.0,0.0,0.57,0.0,1.0,0.0
0,-1,legitimate_de_DE,train,15,,3782,0.5882352941176471,0.5882352941176471,0.6153846153846154,1.0,1.0,0.0,0.0,0.0,0.0,0.2,0.0,1.0,1.0
0,-1,legitimate_it_IT,train,15,,1815,0.534375,0.5625,0.5714285714285714,0.5,1.0,0.0,0.0,0.49090909090909085,0.0,0.3325,0.0,1.0,0.0
0,-1,legitimate_pt_BR,train,15,,18145,0.855,0.6363636363636364,0.6666666666666667,0.5,1.0,0.0,0.0,0.45,0.0,0.4,0.0,1.0,0.0
0,-1,legitimate_ru_RU,train,15,,8553,0.722,0.76,0.6341463414634146,0.3333333333333333,1.0,0.0,0.0,0.0,0.0,0.57,0.0,1.0,0.0
0,-1,legitimate_uk_UA,train,15,,4444,0.855,0.5454545454545454,0.6153846153846154,0.5,1.0,0.0,0.0,0.0,0.0,0.57,0.0,0.0,0.0
0,-1,legitimate_ar_EG,train,15,,1214,0.5384615384615384,0.5384615384615384,0.736842105263158,0.5,1.0,0.0,0.0,0.2571428571428571,0.0,0.36464646464646466,0.0,1.0,1.0
0,-1,legitimate_fa_IR,train,15,,1087,0.44999999999999996,0.45,0.5294117647058824,0.25,1.0,0.0,0.0,0.1894736842105263,0.0,0.3857142857142858,0.0,1.0,1.0
0,-1,legitimate_hi_IN,train,15,,12156,0.5,0.4375,0.6666666666666667,0.3333333333333333,1.0,0.0,0.0,0.0,0.0,0.34285714285714286,0.0,0.0,1.0
0,-1,legitimate_zh_CN,train,15,,4109,0.855,0.6,0.7692307692307692,1.0,1.0,0.0,0.0,0.0,0.0,0.2,0.0,1.0,1.0
0,-1,legitimate_ja_JP,train,15,,234,0.855,0.5,0.6153846153846154,0.6666666666666666,1.0,0.0,0.0,0.45,0.0,0.3666666666666667,0.0,1.0,1.0
0,-1,legitimate_ko_KR,train,15,,16369,0.6,0.4666666666666666,0.6923076923076923,0.0,1.0,0.0,0.0,0.0,0.0,0.2,0.0,1.0,1.0
0,-1,legitimate_tr_TR,train,15,,507,0.5,0.5,0.5,0.3333333333333333,1.0,0.0,0.0,0.3243902439024389,0.0,0.2,0.0,1.0,1.0
0,-1,legitimate_id_ID,train,15,,1961,0.675,0.375,0.75,0.0,1.0,0.0,0.0,0.0,0.0,0.57,0.0,0.0,1.0
0,-1,legitimate_en_US,train,15,,11221,0.855,0.5454545454545454,0.64,0.5,1.0,0.0,0.0,0.0,0.0,0.57,0.0,1.0,0.0
0,-1,legitimate_en_GB,train,15,,14666,0.855,0.6666666666666665,0.6666666666666667,0.5,1.0,0.0,0.0,0.19999999999999996,0.0,0.4090909090909091,0.0,1.0,0.0
0,-1,legitimate_es_ES,train,15,,1170,0.855,0.5714285714285715,0.6666666666666667,0.3333333333333333,1.0,0.0,0.0,0.342,0.0,0.42035398230088494,0.0,1.0,0.0
0,-1,legitimate_fr_FR,train,15,,1302,0.5641025641025641,0.5641025641025641,0.6451612903225806,0.3333333333333333,1.0,0.0,0.0,0.0,0.0,0.39701492537313426,0.0,1.0,1.0
0,-1,legitimate_de_DE,train,15,,14821,0.855,0.5882352941176471,0.5833333333333333,0.5,1.0,0.0,0.0,0.0,0.0,0.34734375,0.0,0.0,0.0
0,-1,legitimate_it_IT,train,15,,11475,0.5369565217391304,0.5652173913043478,0.5161290322580645,0.3333333333333333,1.0,0.0,0.0,0.24,0.0,0.57,0.0,1.0,0.0
0,-1,legitimate_pt_BR,train,15,,3864,0.4987499999999999,0.5,0.5,0.0,1.0,0.0,0.0,0.0,0.0,0.2,0.0,0.0,1.0
0,-1,legitimate_ru_RU,train,15,,18115,0.7796610169491526,0.7796610169491526,0.8,0.6666666666666666,1.0,0.0,0.0,0.0,0.0,0.2,0.0,1.0,0.0
0,-1,legitimate_uk_UA,train,15,,9667,0.7125,0.75,0.48,0.5,1.0,0.0,0.0,0.4444444444444444,0.0,0.57,0.0,1.0,1.0
0,-1,legitimate_ar_EG,train,15,,688,0.684,0.5333333333333333,0.6,1.0,1.0,0.0,0.0,0.0,0.0,0.57,0.0,1.0,1.0
0,-1,legitimate_fa_IR,train,15,,127,0.57,0.3,0.5,0.0,1.0,0.0,0.0,0.0,0.0,0.2,0.0,0.0,1.0
0,-1,legitimate_hi_IN,train,15,,18623,0.5089285714285714,0.5357142857142857,0.44999999999999996,0.0,1.0,0.0,0.0,0.3375,0.0,0.2,0.0,1.0,0.0
0,-1,legitimate_zh_CN,train,15,,1319,0.855,0.7692307692307692,0.7692307692307692,0.5,1.0,0.0,0.0,0.0,0.0,0.855,0.0,1.0,0.0
0,-1,legitimate_ja_JP,train,15,,1331,0.855,0.5806451612903225,0.782608695652174,0.5,1.0,0.0,0.0,0.0,0.0,0.3789473684210526,0.0,1.0,0.0
0,-1,legitimate_ko_KR,train,15,,5573,0.5714285714285714,0.38095238095238093,0.6153846153846154,1.0,1.0,0.0,0.0,0.0,0.0,0.2,0.0,0.0,1.0
0,-1,legitimate_tr_TR,train,15,,3440,0.54,0.375,0.6,0.0,1.0,0.0,0.0,0.4603846153846154,0.0,0.57,0.0,1.0,1.0
0,-1,legitimate_id_ID,train,15,,18670,0.855,0.6,0.7142857142857143,0.5,1.0,0.0,0.0,0.0,0.0,0.2,0.0,1.0,1.0
0,-1,legitimate_en_US,train,15,,6349,0.855,0.6666666666666665,0.6666666666666667,0.5,1.0,0.0,0.0,0.0,0.0,0.5,0.0,1.0,1.0
0,-1,legitimate_en_GB,train,15,,3713,0.855,0.7,0.6923076923076923,0.5,1.0,0.0,0.0,0.0,0.0,0.34545454545454546,0.0,1.0,0.0
0,-1,legitimate_es_ES,train,15,,12531,0.855,0.4489795918367347,0.5714285714285714,0.6666666666666666,1.0,0.0,0.0,0.3946153846153846,0.0,0.57,0.0,1.0,0.0
0,-1,legitimate_fr_FR,train,15,,18632,0.5066666666666666,0.4705882352941177,0.5294117647058824,0.5,1.0,0.0,0.0,0.0,0.0,0.3969642857142857,0.0,0.0,1.0
0,-1,legitimate_de_DE,train,15,,14307,0.5,0.4,0.5555555555555556,0.3333333333333333,1.0,0.0,0.0,0.0,0.0,0.38,0.0,0.0,1.0
0,-1,legitimate_it_IT,train,15,,2714,0.7125,0.75,0.6666666666666667,0.5,1.0,0.0,0.0,0.35,0.0,0.57,0.0,1.0,1.0
0,-1,legitimate_pt_BR,train,15,,1436,0.5727272727272728,0.358974358974359,0.6363636363636364,0.5,1.0,0.0,0.0,0.4275,0.0,0.41860465116279066,0.0,1.0,0.0
0,-1,legitimate_ru_RU,train,15,,9661,0.855,0.6153846153846154,0.6153846153846154,0.3333333333333333,1.0,0.0,0.0,0.5,0.0,0.57,0.0,1.0,1.0
0,-1,legitimate_uk_UA,train,15,,2768,0.855,0.625,0.5555555555555556,0.5,1.0,0.0,0.0,0.4057627118644067,0.0,0.57,0.0,1.0,0.0
0,-1,legitimate_ar_EG,train,15,,12508,0.8461538461538461,0.8461538461538461,0.8461538461538461,0.5,1.0,0.0,0.0,0.45,0.0,0.36,0.0,1.0,0.0
0,-1,legitimate_fa_IR,train,15,,3711,0.48,0.41666666666666663,0.5333333333333333,0.0,1.0,0.0,0.0,0.0,0.0,0.26190476190476186,0.0,0.0,0.0
0,-1,legitimate_hi_IN,train,15,,11182,0.5714285714285714,0.5714285714285715,0.5833333333333333,0.5,1.0,0.0,0.0,0.0,0.0,0.34833333333333344,0.0,0.0,1.0
0,-1,legitimate_zh_CN,train,15,,10789,0.9,1.0,1.0,1.0,1.0,0.0,0.0,0.5185185185185186,0.0,0.5029411764705882,0.0,1.0,1.0
0,-1,legitimate_ja_JP,train,15,,3813,0.855,0.5714285714285715,0.6,0.25,1.0,0.0,0.0,0.0,0.0,0.45,0.0,1.0,0.0
0,-1,legitimate_ko_KR,train,15,,1463,0.5625,0.3571428571428571,0.625,1.0,1.0,0.0,0.0,0.0,0.0,0.49090909090909085,0.0,0.0,1.0
0,-1,legitimate_tr_TR,train,15,,127,0.6000000000000001,0.17647058823529405,0.6666666666666667,0.0,1.0,0.0,0.0,0.0,0.0,0.57,0.0,0.0,1.0
0,-1,legitimate_id_ID,train,15,,567,0.7000000000000002,0.6153846153846154,0.7777777777777779,0.0,1.0,0.0,0.0,0.0,0.0,0.2571428571428572,0.0,0.0,1.0
0,-1,legitimate_en_US,train,15,,8824,0.855,0.5555555555555556,0.782608695652174,0.5,1.0,0.0,0.0,0.26999999999999996,0.0,0.2,0.0,1.0,0.0
0,-1,legitimate_en_GB,train,15,,142,0.855,0.6956521739130435,0.8275862068965517,0.5,1.0,0.0,0.0,0.4,0.0,0.57,0.0,1.0,0.0
0,-1,legitimate_es_ES,train,15,,1630,0.6,0.6,0.6666666666666667,0.0,1.0,0.0,0.0,0.36,0.0,0.57,0.0,1.0,0.0
0,-1,legitimate_fr_FR,train,15,,245,0.63,0.5,0.7,0.5,1.0,0.0,0.0,0.4153846153846154,0.0,0.57,0.0,1.0,1.0
0,-1,legitimate_de_DE,train,15,,9845,0.855,0.5384615384615384,0.631578947368421,0.5,1.0,0.0,0.0,0.456,0.0,0.38,0.0,1.0,1.0
0,-1,legitimate_it_IT,train,15,,16503,0.6650000000000001,0.64,0.7058823529411764,0.5,1.0,0.0,0.0,0.0,0.0,0.57,0.0,0.0,0.0
0,-1,legitimate_pt_BR,train,15,,11494,0.855,0.8181818181818181,0.8181818181818181,0.5,1.0,0.0,0.0,0.4275,0.0,0.3555555555555555,0.0,1.0,0.0
0,-1,legitimate_ru_RU,train,15,,15246,0.45,0.4222222222222222,0.5,0.0,1.0,0.0,0.0,0.0,0.0,0.45,0.0,0.0,0.0
0,-1,legitimate_uk_UA,train,15,,19118,0.8,0.5263157894736842,0.8888888888888888,0.5,1.0,0.0,0.0,0.0,0.0,0.57,0.0,0.0,0.0
0,-1,legitimate_ar_EG,train,15,,16053,0.855,0.8333333333333333,0.923076923076923,0.5,1.0,0.0,0.0,0.0,0.0,0.57,0.0,0.0,0.0
0,-1,legitimate_fa_IR,train,15,,175,0.48857142857142855,0.48,0.4705882352941176,0.5,1.0,0.0,0.0,0.0,0.0,0.57,0.0,0.0,1.0
0,-1,legitimate_hi_IN,train,15,,13894,0.4714285714285715,0.33766233766233766,0.5238095238095238,0.0,1.0,0.0,0.0,0.0,0.0,0.3306122448979592,0.0,0.0,1.0
0,-1,legitimate_zh_CN,train,15,,17043,0.855,0.6666666666666665,0.6666666666666667,0.5,1.0,0.0,0.0,0.4846153846153846,0.0,0.7578947368421052,0.0,1.0,0.0
0,-1,legitimate_ja_JP,train,15,,18896,0.7500000000000001,0.4761904761904762,0.8333333333333335,0.25,1.0,0.0,0.0,0.0,0.0,0.49090909090909085,0.0,1.0,0.0
0,-1,legitimate_ko_KR,train,15,,303,0.7714285714285716,0.4,0.8571428571428572,0.0,1.0,0.0,0.0,0.0,0.0,0.2,0.0,0.0,1.0
0,-1,legitimate_tr_TR,train,15,,11727,0.5684210526315789,0.5,0.631578947368421,0.0,1.0,0.0,0.0,0.0,0.0,0.855,0.0,1.0,0.0
0,-1,legitimate_id_ID,train,15,,16469,0.855,0.3272727272727273,0.4285714285714286,0.3333333333333333,1.0,0.0,0.0,0.0,0.0,0.855,0.0,0.0,1.0
0,-1,legitimate_en_US,train,15,,12789,0.855,0.7333333333333333,0.7333333333333334,0.5,1.0,0.0,0.0,0.3017647058823529,0.0,0.4,0.0,1.0,1.0
0,-1,legitimate_en_GB,train,15,,11450,0.855,0.625,0.6363636363636364,0.5,1.0,0.0,0.0,0.17999999999999997,0.0,0.4663636363636363,0.0,1.0,1.0
0,-1,legitimate_es_ES,train,15,,17197,0.5588235294117646,0.5882352941176471,0.6486486486486487,0.3333333333333333,1.0,0.0,0.0,0.0,0.0,0.342,0.0,0.0,0.0
0,-1,legitimate_fr_FR,train,15,,11179,0.855,0.6363636363636364,0.6,0.5,1.0,0.0,0.0,0.4809375,0.0,0.42857142857142855,0.0,1.0,0.0
0,-1,legitimate_de_DE,train,15,,11510,0.6000000000000001,0.48648648648648646,0.6666666666666667,0.5,1.0,0.0,0.0,0.0,0.0,0.27118644067796616,0.0,0.0,0.0
0,-1,legitimate_it_IT,train,15,,6767,0.4651162790697675,0.46511627906976744,0.6206896551724138,0.3333333333333333,1.0,0.0,0.0,0.4705882352941176,0.0,0.475,0.0,1.0,0.0
0,-1,legitimate_pt_BR,train,15,,17264,0.855,0.5333333333333333,0.5333333333333333,0.5,1.0,0.0,0.0,0.0,0.0,0.57,0.0,1.0,0.0
0,-1,legitimate_ru_RU,train,15,,3838,0.7142857142857143,0.6785714285714286,0.7058823529411764,0.25,1.0,0.0,0.0,0.4,0.0,0.57,0.0,1.0,0.0
0,-1,legitimate_uk_UA,train,15,,253,0.72,0.2857142857142857,0.8,0.0,1.0,0.0,0.0,0.0,0.0,0.57,0.0,0.0,1.0
0,-1,legitimate_ar_EG,train,15,,1031,0.6363636363636364,0.6363636363636364,0.736842105263158,0.5,1.0,0.0,0.0,0.0,0.0,0.35789473684210527,0.0,0.0,0.0
0,-1,legitimate_fa_IR,train,15,,1980,0.5684210526315789,0.3703703703703704,0.631578947368421,0.5,1.0,0.0,0.0,0.342,0.0,0.2,0.0,1.0,1.0
0,-1,legitimate_hi_IN,train,15,,4790,0.4809375,0.45,0.4615384615384615,0.5,1.0,0.0,0.0,0.0,0.0,0.30000000000000004,0.0,0.0,1.0
0,-1,legitimate_zh_CN,train,15,,6709,0.8421052631578947,0.8421052631578948,0.9333333333333332,0.5,1.0,0.0,0.0,0.0,0.0,0.5985,0.0,1.0,0.0
0,-1,legitimate_ja_JP,train,15,,6260,0.855,0.5714285714285715,0.8,0.25,1.0,0.0,0.0,0.0,0.0,0.3973856209150327,0.0,1.0,0.0
0,-1,legitimate_ko_KR,train,15,,17622,0.7411764705882352,0.23728813559322035,0.8235294117647058,1.0,1.0,0.0,0.0,0.0,0.0,0.3847499999999999,0.0,0.0,1.0
0,-1,legitimate_tr_TR,train,15,,2415,0.855,0.42857142857142855,0.5217391304347826,0.25,1.0,0.0,0.0,0.0,0.0,0.3497727272727273,0.0,0.0,1.0
0,-1,legitimate_id_ID,train,15,,2104,0.6666666666666667,0.6666666666666665,0.5882352941176471,0.5,1.0,0.0,0.0,0.0,0.0,0.855,0.0,0.0,1.0
0,-1,legitimate_en_US,train,15,,644,0.855,0.625,0.625,1.0,1.0,0.0,0.0,0.28421052631578947,0.0,0.57,0.0,1.0,0.0
0,-1,legitimate_en_GB,train,15,,13094,0.855,0.625,0.6363636363636364,0.5,1.0,0.0,0.0,0.3157894736842105,0.0,0.4,0.0,1.0,0.0
0,-1,legitimate_es_ES,train,15,,996,0.76,0.8,0.6666666666666667,0.5,1.0,0.0,0.0,0.342,0.0,0.3877551020408163,0.0,1.0,0.0
0,-1,legitimate_fr_FR,train,15,,8895,0.5571428571428572,0.36111111111111116,0.6190476190476191,0.3333333333333333,1.0,0.0,0.0,0.0,0.0,0.3507692307692308,0.0,0.0,1.0
0,-1,legitimate_de_DE,train,15,,9126,0.5472,0.4,0.6,0.5,1.0,0.0,0.0,0.0,0.0,0.57,0.0,1.0,0.0
0,-1,legitimate_it_IT,train,15,,10832,0.855,0.7,0.7,0.5,1.0,0.0,0.0,0.0,0.0,0.38306451612903225,0.0,1.0,0.0
0,-1,legitimate_pt_BR,train,15,,18284,0.855,0.5,0.6538461538461539,0.5,1.0,0.0,0.0,0.4375,0.0,0.4663636363636363,0.0,1.0,0.0
0,-1,legitimate_ru_RU,train,15,,8582,0.75,0.75,0.7692307692307692,0.3333333333333333,1.0,0.0,0.0,0.0,0.0,0.57,0.0,1.0,0.0
0,-1,legitimate_uk_UA,train,15,,8820,0.63,0.5517241379310345,0.7,0.0,1.0,0.0,0.0,0.0,0.0,0.3058823529411765,0.0,0.0,1.0
0,-1,legitimate_ar_EG,train,15,,4698,0.855,0.6086956521739131,0.625,0.5,1.0,0.0,0.0,0.4,0.0,0.24000000000000005,0.0,1.0,1.0
0,-1,legitimate_fa_IR,train,15,,4374,0.6000000000000001,0.26086956521739124,0.6666666666666667,0.5,1.0,0.0,0.0,0.0,0.0,0.36,0.0,1.0,0.0
0,-1,legitimate_hi_IN,train,15,,1314,0.48275862068965514,0.48275862068965514,0.5263157894736843,0.0,1.0,0.0,0.0,0.0,0.0,0.2548780487804878,0.0,1.0,0.0
0,-1,legitimate_zh_CN,train,15,,847,0.64,0.64,0.7619047619047619,0.3333333333333333,1.0,0.0,0.0,0.5142857142857142,0.0,0.49090909090909085,0.0,1.0,1.0
0,-1,legitimate_ja_JP,train,15,,17819,0.855,0.45,0.5185185185185186,0.25,1.0,0.0,0.0,0.0,0.0,0.375,0.0,0.0,0.0
0,-1,legitimate_ko_KR,train,15,,303,0.7714285714285716,0.42857142857142855,0.8571428571428572,0.0,1.0,0.0,0.0,0.0,0.0,0.2,0.0,0.0,1.0
0,-1,legitimate_tr_TR,train,15,,14564,0.855,0.5116279069767442,0.5,0.2,1.0,0.0,0.0,0.0,0.0,0.38294573643410856,0.0,0.0,1.0
0,-1,legitimate_id_ID,train,15,,333,0.855,0.3870967741935484,0.6,0.2,1.0,0.0,0.0,0.0,0.0,0.57,0.0,0.0,1.0
0,-1,legitimate_en_US,train,15,,3297,0.855,0.7272727272727272,0.8571428571428572,0.5,1.0,0.0,0.0,0.2857142857142857,0.0,0.328395061728395,0.0,1.0,1.0
0,-1,legitimate_en_GB,train,15,,5774,0.5727272727272728,0.34782608695652173,0.6363636363636364,0.5,1.0,0.0,0.0,0.0,0.0,0.27,0.0,1.0,0.0
0,-1,legitimate_es_ES,train,15,,4841,0.6211538461538462,0.6538461538461539,0.6341463414634146,0.3333333333333333,1.0,0.0,0.0,0.0,0.0,0.5625,0.0,1.0,0.0
0,-1,legitimate_fr_FR,train,15,,6185,0.855,0.7,0.7,0.5,1.0,0.0,0.0,0.0,0.0,0.57,0.0,1.0,0.0
0,-1,legitimate_de_DE,train,15,,7607,0.45714285714285713,0.4,0.5,0.5,1.0,0.0,0.0,0.0,0.0,0.3857142857142858,0.0,0.0,0.0
0,-1,legitimate_it_IT,train,15,,10820,0.5625,0.46511627906976744,0.625,0.5,1.0,0.0,0.0,0.36,0.0,0.855,0.0,1.0,0.0
0,-1,legitimate_pt_BR,train,15,,148,0.6545454545454547,0.5806451612903225,0.7272727272727273,0.0,1.0,0.0,0.0,0.3846153846153846,0.0,0.57,0.0,1.0,1.0
0,-1,legitimate_ru_RU,train,15,,10173,0.6296296296296297,0.6296296296296297,0.6666666666666667,0.3333333333333333,1.0,0.0,0.0,0.4153846153846154,0.0,0.3375,0.0,1.0,0.0
0,-1,legitimate_uk_UA,train,15,,4639,0.855,0.5925925925925926,0.631578947368421,0.5,1.0,0.0,0.0,0.0,0.0,0.3126582278481013,0.0,1.0,1.0
0,-1,legitimate_ar_EG,train,15,,9940,0.6545454545454547,0.4615384615384615,0.7272727272727273,0.3333333333333333,1.0,0.0,0.0,0.36,0.0,0.57,0.0,1.0,0.0
0,-1,legitimate_fa_IR,train,15,,2935,0.5142857142857142,0.3428571428571429,0.5714285714285714,0.2,1.0,0.0,0.0,0.0,0.0,0.57,0.0,0.0,1.0
0,-1,legitimate_hi_IN,train,15,,1718,0.534375,0.4666666666666666,0.5333333333333333,0.3333333333333333,1.0,0.0,0.0,0.0,0.0,0.32500000000000007,0.0,0.0,1.0
0,-1,legitimate_zh_CN,train,15,,17907,0.7777777777777779,0.7777777777777777,0.875,0.5,1.0,0.0,0.0,0.0,0.0,0.3735042735042735,0.0,1.0,0.0
0,-1,legitimate_ja_JP,train,15,,847,0.6514285714285714,0.6857142857142857,0.6666666666666667,0.5,1.0,0.0,0.0,0.45,0.0,0.49090909090909085,0.0,1.0,1.0
0,-1,legitimate_ko_KR,train,15,,17031,0.5684210526315789,0.25714285714285706,0.631578947368421,1.0,1.0,0.0,0.0,0.0,0.0,0.54,0.0,0.0,0.0
0,-1,legitimate_tr_TR,train,15,,688,0.855,0.5652173913043478,0.6363636363636364,0.2,1.0,0.0,0.0,0.0,0.0,0.57,0.0,1.0,1.0
0,-1,legitimate_id_ID,train,15,,1718,0.855,0.3846153846153846,0.5,0.25,1.0,0.0,0.0,0.0,0.0,0.4412903225806451,0.0,0.0,1.0
0,-1,legitimate_en_US,train,15,,4233,0.855,0.6666666666666665,0.6666666666666667,0.5,1.0,0.0,0.0,0.285,0.0,0.57,0.0,1.0,0.0
0,-1,legitimate_en_GB,train,15,,2336,0.855,0.7619047619047619,0.6923076923076923,1.0,1.0,0.0,0.0,0.35999999999999993,0.0,0.57,0.0,1.0,0.0
0,-1,legitimate_es_ES,train,15,,1066,0.855,0.5490196078431372,0.5714285714285714,0.3333333333333333,1.0,0.0,0.0,0.45,0.0,0.39375,0.0,1.0,0.0
0,-1,legitimate_fr_FR,train,15,,564,0.855,0.3076923076923077,0.4864864864864865,0.3333333333333333,1.0,0.0,0.0,0.0,0.0,0.3220338983050847,0.0,0.0,1.0
0,-1,legitimate_de_DE,train,15,,14198,0.4446,0.31404958677685957,0.48,0.0,1.0,0.0,0.0,0.0,0.0,0.855,0.0,0.0,0.0
0,-1,legitimate_it_IT,train,15,,10683,0.5241379310344827,0.5517241379310345,0.5,0.5,1.0,0.0,0.0,0.0,0.0,0.57,0.0,0.0,0.0
0,-1,legitimate_pt_BR,train,15,,1650,0.5555555555555556,0.5555555555555556,0.5454545454545454,0.0,1.0,0.0,0.0,0.0,0.0,0.3695652173913043,0.0,1.0,1.0
0,-1,legitimate_ru_RU,train,15,,3142,0.855,0.4210526315789474,0.4117647058823529,0.2,1.0,0.0,0.0,0.0,0.0,0.3551401869158879,0.0,0.0,1.0
0,-1,legitimate_uk_UA,train,15,,89,0.45714285714285713,0.45714285714285713,0.5,0.0,1.0,0.0,0.0,0.0,0.0,0.57,0.0,0.0,1.0
0,-1,legitimate_ar_EG,train,15,,1753,0.855,0.6666666666666665,0.7142857142857143,0.5,1.0,0.0,0.0,0.4275,0.0,0.31935483870967746,0.0,1.0,0.0
0,-1,legitimate_fa_IR,train,15,,2353,0.4736842105263159,0.32258064516129037,0.5263157894736843,0.3333333333333333,1.0,0.0,0.0,0.33333333333333337,0.0,0.57,0.0,1.0,0.0
0,-1,legitimate_hi_IN,train,15,,11016,0.5365853658536586,0.4390243902439025,0.5,0.3333333333333333,1.0,0.0,0.0,0.0,0.0,0.3272727272727273,0.0,1.0,1.0
0,-1,legitimate_zh_CN,train,15,,3898,0.9,0.8,1.0,0.5,1.0,0.0,0.0,0.0,0.0,0.57,0.0,1.0,0.0
0,-1,legitimate_ja_JP,train,15,,10001,0.9,0.6666666666666665,1.0,0.6666666666666666,1.0,0.0,0.0,0.513,0.0,0.57,0.0,1.0,0.0
0,-1,legitimate_ko_KR,train,15,,1967,0.5,0.5,0.6153846153846154,1.0,1.0,0.0,0.0,0.19999999999999996,0.0,0.57,0.0,1.0,0.0
0,-1,legitimate_tr_TR,train,15,,2953,0.544090909090909,0.4102564102564103,0.5185185185185186,0.0,1.0,0.0,0.0,0.0,0.0,0.38535211267605624,0.0,0.0,1.0
0,-1,legitimate_id_ID,train,15,,7663,0.56,0.56,0.6,0.5,1.0,0.0,0.0,0.15384615384615385,0.0,0.57,0.0,1.0,1.0
0,-1,legitimate_en_US,train,15,,13572,0.57,0.4324324324324324,0.48,0.5,1.0,0.0,0.0,0.4,0.0,0.285,0.0,1.0,0.0
0,-1,legitimate_en_GB,train,15,,11426,0.855,0.46808510638297873,0.5,0.3333333333333333,1.0,0.0,0.0,0.0,0.0,0.3017647058823529,0.0,0.0,1.0
0,-1,legitimate_es_ES,train,15,,1259,0.5659574468085107,0.5957446808510638,0.6285714285714286,0.0,1.0,0.0,0.0,0.3109090909090909,0.0,0.855,0.0,1.0,0.0
0,-1,legitimate_fr_FR,train,15,,2337,0.6147058823529411,0.6470588235294117,0.6428571428571428,0.3333333333333333,1.0,0.0,0.0,0.16000000000000003,0.0,0.2,0.0,1.0,0.0
0,-1,legitimate_de_DE,train,15,,324,0.855,0.5263157894736842,0.6086956521739131,0.5,1.0,0.0,0.0,0.0,0.0,0.4222222222222222,0.0,0.0,0.0
0,-1,legitimate_it_IT,train,15,,5109,0.5625,0.4615384615384615,0.625,0.5,1.0,0.0,0.0,0.0,0.0,0.39375,0.0,0.0,0.0
0,-1,legitimate_pt_BR,train,15,,71,0.855,0.52,0.6060606060606061,0.25,1.0,0.0,0.0,0.0,0.0,0.38,0.0,1.0,0.0
0,-1,legitimate_ru_RU,train,15,,11773,0.7048387096774192,0.7419354838709676,0.6666666666666667,0.3333333333333333,1.0,0.0,0.0,0.4,0.0,0.3625954198473283,0.0,1.0,1.0
0,-1,legitimate_uk_UA,train,15,,89,0.9,0.33333333333333326,1.0,0.0,1.0,0.0,0.0,0.0,0.0,0.228,0.0,0.0,1.0
0,-1,legitimate_ar_EG,train,15,,6603,0.5128205128205128,0.5128205128205129,0.5714285714285714,0.0,1.0,0.0,0.0,0.0,0.0,0.36,0.0,0.0,1.0
0,-1,legitimate_fa_IR,train,15,,7533,0.5115384615384615,0.5384615384615384,0.5882352941176471,0.5,1.0,0.0,0.0,0.3857142857142858,0.0,0.24428571428571427,0.0,1.0,1.0
0,-1,legitimate_hi_IN,train,15,,4589,0.6576923076923076,0.5789473684210527,0.6666666666666667,0.3333333333333333,1.0,0.0,0.0,0.4275,0.0,0.57,0.0,1.0,0.0
0,-1,legitimate_zh_CN,train,15,,10239,0.855,0.6666666666666665,0.6666666666666667,0.5,1.0,0.0,0.0,0.0,0.0,0.3660550458715596,0.0,1.0,0.0
0,-1,legitimate_ja_JP,train,15,,847,0.855,0.5,0.631578947368421,0.25,1.0,0.0,0.0,0.5142857142857142,0.0,0.5727272727272728,0.0,1.0,1.0
0,-1,legitimate_ko_KR,train,15,,303,0.7714285714285716,0.6,0.8571428571428572,0.0,1.0,0.0,0.0,0.0,0.0,0.57,0.0,0.0,1.0
0,-1,legitimate_tr_TR,train,15,,4500,0.4864864864864865,0.4324324324324324,0.5,0.0,1.0,0.0,0.0,0.0,0.0,0.38737864077669903,0.0,0.0,1.0
0,-1,legitimate_id_ID,train,15,,8194,0.4846153846153846,0.2784810126582279,0.5384615384615384,0.0,1.0,0.0,0.0,0.0,0.0,0.855,0.0,0.0,0.0
0,-1,legitimate_en_US,train,15,,1280,0.8181818181818181,0.8181818181818181,0.8571428571428572,0.5,1.0,0.0,0.0,0.2375,0.0,0.4153846153846154,0.0,1.0,0.0
0,-1,legitimate_en_GB,train,15,,11190,0.6155999999999999,0.5,0.5625,0.3333333333333333,1.0,0.0,0.0,0.0,0.0,0.2,0.0,1.0,0.0
0,-1,legitimate_es_ES,train,15,,12369,0.42903225806451617,0.4516129032258065,0.5,0.5,1.0,0.0,0.0,0.0,0.0,0.37604166666666666,0.0,0.0,0.0
0,-1,legitimate_fr_FR,train,15,,17570,0.855,0.4411764705882353,0.5641025641025641,0.25,1.0,0.0,0.0,0.0,0.0,0.39230769230769236,0.0,0.0,0.0
0,-1,legitimate_de_DE,train,15,,89,0.5294117647058824,0.411764705882353,0.6153846153846154,0.0,1.0,0.0,0.0,0.0,0.0,0.2,0.0,0.0,1.0
0,-1,legitimate_it_IT,train,15,,7967,0.855,0.44,0.5,0.3333333333333333,1.0,0.0,0.0,0.6000000000000001,0.0,0.3497727272727273,0.0,1.0,1.0
0,-1,legitimate_pt_BR,train,15,,807,0.4878048780487805,0.4878048780487805,0.5454545454545454,0.0,1.0,0.0,0.0,0.0,0.0,0.57,0.0,0.0,1.0
0,-1,legitimate_ru_RU,train,15,,976,0.5277777777777778,0.5555555555555556,0.5,0.3333333333333333,1.0,0.0,0.0,0.30000000000000004,0.0,0.57,0.0,1.0,1.0
0,-1,legitimate_uk_UA,train,15,,7277,0.5,0.4,0.5555555555555556,0.0,1.0,0.0,0.0,0.0,0.0,0.855,0.0,0.0,1.0
0,-1,legitimate_ar_EG,train,15,,2637,0.6000000000000001,0.45,0.6666666666666667,0.0,1.0,0.0,0.0,0.0,0.0,0.4441558441558442,0.0,0.0,0.0
0,-1,legitimate_fa_IR,train,15,,2384,0.6000000000000001,0.4,0.6666666666666667,0.0,1.0,0.0,0.0,0.0,0.0,0.57,0.0,0.0,0.0
0,-1,legitimate_hi_IN,train,15,,1819,0.5225806451612902,0.4390243902439025,0.5806451612903225,0.0,1.0,0.0,0.0,0.6428571428571429,0.0,0.57,0.0,1.0,1.0
0,-1,legitimate_zh_CN,train,15,,847,0.855,0.6666666666666665,0.7692307692307692,0.5,1.0,0.0,0.0,0.5142857142857142,0.0,0.4663636363636363,0.0,1.0,1.0
0,-1,legitimate_ja_JP,train,15,,16747,0.855,0.7272727272727272,0.7142857142857143,0.25,1.0,0.0,0.0,0.0,0.0,0.2,0.0,0.0,1.0
0,-1,legitimate_ko_KR,train,15,,1020,0.4275,0.2758620689655173,0.4,1.0,1.0,0.0,0.0,0.4153846153846154,0.0,0.57,0.0,1.0,0.0
0,-1,legitimate_tr_TR,train,15,,15714,0.855,0.625,0.625,1.0,1.0,0.0,0.0,0.0,0.0,0.35625,0.0,0.0,0.0
0,-1,legitimate_id_ID,train,15,,1439,0.855,0.6,0.5714285714285714,0.5,1.0,0.0,0.0,0.0,0.0,0.4088607594936709,0.0,0.0,1.0
0,-1,legitimate_en_US,train,15,,3706,0.855,0.5882352941176471,0.6666666666666667,0.5,1.0,0.0,0.0,0.4090909090909091,0.0,0.2905882352941177,0.0,1.0,0.0
0,-1,legitimate_en_GB,train,15,,12805,0.63,0.6,0.6363636363636364,0.3333333333333333,1.0,0.0,0.0,0.2571428571428571,0.0,0.30857142857142855,0.0,1.0,1.0
0,-1,legitimate_es_ES,train,15,,2510,0.5714285714285714,0.5306122448979592,0.6190476190476191,0.3333333333333333,1.0,0.0,0.0,0.54,0.0,0.57,0.0,1.0,0.0
0,-1,legitimate_fr_FR,train,15,,12582,0.5896551724137931,0.6206896551724138,0.42105263157894735,0.5,1.0,0.0,0.0,0.0,0.0,0.342,0.0,0.0,1.0
0,-1,legitimate_de_DE,train,15,,6595,0.6000000000000001,0.5,0.6666666666666667,0.0,1.0,0.0,0.0,0.0,0.0,0.3135,0.0,0.0,1.0
0,-1,legitimate_it_IT,train,15,,848,0.5588235294117647,0.5882352941176471,0.4615384615384615,0.5,1.0,0.0,0.0,0.3448275862068966,0.0,0.28297872340425534,0.0,1.0,1.0
0,-1,legitimate_pt_BR,train,15,,3753,0.855,0.4,0.5333333333333333,0.25,1.0,0.0,0.0,0.0,0.0,0.57,0.0,0.0,1.0
0,-1,legitimate_ru_RU,train,15,,12289,0.7475409836065573,0.7868852459016393,0.8235294117647058,0.3333333333333333,1.0,0.0,0.0,0.19999999999999996,0.0,0.40303030303030296,0.0,1.0,0.0
0,-1,legitimate_uk_UA,train,15,,565,0.5538461538461539,0.4761904761904762,0.6153846153846154,0.0,1.0,0.0,0.0,0.0,0.0,0.28358208955223885,0.0,0.0,0.0
0,-1,legitimate_ar_EG,train,15,,1292,0.855,0.625,0.6363636363636364,0.5,1.0,0.0,0.0,0.0,0.0,0.285,0.0,1.0,0.0
0,-1,legitimate_fa_IR,train,15,,13884,0.63,0.3783783783783784,0.7,0.5,1.0,0.0,0.0,0.0,0.0,0.33529411764705885,0.0,0.0,0.0
0,-1,legitimate_hi_IN,train,15,,15218,0.4736842105263158,0.4210526315789474,0.4615384615384615,0.5,1.0,0.0,0.0,0.45,0.0,0.57,0.0,1.0,1.0
0,-1,legitimate_zh_CN,train,15,,18924,0.76,0.8,0.6666666666666667,0.6666666666666666,1.0,0.0,0.0,0.27586206896551724,0.0,0.5,0.0,1.0,0.0
0,-1,legitimate_ja_JP,train,15,,335,0.855,0.3076923076923077,0.4545454545454546,0.5,1.0,0.0,0.0,0.0,0.0,0.855,0.0,0.0,1.0
0,-1,legitimate_ko_KR,train,15,,8790,0.5142857142857142,0.4,0.5714285714285714,1.0,1.0,0.0,0.0,0.0,0.0,0.25,0.0,0.0,1.0
0,-1,legitimate_tr_TR,train,15,,1898,0.855,0.6666666666666665,0.9090909090909091,0.3333333333333333,1.0,0.0,0.0,0.3375,0.0,0.57,0.0,1.0,0.0
0,-1,legitimate_id_ID,train,15,,7426,0.5181818181818182,0.5454545454545454,0.48,0.0,1.0,0.0,0.0,0.33333333333333337,0.0,0.4090909090909091,0.0,1.0,1.0
0,-1,legitimate_en_US,train,15,,2524,0.54,0.41666666666666663,0.6,0.5,1.0,0.0,0.0,0.3076923076923077,0.0,0.57,0.0,1.0,0.0
0,-1,legitimate_en_GB,train,15,,17208,0.9,0.7272727272727272,1.0,0.5,1.0,0.0,0.0,0.0,0.0,0.2,0.0,0.0,0.0
0,-1,legitimate_es_ES,train,15,,11132,0.855,0.5,0.6086956521739131,0.3333333333333333,1.0,0.0,0.0,0.0,0.0,0.35348837209302325,0.0,0.0,1.0
0,-1,legitimate_fr_FR,train,15,,1647,0.475,0.5,0.5833333333333333,0.5,1.0,0.0,0.0,0.36642857142857144,0.0,0.3492063492063492,0.0,1.0,0.0
0,-1,legitimate_de_DE,train,15,,15182,0.6966666666666669,0.5,0.5454545454545454,0.5,1.0,0.0,0.0,0.32258064516129037,0.0,0.3017647058823529,0.0,1.0,0.0
0,-1,legitimate_it_IT,train,15,,1647,0.6600000000000001,0.631578947368421,0.7333333333333334,0.0,1.0,0.0,0.0,0.4,0.0,0.36173076923076924,0.0,1.0,1.0
0,-1,legitimate_pt_BR,train,15,,1794,0.5241379310344827,0.5517241379310345,0.48,0.5,1.0,0.0,0.0,0.3272727272727273,0.0,0.3308270676691729,0.0,1.0,1.0
0,-1,legitimate_ru_RU,train,15,,14818,0.855,0.5263157894736842,0.5294117647058824,0.25,1.0,0.0,0.0,0.0,0.0,0.34285714285714286,0.0,0.0,0.0
0,-1,legitimate_uk_UA,train,15,,7275,0.6705882352941177,0.7058823529411765,0.64,0.5,1.0,0.0,0.0,0.3703703703703704,0.0,0.3857142857142858,0.0,1.0,1.0
0,-1,legitimate_ar_EG,train,15,,10539,0.6428571428571428,0.6428571428571428,0.6666666666666667,0.0,1.0,0.0,0.0,0.3272727272727273,0.0,0.3295918367346939,0.0,1.0,0.0
0,-1,legitimate_fa_IR,train,15,,17960,0.6000000000000001,0.21212121212121218,0.6666666666666667,0.5,1.0,0.0,0.0,0.0,0.0,0.30925531914893617,0.0,0.0,0.0
0,-1,legitimate_hi_IN,train,15,,1358,0.7714285714285716,0.2,0.8571428571428572,0.0,1.0,0.0,0.0,0.0,0.0,0.3857142857142858,0.0,0.0,1.0
0,-1,legitimate_zh_CN,train,15,,6935,0.855,0.6666666666666665,0.8333333333333335,0.5,1.0,0.0,0.0,0.49090909090909085,0.0,0.38655462184873945,0.0,1.0,0.0
0,-1,legitimate_ja_JP,train,15,,847,0.855,0.5714285714285715,0.7777777777777779,0.25,1.0,0.0,0.0,0.36,0.0,0.4090909090909091,0.0,1.0,1.0
0,-1,legitimate_ko_KR,train,15,,303,0.7714285714285716,0.4,0.8571428571428572,0.0,1.0,0.0,0.0,0.0,0.0,0.2,0.0,0.0,1.0
0,-1,legitimate_tr_TR,train,15,,12962,0.6000000000000001,0.303030303030303,0.6666666666666667,0.2,1.0,0.0,0.0,0.0,0.0,0.57,0.0,0.0,0.0
0,-1,legitimate_id_ID,train,15,,13654,0.5181818181818182,0.5454545454545454,0.5,0.3333333333333333,1.0,0.0,0.0,0.0,0.0,0.855,0.0,0.0,0.0
0,-1,legitimate_en_US,train,15,,4233,0.6691304347826086,0.5263157894736842,0.7272727272727273,0.5,1.0,0.0,0.0,0.16216216216216217,0.0,0.57,0.0,1.0,0.0
0,-1,legitimate_en_GB,train,15,,9022,0.72,0.2105263157894737,0.8,0.3333333333333333,1.0,0.0,0.0,0.0,0.0,0.31707317073170727,0.0,0.0,1.0
0,-1,legitimate_es_ES,train,15,,11100,0.6909090909090909,0.7272727272727272,0.6111111111111112,0.3333333333333333,1.0,0.0,0.0,0.30000000000000004,0.0,0.57,0.0,1.0,0.0
0,-1,legitimate_fr_FR,train,15,,18321,0.5538461538461539,0.4615384615384615,0.6153846153846154,0.5,1.0,0.0,0.0,0.0,0.0,0.29032258064516137,0.0,0.0,1.0
0,-1,legitimate_de_DE,train,15,,1166,0.8,0.4210526315789474,0.8888888888888888,0.5,1.0,0.0,0.0,0.2,0.0,0.324,0.0,1.0,0.0
0,-1,legitimate_it_IT,train,15,,5679,0.855,0.6956521739130435,0.7333333333333334,0.5,1.0,0.0,0.0,0.45,0.0,0.57,0.0,1.0,0.0
0,-1,legitimate_pt_BR,train,15,,3439,0.855,0.8,0.9090909090909091,0.5,1.0,0.0,0.0,0.0,0.0,0.57,0.0,0.0,1.0
0,-1,legitimate_ru_RU,train,15,,9789,0.5555555555555556,0.5555555555555556,0.56,0.3333333333333333,1.0,0.0,0.0,0.25909090909090904,0.0,0.57,0.0,1.0,0.0
0,-1,legitimate_uk_UA,train,15,,9524,0.5474576271186441,0.576271186440678,0.5128205128205128,0.3333333333333333,1.0,0.0,0.0,0.33333333333333337,0.0,0.2,0.0,1.0,1.0
0,-1,legitimate_ar_EG,train,15,,12804,0.855,0.7,0.7692307692307692,0.5,1.0,0.0,0.0,0.1636363636363636,0.0,0.45,0.0,1.0,0.0
0,-1,legitimate_fa_IR,train,15,,15186,0.3870967741935484,0.3870967741935484,0.4285714285714286,0.0,1.0,0.0,0.0,0.0,0.0,0.375,0.0,1.0,0.0
0,-1,legitimate_hi_IN,train,15,,7517,0.5,0.5,0.631578947368421,0.0,0.5,0.0,0.0,0.0,0.0,0.33096774193548384,0.0,0.0,1.0
0,-1,legitimate_zh_CN,train,15,,4269,0.7777777777777779,0.7777777777777777,0.9333333333333332,1.0,1.0,0.0,0.0,0.0,0.0,0.57,0.0,1.0,0.0
0,-1,legitimate_ja_JP,train,15,,10323,0.855,0.4705882352941177,0.6923076923076923,0.3333333333333333,1.0,0.0,0.0,0.0,0.0,0.34873417721518984,0.0,0.0,1.0
0,-1,legitimate_ko_KR,train,15,,303,0.7714285714285716,0.5,0.8571428571428572,0.0,1.0,0.0,0.0,0.0,0.0,0.228,0.0,0.0,1.0
0,-1,legitimate_tr_TR,train,15,,7282,0.4653061224489795,0.4897959183673469,0.5128205128205128,0.25,1.0,0.0,0.0,0.4,0.0,0.57,0.0,1.0,1.0
0,-1,legitimate_id_ID,train,15,,16071,0.9,0.4705882352941177,1.0,0.5,1.0,0.0,0.0,0.0,0.0,0.57,0.0,0.0,0.0
0,-1,legitimate_en_US,train,15,,3537,0.855,0.6666666666666665,0.8333333333333335,0.5,1.0,0.0,0.0,0.18181818181818177,0.0,0.57,0.0,1.0,1.0
0,-1,legitimate_en_GB,train,15,,14464,0.855,0.631578947368421,0.631578947368421,0.5,1.0,0.0,0.0,0.0,0.0,0.33559322033898303,0.0,0.0,0.0
0,-1,legitimate_es_ES,train,15,,1436,0.4925925925925927,0.5185185185185186,0.5416666666666667,0.0,1.0,0.0,0.0,0.4275,0.0,0.42105263157894735,0.0,1.0,0.0
0,-1,legitimate_fr_FR,train,15,,5719,0.855,0.4931506849315068,0.5490196078431373,0.4,1.0,0.0,0.0,0.0,0.0,0.39876543209876547,0.0,1.0,1.0
0,-1,legitimate_de_DE,train,15,,1294,0.48484848484848486,0.48484848484848486,0.5333333333333333,0.0,1.0,0.0,0.0,0.0,0.0,0.34615384615384615,0.0,0.0,1.0
0,-1,legitimate_it_IT,train,15,,6131,0.475,0.5,0.5,0.0,1.0,0.0,0.0,0.36,0.0,0.45,0.0,1.0,0.0
0,-1,legitimate_pt_BR,train,15,,9863,0.5516129032258065,0.46808510638297873,0.41379310344827597,0.3333333333333333,1.0,0.0,0.0,0.0,0.0,0.3492647058823529,0.0,0.0,1.0
0,-1,legitimate_ru_RU,train,15,,13281,0.6430769230769231,0.676923076923077,0.6808510638297872,0.3333333333333333,1.0,0.0,0.0,0.0,0.0,0.57,0.0,1.0,0.0
0,-1,legitimate_uk_UA,train,15,,5274,0.675,0.4444444444444444,0.75,0.0,1.0,0.0,0.0,0.0,0.0,0.34285714285714286,0.0,0.0,1.0
0,-1,legitimate_ar_EG,train,15,,5071,0.5454545454545454,0.33846153846153837,0.6060606060606061,0.3333333333333333,1.0,0.0,0.0,0.0,0.0,0.38,0.0,0.0,0.0
0,-1,legitimate_fa_IR,train,15,,5233,0.6218181818181818,0.4444444444444444,0.6666666666666667,0.5,1.0,0.0,0.0,0.0,0.0,0.57,0.0,0.0,0.0
0,-1,legitimate_hi_IN,train,15,,175,0.6060606060606061,0.5454545454545454,0.6666666666666667,0.0,1.0,0.0,0.0,0.0,0.0,0.57,0.0,0.0,1.0
0,-1,legitimate_zh_CN,train,15,,10019,0.855,0.736842105263158,0.7142857142857143,0.6666666666666666,1.0,0.0,0.0,0.0,0.0,0.2,0.0,1.0,1.0
0,-1,legitimate_ja_JP,train,15,,4707,0.855,0.4705882352941177,0.6666666666666667,0.3333333333333333,1.0,0.0,0.0,0.0,0.0,0.4151260504201681,0.0,0.0,1.0
0,-1,legitimate_ko_KR,train,15,,5130,0.5142857142857142,0.2857142857142857,0.5714285714285714,0.0,1.0,0.0,0.0,0.0,0.0,0.32520325203252026,0.0,0.0,0.0
0,-1,legitimate_tr_TR,train,15,,7581,0.5333333333333333,0.5333333333333333,0.5454545454545454,0.0,1.0,0.0,0.0,0.0,0.0,0.57,0.0,1.0,1.0
0,-1,legitimate_id_ID,train,15,,12561,0.855,0.3870967741935484,0.5769230769230769,0.3333333333333333,1.0,0.0,0.0,0.0,0.0,0.33043478260869563,0.0,0.0,1.0
0,-1,legitimate_en_US,train,15,,1884,0.6428571428571429,0.5185185185185186,0.7142857142857143,0.0,1.0,0.0,0.0,0.0,0.0,0.37173913043478257,0.0,0.0,0.0
0,-1,legitimate_en_GB,train,15,,5064,0.5181818181818182,0.5454545454545454,0.5333333333333333,0.3333333333333333,1.0,0.0,0.0,0.3272727272727273,0.0,0.2,0.0,1.0,1.0
0,-1,legitimate_es_ES,train,15,,17510,0.855,0.5581395348837209,0.5882352941176471,0.3333333333333333,1.0,0.0,0.0,0.4275,0.0,0.4104,0.0,1.0,0.0
0,-1,legitimate_fr_FR,train,15,,2483,0.5516129032258064,0.5806451612903225,0.6363636363636364,0.5,1.0,0.0,0.0,0.285,0.0,0.3489795918367347,0.0,1.0,1.0
0,-1,legitimate_de_DE,train,15,,293,0.57,0.4390243902439025,0.5625,0.3333333333333333,1.0,0.0,0.0,0.0,0.0,0.391304347826087,0.0,1.0,0.0
0,-1,legitimate_it_IT,train,15,,1222,0.5727272727272728,0.33333333333333326,0.6363636363636364,0.0,1.0,0.0,0.0,0.36,0.0,0.57,0.0,1.0,1.0
0,-1,legitimate_pt_BR,train,15,,122,0.5181818181818182,0.5454545454545454,0.5925925925925926,0.0,1.0,0.0,0.0,0.30000000000000004,0.0,0.2,0.0,1.0,1.0
0,-1,legitimate_ru_RU,train,15,,11540,0.855,0.3111111111111111,0.45945945945945943,0.2,1.0,0.0,0.0,0.0,0.0,0.855,0.0,0.0,1.0
0,-1,legitimate_uk_UA,train,15,,123,0.855,0.5142857142857143,0.6086956521739131,0.5,1.0,0.0,0.0,0.3076923076923077,0.0,0.57,0.0,1.0,0.0
0,-1,legitimate_ar_EG,train,15,,1475,0.855,0.7619047619047619,0.7692307692307692,0.5,1.0,0.0,0.0,0.25,0.0,0.379746835443038,0.0,1.0,0.0
0,-1,legitimate_fa_IR,train,15,,6845,0.4925925925925927,0.5185185185185186,0.4761904761904761,0.5,1.0,0.0,0.0,0.45,0.0,0.4235294117647059,0.0,1.0,1.0
0,-1,legitimate_hi_IN,train,15,,17398,0.63,0.3181818181818181,0.7,0.5,1.0,0.0,0.0,0.6000000000000001,0.0,0.48857142857142855,0.0,1.0,0.0
0,-1,legitimate_zh_CN,train,15,,17155,0.855,0.7,0.8571428571428572,1.0,1.0,0.0,0.0,0.0,0.0,0.57,0.0,0.0,1.0
0,-1,legitimate_ja_JP,train,15,,10324,0.855,0.38888888888888884,0.5882352941176471,0.3333333333333333,1.0,0.0,0.0,0.0,0.0,0.3525773195876289,0.0,0.0,1.0
0,-1,legitimate_ko_KR,train,15,,3399,0.6909090909090909,0.7272727272727272,0.736842105263158,0.0,1.0,0.0,0.0,0.0,0.0,0.2,0.0,1.0,1.0
0,-1,legitimate_tr_TR,train,15,,1552,0.5,0.4375,0.6153846153846154,0.0,1.0,0.0,0.0,0.0,0.0,0.4090909090909091,0.0,1.0,1.0
0,-1,legitimate_id_ID,train,15,,6075,0.855,0.5833333333333334,0.6206896551724138,0.25,1.0,0.0,0.0,0.342,0.0,0.57,0.0,1.0,1.0
0,-1,legitimate_en_US,train,15,,11251,0.64125,0.4516129032258065,0.5714285714285714,0.0,0.5,0.0,0.0,0.0,0.0,0.37720588235294117,0.0,0.0,1.0
0,-1,legitimate_en_GB,train,15,,1452,0.855,0.4516129032258065,0.5,0.3333333333333333,1.0,0.0,0.0,0.0,0.0,0.3857142857142858,0.0,1.0,1.0
0,-1,legitimate_es_ES,train,15,,6772,0.57,0.5,0.5882352941176471,0.5,1.0,0.0,0.0,0.0,0.0,0.34734375,0.0,0.0,1.0
0,-1,legitimate_fr_FR,train,15,,17448,0.855,0.7272727272727272,0.782608695652174,0.5,1.0,0.0,0.0,0.45,0.0,0.57,0.0,1.0,0.0
0,-1,legitimate_de_DE,train,15,,6236,0.6545454545454547,0.4,0.7272727272727273,0.0,1.0,0.0,0.0,0.0,0.0,0.26125000000000004,0.0,0.0,0.0
0,-1,legitimate_it_IT,train,15,,1218,0.4878048780487805,0.4878048780487805,0.5714285714285714,0.3333333333333333,1.0,0.0,0.0,0.320625,0.0,0.4,0.0,1.0,1.0
0,-1,legitimate_pt_BR,train,15,,17486,0.855,0.6,0.6153846153846154,0.5,1.0,0.0,0.0,0.48857142857142855,0.0,0.45,0.0,1.0,0.0
0,-1,legitimate_ru_RU,train,15,,9524,0.7169811320754716,0.7547169811320755,0.6046511627906976,0.3333333333333333,1.0,0.0,0.0,0.5142857142857142,0.0,0.57,0.0,1.0,1.0
0,-1,legitimate_uk_UA,train,15,,13240,0.855,0.5777777777777778,0.6666666666666667,0.5,1.0,0.0,0.0,0.3157894736842105,0.0,0.38863636363636367,0.0,1.0,0.0
0,-1,legitimate_ar_EG,train,15,,6253,0.855,0.6956521739130435,0.6956521739130435,0.5,1.0,0.0,0.0,0.3125,0.0,0.3342592592592593,0.0,1.0,0.0
0,-1,legitimate_fa_IR,train,15,,971,0.5727272727272728,0.2666666666666667,0.6363636363636364,0.0,1.0,0.0,0.0,0.3375,0.0,0.324,0.0,1.0,1.0
0,-1,legitimate_hi_IN,train,15,,6114,0.5066666666666666,0.45,0.4666666666666666,0.0,1.0,0.0,0.0,0.0,0.0,0.4075471698113208,0.0,0.0,1.0
0,-1,legitimate_zh_CN,train,15,,1324,0.76,0.8,0.7058823529411764,1.0,1.0,0.0,0.0,0.0,0.0,0.4,0.0,1.0,0.0
0,-1,legitimate_ja_JP,train,15,,10001,0.9,0.6666666666666665,1.0,0.6666666666666666,1.0,0.0,0.0,0.48857142857142855,0.0,0.2,0.0,1.0,0.0
0,-1,legitimate_ko_KR,train,15,,303,0.7714285714285716,0.5,0.8571428571428572,0.0,1.0,0.0,0.0,0.0,0.0,0.57,0.0,0.0,1.0
0,-1,legitimate_tr_TR,train,15,,14564,0.855,0.5,0.5,0.25,1.0,0.0,0.0,0.0,0.0,0.3417721518987342,0.0,0.0,1.0
0,-1,legitimate_id_ID,train,15,,659,0.6000000000000001,0.45454545454545453,0.6666666666666667,0.0,1.0,0.0,0.0,0.45,0.0,0.34285714285714286,0.0,1.0,0.0
0,-1,legitimate_en_US,train,15,,1366,0.855,0.7272727272727272,0.7272727272727273,0.5,1.0,0.0,0.0,0.0,0.0,0.2,0.0,1.0,0.0
0,-1,legitimate_en_GB,train,15,,3425,0.855,0.736842105263158,0.736842105263158,0.5,1.0,0.0,0.0,0.28787878787878785,0.0,0.2,0.0,1.0,0.0
0,-1,legitimate_es_ES,train,15,,4421,0.5377358490566038,0.5660377358490566,0.5263157894736843,0.3333333333333333,1.0,0.0,0.0,0.0,0.0,0.3946153846153846,0.0,1.0,0.0
0,-1,legitimate_fr_FR,train,15,,2526,0.7578947368421052,0.6153846153846154,0.8421052631578947,0.5,1.0,0.0,0.0,0.0,0.0,0.30493827160493825,0.0,0.0,1.0
0,-1,legitimate_de_DE,train,15,,333,0.5066666666666666,0.4324324324324324,0.4545454545454546,0.0,1.0,0.0,0.0,0.0,0.0,0.57,0.0,0.0,1.0
0,-1,legitimate_it_IT,train,15,,1650,0.5365853658536586,0.3902439024390244,0.56,0.0,1.0,0.0,0.0,0.0,0.0,0.4,0.0,1.0,1.0
0,-1,legitimate_pt_BR,train,15,,70,0.5945945945945945,0.5945945945945946,0.5217391304347826,0.3333333333333333,1.0,0.0,0.0,0.342,0.0,0.57,0.0,1.0,1.0
0,-1,legitimate_ru_RU,train,15,,2483,0.855,0.5714285714285715,0.7333333333333334,0.2,1.0,0.0,0.0,0.27,0.0,0.3320388349514563,0.0,1.0,1.0
0,-1,legitimate_uk_UA,train,15,,9380,0.55,0.5416666666666666,0.6111111111111112,0.5,1.0,0.0,0.0,0.0,0.0,0.57,0.0,1.0,0.0
0,-1,legitimate_ar_EG,train,15,,2202,0.57,0.4390243902439025,0.4444444444444444,0.5,1.0,0.0,0.0,0.18181818181818177,0.0,0.3053571428571428,0.0,1.0,0.0
0,-1,legitimate_fa_IR,train,15,,9984,0.54,0.2926829268292683,0.6,1.0,1.0,0.0,0.0,0.2,0.0,0.4090909090909091,0.0,1.0,0.0
0,-1,legitimate_hi_IN,train,15,,1895,0.5181818181818182,0.5454545454545454,0.6666666666666667,0.0,1.0,0.0,0.0,0.0,0.0,0.57,0.0,1.0,1.0
0,-1,legitimate_zh_CN,train,15,,17905,0.95,1.0,0.8333333333333335,1.0,1.0,0.0,0.0,0.475,0.0,0.34615384615384615,0.0,1.0,1.0
0,-1,legitimate_ja_JP,train,15,,6695,0.855,0.4788732394366197,0.5909090909090908,0.4,1.0,0.0,0.0,0.0,0.0,0.48,0.0,0.0,0.0
0,-1,legitimate_ko_KR,train,15,,3813,0.6666666666666667,0.6666666666666665,0.736842105263158,1.0,1.0,0.0,0.0,0.0,0.0,0.4002127659574468,0.0,1.0,1.0
0,-1,legitimate_tr_TR,train,15,,5650,0.486046511627907,0.5116279069767442,0.5263157894736843,0.3333333333333333,1.0,0.0,0.0,0.0,0.0,0.57,0.0,1.0,0.0
0,-1,legitimate_id_ID,train,15,,6973,0.54,0.3846153846153846,0.6,0.5,1.0,0.0,0.0,0.0,0.0,0.855,0.0,0.0,1.0
0,-1,legitimate_en_US,train,15,,10494,0.9,1.0,1.0,0.5,1.0,0.0,0.0,0.0,0.0,0.57,0.0,0.0,0.0
0,-1,legitimate_en_GB,train,15,,1663,0.59375,0.625,0.6923076923076923,0.0,1.0,0.0,0.0,0.3272727272727273,0.0,0.2,0.0,1.0,1.0
0,-1,legitimate_es_ES,train,15,,203,0.6428571428571429,0.4782608695652174,0.7142857142857143,0.5,1.0,0.0,0.0,0.3857142857142858,0.0,0.855,0.0,1.0,0.0
0,-1,legitimate_fr_FR,train,15,,11681,0.5769230769230769,0.4615384615384615,0.6046511627906976,0.3333333333333333,1.0,0.0,0.0,0.4153846153846154,0.0,0.4090909090909091,0.0,1.0,0.0
0,-1,legitimate_de_DE,train,15,,2205,0.6857142857142857,0.48484848484848486,0.7619047619047619,0.3333333333333333,1.0,0.0,0.0,0.13846153846153847,0.0,0.2,0.0,1.0,1.0
0,-1,legitimate_it_IT,train,15,,15125,0.5294117647058824,0.3448275862068965,0.5882352941176471,0.0,1.0,0.0,0.0,0.0,0.0,0.57,0.0,0.0,1.0
0,-1,legitimate_pt_BR,train,15,,9353,0.627,0.5333333333333333,0.5714285714285714,0.5,1.0,0.0,0.0,0.4242424242424242,0.0,0.57,0.0,1.0,0.0
0,-1,legitimate_ru_RU,train,15,,7430,0.6,0.631578947368421,0.6956521739130435,0.3333333333333333,1.0,0.0,0.0,0.35999999999999993,0.0,0.3857142857142858,0.0,1.0,1.0
0,-1,legitimate_uk_UA,train,15,,8341,0.6446428571428571,0.6785714285714286,0.7692307692307692,0.3333333333333333,1.0,0.0,0.0,0.3703703703703704,0.0,0.2,0.0,1.0,0.0
0,-1,legitimate_ar_EG,train,15,,19005,0.6000000000000001,0.3783783783783784,0.6666666666666667,1.0,1.0,0.0,0.0,0.25,0.0,0.342,0.0,1.0,0.0
0,-1,legitimate_fa_IR,train,15,,3853,0.54,0.4,0.6,0.0,1.0,0.0,0.0,0.0,0.0,0.25909090909090904,0.0,0.0,0.0
0,-1,legitimate_hi_IN,train,15,,148,0.54,0.4516129032258065,0.6,0.0,1.0,0.0,0.0,0.09090909090909094,0.0,0.57,0.0,1.0,1.0
0,-1,legitimate_zh_CN,train,15,,6959,0.8,0.72,0.9,0.6666666666666666,1.0,0.0,0.0,0.45,0.0,0.2,0.0,1.0,1.0
0,-1,legitimate_ja_JP,train,15,,927,0.855,0.4615384615384615,0.6,0.3333333333333333,1.0,0.0,0.0,0.0,0.0,0.40375,0.0,0.0,1.0
0,-1,legitimate_ko_KR,train,15,,4429,0.6000000000000001,0.3571428571428571,0.6666666666666667,1.0,1.0,0.0,0.0,0.0,0.0,0.4816901408450704,0.0,0.0,0.0
0,-1,legitimate_tr_TR,train,15,,9291,0.855,0.6153846153846154,0.7777777777777779,0.3333333333333333,1.0,0.0,0.0,0.0,0.0,0.57,0.0,0.0,1.0
0,-1,legitimate_id_ID,train,15,,11441,0.6,0.631578947368421,0.5454545454545454,0.5,1.0,0.0,0.0,0.2571428571428571,0.0,0.45599999999999996,0.0,1.0,1.0
0,-1,legitimate_en_US,train,15,,3250,0.855,0.6923076923076923,0.7058823529411764,0.5,1.0,0.0,0.0,0.36,0.0,0.2,0.0,1.0,0.0
0,-1,legitimate_en_GB,train,15,,3395,0.855,0.5714285714285715,0.736842105263158,0.5,1.0,0.0,0.0,0.3272727272727273,0.0,0.3896103896103897,0.0,1.0,1.0
0,-1,legitimate_es_ES,train,15,,2103,0.5727272727272728,0.5161290322580645,0.6363636363636364,0.0,1.0,0.0,0.0,0.0,0.0,0.57,0.0,1.0,1.0
0,-1,legitimate_fr_FR,train,15,,2532,0.5777777777777777,0.5777777777777778,0.631578947368421,0.3333333333333333,1.0,0.0,0.0,0.30000000000000004,0.0,0.57,0.0,1.0,1.0
0,-1,legitimate_de_DE,train,15,,1093,0.5714285714285714,0.5714285714285715,0.6153846153846154,0.0,1.0,0.0,0.0,0.0,0.0,0.36642857142857144,0.0,0.0,1.0
0,-1,legitimate_it_IT,train,15,,3807,0.855,0.7272727272727272,0.7142857142857143,0.5,0.5,0.0,0.0,0.0,0.0,0.3288461538461538,0.0,0.0,1.0
0,-1,legitimate_pt_BR,train,15,,4643,0.6923076923076923,0.45454545454545453,0.7692307692307692,0.5,1.0,0.0,0.0,0.0,0.0,0.31666666666666665,0.0,0.0,1.0
0,-1,legitimate_ru_RU,train,15,,8006,0.855,0.5714285714285715,0.6,0.3333333333333333,1.0,0.0,0.0,0.3176470588235294,0.0,0.3325,0.0,1.0,1.0
0,-1,legitimate_uk_UA,train,15,,11914,0.4897959183673469,0.4897959183673469,0.5405405405405406,0.5,1.0,0.0,0.0,0.0,0.0,0.4098039215686275,0.0,0.0,1.0
0,-1,legitimate_ar_EG,train,15,,12762,0.6000000000000001,0.28,0.6666666666666667,0.5,1.0,0.0,0.0,0.0,0.0,0.57,0.0,1.0,1.0
0,-1,legitimate_fa_IR,train,15,,18630,0.855,0.32558139534883723,0.5,0.5,1.0,0.0,0.0,0.0,0.0,0.3257142857142857,0.0,0.0,0.0
0,-1,legitimate_hi_IN,train,15,,254,0.5625,0.5625,0.5806451612903225,0.0,1.0,0.0,0.0,0.30000000000000004,0.0,0.57,0.0,1.0,0.0
0,-1,legitimate_zh_CN,train,15,,4377,0.7916666666666667,0.8333333333333333,0.8421052631578947,0.5,1.0,0.0,0.0,0.0,0.0,0.3375,0.0,1.0,0.0
0,-1,legitimate_ja_JP,train,15,,7812,0.855,0.875,0.8888888888888888,0.5,1.0,0.0,0.0,0.0,0.0,0.57,0.0,0.0,0.0
0,-1,legitimate_ko_KR,train,15,,10425,0.48,0.22857142857142862,0.5333333333333333,1.0,1.0,0.0,0.0,0.4761904761904761,0.0,0.2,0.0,1.0,1.0
0,-1,legitimate_tr_TR,train,15,,1041,0.6333333333333333,0.6666666666666665,0.6428571428571428,0.0,1.0,0.0,0.0,0.48857142857142855,0.0,0.34337349397590367,0.0,1.0,1.0
0,-1,legitimate_id_ID,train,15,,15362,0.8181818181818181,0.5263157894736842,0.9090909090909091,0.5,1.0,0.0,0.0,0.0,0.0,0.228,0.0,0.0,0.0
0,-1,legitimate_en_US,train,15,,19089,0.6956521739130435,0.7058823529411765,0.7777777777777779,0.5,1.0,0.0,0.0,0.32258064516129037,0.0,0.57,0.0,1.0,0.0
0,-1,legitimate_en_GB,train,15,,11484,0.855,0.5714285714285715,0.6,0.5,1.0,0.0,0.0,0.2222222222222222,0.0,0.855,0.0,1.0,0.0
0,-1,legitimate_es_ES,train,15,,254,0.855,0.4761904761904762,0.4761904761904761,0.25,1.0,0.0,0.0,0.45,0.0,0.57,0.0,1.0,0.0
0,-1,legitimate_fr_FR,train,15,,2650,0.5399999999999999,0.34782608695652173,0.5714285714285714,0.5,1.0,0.0,0.0,0.4,0.0,0.57,0.0,1.0,0.0
0,-1,legitimate_de_DE,train,15,,7310,0.5294117647058824,0.5294117647058824,0.6,0.5,1.0,0.0,0.0,0.45,0.0,0.4,0.0,1.0,1.0
0,-1,legitimate_it_IT,train,15,,10316,0.4586206896551724,0.48275862068965514,0.4615384615384615,0.3333333333333333,1.0,0.0,0.0,0.0,0.0,0.57,0.0,1.0,1.0
0,-1,legitimate_pt_BR,train,15,,1212,0.7407407407407408,0.7407407407407408,0.6956521739130435,0.5,1.0,0.0,0.0,0.3109090909090909,0.0,0.32758620689655177,0.0,1.0,1.0
0,-1,legitimate_ru_RU,train,15,,8715,0.6879310344827587,0.7241379310344829,0.6,0.3333333333333333,1.0,0.0,0.0,0.0,0.0,0.2,0.0,1.0,0.0
0,-1,legitimate_uk_UA,train,15,,11712,0.855,0.7,0.7692307692307692,0.5,1.0,0.0,0.0,0.36,0.0,0.3375,0.0,1.0,1.0
0,-1,legitimate_ar_EG,train,15,,5697,0.855,0.6363636363636364,0.7333333333333334,0.5,1.0,0.0,0.0,0.17999999999999997,0.0,0.4275,0.0,1.0,1.0
0,-1,legitimate_fa_IR,train,15,,7533,0.48,0.4,0.5333333333333333,0.2,1.0,0.0,0.0,0.285,0.0,0.3857142857142858,0.0,1.0,1.0
0,-1,legitimate_hi_IN,train,15,,11945,0.5472,0.4102564102564103,0.5925925925925926,0.3333333333333333,1.0,0.0,0.0,0.0,0.0,0.391304347826087,0.0,0.0,1.0
0,-1,legitimate_zh_CN,train,15,,847,0.855,0.5333333333333333,0.7272727272727273,0.5,1.0,0.0,0.0,0.45,0.0,0.5727272727272728,0.0,1.0,1.0
0,-1,legitimate_ja_JP,train,15,,601,0.855,0.4444444444444444,0.56,0.5,1.0,0.0,0.0,0.4,0.0,0.855,0.0,1.0,0.0
0,-1,legitimate_ko_KR,train,15,,10348,0.5538461538461539,0.34782608695652173,0.6153846153846154,1.0,1.0,0.0,0.0,0.0,0.0,0.3705882352941176,0.0,1.0,1.0
0,-1,legitimate_tr_TR,train,15,,1934,0.4663636363636363,0.42857142857142855,0.5161290322580645,0.3333333333333333,1.0,0.0,0.0,0.285,0.0,0.57,0.0,1.0,0.0
0,-1,legitimate_id_ID,train,15,,17057,0.3847499999999999,0.35294117647058826,0.35,0.3333333333333333,1.0,0.0,0.0,0.0,0.0,0.855,0.0,0.0,0.0
0,-1,legitimate_en_US,train,15,,3979,0.855,0.625,0.7272727272727273,0.5,1.0,0.0,0.0,0.3857142857142858,0.0,0.57,0.0,1.0,0.0
0,-1,legitimate_en_GB,train,15,,8215,0.6000000000000001,0.4705882352941177,0.6666666666666667,0.5,1.0,0.0,0.0,0.0,0.0,0.39512195121951216,0.0,1.0,0.0
0,-1,legitimate_es_ES,train,15,,1094,0.72,0.41666666666666663,0.8,0.0,1.0,0.0,0.0,0.0,0.0,0.3414634146341463,0.0,0.0,1.0
0,-1,legitimate_fr_FR,train,15,,19034,0.855,0.4810126582278481,0.53125,0.4,1.0,0.0,0.0,0.0,0.0,0.3375,0.0,0.0,1.0
0,-1,legitimate_de_DE,train,15,,6078,0.855,0.6857142857142857,0.72,0.5,1.0,0.0,0.0,0.0,0.0,0.30158730158730157,0.0,1.0,1.0
0,-1,legitimate_it_IT,train,15,,15651,0.6067741935483871,0.5,0.6666666666666667,0.3333333333333333,1.0,0.0,0.0,0.25,0.0,0.57,0.0,1.0,0.0
0,-1,legitimate_pt_BR,train,15,,2351,0.855,0.5714285714285715,0.5714285714285714,0.5,1.0,0.0,0.0,0.34615384615384615,0.0,0.57,0.0,1.0,0.0
0,-1,legitimate_ru_RU,train,15,,14105,0.6446428571428571,0.6785714285714286,0.6808510638297872,0.5,1.0,0.0,0.0,0.0,0.0,0.24,0.0,1.0,1.0
0,-1,legitimate_uk_UA,train,15,,9881,0.6882352941176471,0.5909090909090909,0.7647058823529411,0.5,1.0,0.0,0.0,0.0,0.0,0.33043478260869563,0.0,1.0,1.0
0,-1,legitimate_ar_EG,train,15,,10366,0.5625,0.31578947368421056,0.625,0.0,1.0,0.0,0.0,0.0,0.0,0.38915662650602406,0.0,0.0,0.0
0,-1,legitimate_fa_IR,train,15,,102,0.6428571428571429,0.2553191489361703,0.7142857142857143,0.0,1.0,0.0,0.0,0.0,0.0,0.57,0.0,0.0,1.0
0,-1,legitimate_hi_IN,train,15,,16520,0.513,0.38888888888888884,0.5,0.0,1.0,0.0,0.0,0.0,0.0,0.3740625,0.0,0.0,0.0
0,-1,legitimate_zh_CN,train,15,,847,0.855,0.72,0.8,0.5,1.0,0.0,0.0,0.6000000000000001,0.0,0.49090909090909085,0.0,1.0,1.0
0,-1,legitimate_ja_JP,train,15,,6695,0.855,0.38095238095238093,0.6470588235294117,0.5,1.0,0.0,0.0,0.0,0.0,0.48,0.0,0.0,0.0
0,-1,legitimate_ko_KR,train,15,,303,0.7714285714285716,0.4,0.8571428571428572,0.0,1.0,0.0,0.0,0.0,0.0,0.2,0.0,0.0,1.0
0,-1,legitimate_tr_TR,train,15,,15148,0.6600000000000001,0.4705882352941177,0.7333333333333334,0.0,1.0,0.0,0.0,0.0,0.0,0.34411764705882353,0.0,0.0,0.0
0,-1,legitimate_id_ID,train,15,,7866,0.855,0.41379310344827586,0.4516129032258065,0.4,1.0,0.0,0.0,0.0,0.0,0.3908571428571429,0.0,0.0,0.0
0,-1,legitimate_en_US,train,15,,14081,0.855,0.6666666666666665,0.6470588235294117,1.0,1.0,0.0,0.0,0.0,0.0,0.57,0.0,1.0,0.0
0,-1,legitimate_en_GB,train,15,,173,0.855,0.368421052631579,0.4,0.3333333333333333,1.0,0.0,0.0,0.0,0.0,0.3402985074626866,0.0,1.0,1.0
0,-1,legitimate_es_ES,train,15,,15817,0.6666666666666667,0.5882352941176471,0.7391304347826086,0.3333333333333333,1.0,0.0,0.0,0.45,0.0,0.57,0.0,1.0,0.0
0,-1,legitimate_fr_FR,train,15,,1379,0.855,0.6808510638297872,0.8387096774193549,0.3333333333333333,1.0,0.0,0.0,0.36,0.0,0.38,0.0,1.0,1.0
0,-1,legitimate_de_DE,train,15,,6764,0.57,0.5416666666666666,0.5384615384615384,0.0,1.0,0.0,0.0,0.37254901960784315,0.0,0.57,0.0,1.0,0.0
0,-1,legitimate_it_IT,train,15,,17075,0.6631578947368422,0.4444444444444444,0.736842105263158,0.5,1.0,0.0,0.0,0.0,0.0,0.36337500000000006,0.0,0.0,0.0
0,-1,legitimate_pt_BR,train,15,,14761,0.45,0.37209302325581395,0.5,0.0,1.0,0.0,0.0,0.0,0.0,0.855,0.0,0.0,1.0
0,-1,legitimate_ru_RU,train,15,,8457,0.6666666666666667,0.6666666666666665,0.5957446808510638,0.3333333333333333,1.0,0.0,0.0,0.0,0.0,0.57,0.0,1.0,0.0
0,-1,legitimate_uk_UA,train,15,,9370,0.5878125,0.5909090909090909,0.6206896551724138,0.0,1.0,0.0,0.0,0.0,0.0,0.2,0.0,1.0,0.0
0,-1,legitimate_ar_EG,train,15,,14877,0.5727272727272728,0.42857142857142855,0.6363636363636364,0.0,1.0,0.0,0.0,0.30000000000000004,0.0,0.855,0.0,1.0,1.0
0,-1,legitimate_fa_IR,train,15,,2384,0.6218181818181818,0.4210526315789474,0.6666666666666667,0.0,1.0,0.0,0.0,0.0,0.0,0.2,0.0,0.0,0.0
0,-1,legitimate_hi_IN,train,15,,1138,0.5947826086956521,0.48484848484848486,0.5,0.3333333333333333,1.0,0.0,0.0,0.3272727272727273,0.0,0.32432432432432434,0.0,1.0,0.0
0,-1,legitimate_zh_CN,train,15,,17045,0.8421052631578947,0.8421052631578948,0.9411764705882352,0.5,1.0,0.0,0.0,0.45,0.0,0.54,0.0,1.0,0.0
0,-1,legitimate_ja_JP,train,15,,7812,0.855,0.875,0.8888888888888888,0.5,1.0,0.0,0.0,0.0,0.0,0.57,0.0,0.0,0.0
0,-1,legitimate_ko_KR,train,15,,1810,0.5217391304347826,0.5217391304347826,0.5714285714285714,0.0,1.0,0.0,0.0,0.0,0.0,0.4144144144144144,0.0,0.0,1.0
0,-1,legitimate_tr_TR,train,15,,1745,0.4705882352941176,0.35294117647058826,0.5517241379310345,0.3333333333333333,1.0,0.0,0.0,0.39899999999999997,0.0,0.57,0.0,1.0,0.0
0,-1,legitimate_id_ID,train,15,,149,0.5516129032258064,0.5806451612903225,0.4761904761904761,0.0,1.0,0.0,0.0,0.57,0.0,0.57,0.0,1.0,1.0
0,-1,legitimate_en_US,train,15,,8232,0.5066666666666666,0.5333333333333333,0.5384615384615384,0.5,1.0,0.0,0.0,0.0,0.0,0.4042553191489361,0.0,0.0,0.0
0,-1,legitimate_en_GB,train,15,,18092,0.665,0.7,0.7,0.5,1.0,0.0,0.0,0.0,0.0,0.35379310344827597,0.0,1.0,0.0
0,-1,legitimate_es_ES,train,15,,122,0.855,0.6666666666666665,0.782608695652174,0.3333333333333333,1.0,0.0,0.0,0.4,0.0,0.2,0.0,1.0,1.0
0,-1,legitimate_fr_FR,train,15,,18568,0.8708333333333332,0.9166666666666667,0.6666666666666667,0.5,1.0,0.0,0.0,0.4,0.0,0.3135,0.0,1.0,1.0
0,-1,legitimate_de_DE,train,15,,14019,0.525,0.5,0.5833333333333333,0.0,1.0,0.0,0.0,0.0,0.0,0.32264150943396225,0.0,0.0,1.0
0,-1,legitimate_it_IT,train,15,,9391,0.855,0.5,0.6666666666666667,0.5,1.0,0.0,0.0,0.0,0.0,0.57,0.0,1.0,0.0
0,-1,legitimate_pt_BR,train,15,,3705,0.675,0.5142857142857143,0.75,0.5,1.0,0.0,0.0,0.0,0.0,0.3703389830508474,0.0,0.0,1.0
0,-1,legitimate_ru_RU,train,15,,8553,0.7659574468085107,0.6382978723404256,0.8,0.3333333333333333,1.0,0.0,0.0,0.0,0.0,0.57,0.0,1.0,0.0
0,-1,legitimate_uk_UA,train,15,,14802,0.65,0.4727272727272727,0.7222222222222221,0.5,1.0,0.0,0.0,0.0,0.0,0.3375,0.0,1.0,0.0
0,-1,legitimate_ar_EG,train,15,,17019,0.855,0.736842105263158,0.736842105263158,0.5,1.0,0.0,0.0,0.4987499999999999,0.0,0.39599999999999996,0.0,1.0,0.0
0,-1,legitimate_fa_IR,train,15,,2384,0.6000000000000001,0.4705882352941177,0.6666666666666667,0.0,1.0,0.0,0.0,0.0,0.0,0.57,0.0,0.0,0.0
0,-1,legitimate_hi_IN,train,15,,4606,0.5333333333333333,0.46511627906976744,0.5925925925925926,0.0,1.0,0.0,0.0,0.0,0.0,0.35294117647058826,0.0,0.0,0.0
0,-1,legitimate_zh_CN,train,15,,1324,0.6785714285714286,0.7142857142857143,0.5,0.6666666666666666,1.0,0.0,0.0,0.0,0.0,0.6000000000000001,0.0,1.0,0.0
0,-1,legitimate_ja_JP,train,15,,3670,0.855,0.6666666666666665,0.875,0.25,1.0,0.0,0.0,0.0,0.0,0.57,0.0,0.0,0.0
0,-1,legitimate_ko_KR,train,15,,4554,0.4545454545454546,0.45454545454545453,0.5333333333333333,0.0,1.0,0.0,0.0,0.0,0.0,0.31666666666666665,0.0,1.0,1.0
0,-1,legitimate_tr_TR,train,15,,2101,0.47647058823529415,0.456140350877193,0.5294117647058824,0.0,1.0,0.0,0.0,0.0,0.0,0.36642857142857144,0.0,0.0,1.0
0,-1,legitimate_id_ID,train,15,,1017,0.5641025641025641,0.5128205128205129,0.5454545454545454,0.3333333333333333,1.0,0.0,0.0,0.36,0.0,0.2,0.0,1.0,1.0
0,-1,legitimate_en_US,train,15,,3255,0.7071428571428571,0.391304347826087,0.7857142857142857,0.5,1.0,0.0,0.0,0.2068965517241379,0.0,0.57,0.0,1.0,0.0
0,-1,legitimate_en_GB,train,15,,5875,0.49090909090909085,0.4666666666666666,0.5454545454545454,0.0,1.0,0.0,0.0,0.0,0.0,0.855,0.0,0.0,1.0
0,-1,legitimate_es_ES,train,15,,5783,0.855,0.6037735849056604,0.6060606060606061,0.3333333333333333,1.0,0.0,0.0,0.0,0.0,0.37241379310344835,0.0,1.0,0.0
0,-1,legitimate_fr_FR,train,15,,847,0.855,0.4242424242424242,0.631578947368421,0.25,1.0,0.0,0.0,0.45,0.0,0.24545454545454543,0.0,1.0,1.0
0,-1,legitimate_de_DE,train,15,,6078,0.855,0.5714285714285715,0.6666666666666667,0.5,1.0,0.0,0.0,0.0,0.0,0.3,0.0,1.0,0.0
0,-1,legitimate_it_IT,train,15,,11307,0.4864864864864865,0.29166666666666674,0.5405405405405406,0.0,1.0,0.0,0.0,0.0,0.0,0.855,0.0,0.0,0.0
0,-1,legitimate_pt_BR,train,15,,4524,0.855,0.8,0.8695652173913043,0.3333333333333333,1.0,0.0,0.0,0.1636363636363636,0.0,0.32432432432432434,0.0,1.0,1.0
0,-1,legitimate_ru_RU,train,15,,4667,0.7407407407407408,0.5555555555555556,0.6923076923076923,0.25,1.0,0.0,0.0,0.0,0.0,0.38095238095238093,0.0,1.0,0.0
0,-1,legitimate_uk_UA,train,15,,787,0.7328571428571429,0.4705882352941177,0.75,0.0,1.0,0.0,0.0,0.0,0.0,0.38636363636363635,0.0,0.0,1.0
0,-1,legitimate_ar_EG,train,15,,14768,0.59375,0.625,0.5,0.5,1.0,0.0,0.0,0.0,0.0,0.57,0.0,1.0,0.0
0,-1,legitimate_fa_IR,train,15,,979,0.5333333333333333,0.4390243902439025,0.5925925925925926,0.0,1.0,0.0,0.0,0.2222222222222222,0.0,0.57,0.0,1.0,1.0
0,-1,legitimate_hi_IN,train,15,,2352,0.513,0.4736842105263158,0.43478260869565216,0.0,1.0,0.0,0.0,0.36,0.0,0.57,0.0,1.0,1.0
0,-1,legitimate_zh_CN,train,15,,11441,0.7777777777777779,0.7777777777777777,0.875,1.0,1.0,0.0,0.0,0.5217391304347826,0.0,0.33928571428571425,0.0,1.0,0.0
0,-1,legitimate_ja_JP,train,15,,17142,0.855,0.5833333333333334,0.75,0.5,1.0,0.0,0.0,0.39344262295081966,0.0,0.45000000000000007,0.0,1.0,0.0
0,-1,legitimate_ko_KR,train,15,,1696,0.6000000000000001,0.4761904761904762,0.6666666666666667,1.0,1.0,0.0,0.0,0.26086956521739135,0.0,0.31666666666666665,0.0,1.0,1.0
0,-1,legitimate_tr_TR,train,15,,1488,0.5428571428571428,0.5714285714285715,0.56,0.0,1.0,0.0,0.0,0.0,0.0,0.24545454545454543,0.0,0.0,1.0
0,-1,legitimate_id_ID,train,15,,11747,0.5727272727272728,0.4489795918367347,0.6363636363636364,0.5,1.0,0.0,0.0,0.5538461538461539,0.0,0.45,0.0,1.0,1.0
0,-1,legitimate_en_US,train,15,,11761,0.855,0.5714285714285715,0.6,0.5,1.0,0.0,0.0,0.0,0.0,0.28205128205128205,0.0,0.0,0.0
0,-1,legitimate_en_GB,train,15,,290,0.855,0.5,0.5625,0.3333333333333333,1.0,0.0,0.0,0.2375,0.0,0.4433333333333333,0.0,1.0,0.0
0,-1,legitimate_es_ES,train,15,,97,0.855,0.6,0.6,0.3333333333333333,1.0,0.0,0.0,0.0,0.0,0.57,0.0,0.0,1.0
0,-1,legitimate_fr_FR,train,15,,2249,0.7714285714285716,0.26086956521739124,0.8571428571428572,0.3333333333333333,1.0,0.0,0.0,0.0,0.0,0.2,0.0,0.0,0.0
0,-1,legitimate_de_DE,train,15,,12459,0.48275862068965514,0.48275862068965514,0.5185185185185186,0.5,1.0,0.0,0.0,0.0,0.0,0.57,0.0,0.0,1.0
0,-1,legitimate_it_IT,train,15,,589,0.5516129032258064,0.5806451612903225,0.4761904761904761,0.0,1.0,0.0,0.0,0.0,0.0,0.57,0.0,0.0,1.0
0,-1,legitimate_pt_BR,train,15,,122,0.855,0.631578947368421,0.6923076923076923,0.25,1.0,0.0,0.0,0.4615384615384615,0.0,0.57,0.0,1.0,1.0
0,-1,legitimate_ru_RU,train,15,,8665,0.6938775510204082,0.6938775510204082,0.6046511627906976,0.3333333333333333,1.0,0.0,0.0,0.0,0.0,0.57,0.0,1.0,0.0
0,-1,legitimate_uk_UA,train,15,,2816,0.5369565217391304,0.5652173913043478,0.6486486486486487,0.3333333333333333,1.0,0.0,0.0,0.0,0.0,0.36642857142857144,0.0,0.0,0.0
0,-1,legitimate_ar_EG,train,15,,1829,0.72,0.5217391304347826,0.8,0.0,1.0,0.0,0.0,0.0,0.0,0.34833333333333344,0.0,0.0,0.0
0,-1,legitimate_fa_IR,train,15,,734,0.48,0.26086956521739124,0.5333333333333333,0.5,1.0,0.0,0.0,0.0,0.0,0.57,0.0,1.0,0.0
0,-1,legitimate_hi_IN,train,15,,15530,0.4354166666666666,0.45833333333333337,0.41025641025641024,0.3333333333333333,1.0,0.0,0.0,0.0,0.0,0.375,0.0,0.0,0.0
0,-1,legitimate_zh_CN,train,15,,2757,0.7777777777777779,0.7777777777777777,0.875,0.5,1.0,0.0,0.0,0.35185185185185186,0.0,0.57,0.0,1.0,1.0
0,-1,legitimate_ja_JP,train,15,,17905,0.855,0.5625,0.6666666666666667,0.5,1.0,0.0,0.0,0.4846153846153846,0.0,0.4153846153846154,0.0,1.0,1.0
0,-1,legitimate_ko_KR,train,15,,570,0.6000000000000001,0.4761904761904762,0.6666666666666667,0.0,1.0,0.0,0.0,0.4153846153846154,0.0,0.2,0.0,1.0,0.0
0,-1,legitimate_tr_TR,train,15,,1650,0.4722222222222222,0.4722222222222222,0.5079365079365079,0.0,1.0,0.0,0.0,0.0,0.0,0.38863636363636367,0.0,1.0,1.0
0,-1,legitimate_id_ID,train,15,,1194,0.6545454545454547,0.5405405405405406,0.7272727272727273,0.0,1.0,0.0,0.0,0.33333333333333337,0.0,0.285,0.0,1.0,1.0
0,-1,legitimate_en_US,train,15,,9072,0.475,0.5,0.5263157894736843,0.5,1.0,0.0,0.0,0.0,0.0,0.3555555555555555,0.0,0.0,0.0
0,-1,legitimate_en_GB,train,15,,6850,0.855,0.6666666666666665,0.75,0.3333333333333333,1.0,0.0,0.0,0.0,0.0,0.27,0.0,0.0,0.0
0,-1,legitimate_es_ES,train,15,,18060,0.5142857142857142,0.42857142857142855,0.5714285714285714,0.0,1.0,0.0,0.0,0.0,0.0,0.855,0.0,0.0,0.0
0,-1,legitimate_fr_FR,train,15,,5676,0.6045454545454545,0.6363636363636364,0.48484848484848486,0.3333333333333333,1.0,0.0,0.0,0.4,0.0,0.2,0.0,1.0,0.0
0,-1,legitimate_de_DE,train,15,,5439,0.5684210526315789,0.2666666666666667,0.631578947368421,0.5,1.0,0.0,0.0,0.0,0.0,0.3188135593220339,0.0,0.0,0.0
0,-1,legitimate_it_IT,train,15,,4707,0.46341463414634143,0.4878048780487805,0.5142857142857142,0.0,1.0,0.0,0.0,0.0,0.0,0.855,0.0,0.0,1.0
0,-1,legitimate_pt_BR,train,15,,6468,0.855,0.5263157894736842,0.5263157894736843,0.5,1.0,0.0,0.0,0.0,0.0,0.375,0.0,1.0,0.0
0,-1,legitimate_ru_RU,train,15,,4020,0.855,0.6,0.6,0.25,1.0,0.0,0.0,0.0,0.0,0.57,0.0,0.0,0.0
0,-1,legitimate_uk_UA,train,15,,7536,0.5882352941176471,0.5882352941176471,0.6428571428571428,0.5,1.0,0.0,0.0,0.3571428571428571,0.0,0.3375,0.0,1.0,1.0
0,-1,legitimate_ar_EG,train,15,,3775,0.855,0.8,0.7777777777777779,0.5,1.0,0.0,0.0,0.36,0.0,0.57,0.0,1.0,0.0
0,-1,legitimate_fa_IR,train,15,,333,0.41509433962264153,0.4,0.5128205128205128,0.2,1.0,0.0,0.0,0.0,0.0,0.57,0.0,0.0,1.0
0,-1,legitimate_hi_IN,train,15,,13249,0.48,0.27272727272727265,0.5333333333333333,0.5,1.0,0.0,0.0,0.0,0.0,0.30000000000000004,0.0,0.0,0.0
0,-1,legitimate_zh_CN,train,15,,4085,0.855,0.4444444444444444,0.7,1.0,1.0,0.0,0.0,0.0,0.0,0.36190476190476195,0.0,0.0,1.0
0,-1,legitimate_ja_JP,train,15,,6259,0.7500000000000001,0.5,0.8333333333333335,0.5,1.0,0.0,0.0,0.19047619047619047,0.0,0.37216494845360826,0.0,1.0,0.0
0,-1,legitimate_ko_KR,train,15,,4372,0.63,0.3783783783783784,0.7,1.0,1.0,0.0,0.0,0.0,0.0,0.57,0.0,0.0,0.0
0,-1,legitimate_tr_TR,train,15,,1981,0.5727272727272728,0.4,0.6363636363636364,0.0,1.0,0.0,0.0,0.0,0.0,0.57,0.0,1.0,1.0
0,-1,legitimate_id_ID,train,15,,514,0.6000000000000001,0.42857142857142855,0.6666666666666667,0.0,1.0,0.0,0.0,0.45,0.0,0.57,0.0,1.0,0.0
0,-1,legitimate_en_US,train,15,,2905,0.855,0.6923076923076923,0.7058823529411764,0.5,1.0,0.0,0.0,0.27586206896551724,0.0,0.57,0.0,1.0,0.0
0,-1,legitimate_en_GB,train,15,,3713,0.855,0.6666666666666665,0.5714285714285714,0.5,1.0,0.0,0.0,0.0,0.0,0.3076923076923077,0.0,1.0,0.0
0,-1,legitimate_es_ES,train,15,,2231,0.7500000000000001,0.3870967741935484,0.8333333333333335,0.3333333333333333,1.0,0.0,0.0,0.0,0.0,0.57,0.0,0.0,1.0
0,-1,legitimate_fr_FR,train,15,,3841,0.653125,0.6875,0.5833333333333333,0.5,1.0,0.0,0.0,0.36642857142857144,0.0,0.2,0.0,1.0,1.0
0,-1,legitimate_de_DE,train,15,,7868,0.48,0.48,0.5,0.0,1.0,0.0,0.0,0.0,0.0,0.3358928571428572,0.0,0.0,1.0
0,-1,legitimate_it_IT,train,15,,2559,0.855,0.736842105263158,0.736842105263158,0.5,1.0,0.0,0.0,0.36642857142857144,0.0,0.57,0.0,1.0,0.0
0,-1,legitimate_pt_BR,train,15,,338,0.5538461538461539,0.3181818181818181,0.6153846153846154,0.0,1.0,0.0,0.0,0.0,0.0,0.3789473684210526,0.0,0.0,1.0
0,-1,legitimate_ru_RU,train,15,,13243,0.72,0.4888888888888889,0.8,0.25,1.0,0.0,0.0,0.0,0.0,0.3946153846153846,0.0,1.0,1.0
0,-1,legitimate_uk_UA,train,15,,7570,0.855,0.5714285714285715,0.7,0.3333333333333333,1.0,0.0,0.0,0.0,0.0,0.2666666666666667,0.0,1.0,1.0
0,-1,legitimate_ar_EG,train,15,,10047,0.855,0.5714285714285715,0.8,0.5,1.0,0.0,0.0,0.4235294117647059,0.0,0.3375,0.0,1.0,0.0
0,-1,legitimate_fa_IR,train,15,,2161,0.5,0.5,0.5555555555555556,0.5,1.0,0.0,0.0,0.30000000000000004,0.0,0.57,0.0,1.0,1.0
0,-1,legitimate_hi_IN,train,15,,2273,0.6000000000000001,0.17391304347826092,0.6666666666666667,0.0,1.0,0.0,0.0,0.0,0.0,0.57,0.0,0.0,0.0
0,-1,legitimate_zh_CN,train,15,,11442,0.855,0.631578947368421,0.923076923076923,0.5,1.0,0.0,0.0,0.4615384615384615,0.0,0.33333333333333337,0.0,1.0,0.0
0,-1,legitimate_ja_JP,train,15,,6956,0.855,0.5161290322580645,0.6666666666666667,0.4,1.0,0.0,0.0,0.4275,0.0,0.41379310344827586,0.0,1.0,0.0
0,-1,legitimate_ko_KR,train,15,,4412,0.5142857142857142,0.3076923076923077,0.5714285714285714,1.0,1.0,0.0,0.0,0.36,0.0,0.4,0.0,1.0,1.0
0,-1,legitimate_tr_TR,train,15,,1995,0.525,0.48484848484848486,0.5833333333333333,0.0,1.0,0.0,0.0,0.15384615384615385,0.0,0.57,0.0,1.0,1.0
0,-1,legitimate_id_ID,train,15,,12459,0.855,0.4074074074074074,0.5238095238095238,0.25,1.0,0.0,0.0,0.0,0.0,0.57,0.0,0.0,1.0
0,-1,legitimate_en_US,train,15,,15798,0.76,0.8,0.8571428571428572,0.5,1.0,0.0,0.0,0.0,0.0,0.57,0.0,0.0,0.0
0,-1,legitimate_en_GB,train,15,,16040,0.9,1.0,1.0,0.5,1.0,0.0,0.0,0.0,0.0,0.24,0.0,0.0,0.0
0,-1,legitimate_es_ES,train,15,,210,0.6195652173913043,0.6521739130434783,0.48275862068965514,0.3333333333333333,1.0,0.0,0.0,0.45,0.0,0.57,0.0,1.0,0.0
0,-1,legitimate_fr_FR,train,15,,17094,0.855,0.7,0.7,0.5,1.0,0.0,0.0,0.2571428571428571,0.0,0.4090909090909091,0.0,1.0,0.0
0,-1,legitimate_de_DE,train,15,,89,0.675,0.26086956521739124,0.75,0.0,1.0,0.0,0.0,0.0,0.0,0.2,0.0,0.0,1.0
0,-1,legitimate_it_IT,train,15,,14852,0.5181818181818182,0.5454545454545454,0.4878048780487805,0.3333333333333333,1.0,0.0,0.0,0.36363636363636365,0.0,0.38,0.0,1.0,1.0
0,-1,legitimate_pt_BR,train,15,,7554,0.5919230769230769,0.5365853658536586,0.64,0.5,1.0,0.0,0.0,0.0,0.0,0.34285714285714286,0.0,0.0,0.0
0,-1,legitimate_ru_RU,train,15,,9419,0.5862068965517242,0.5862068965517241,0.7234042553191489,0.2,1.0,0.0,0.0,0.0,0.0,0.57,0.0,1.0,0.0
0,-1,legitimate_uk_UA,train,15,,8509,0.855,0.5454545454545454,0.625,0.5,1.0,0.0,0.0,0.0,0.0,0.57,0.0,1.0,0.0
0,-1,legitimate_ar_EG,train,15,,12605,0.7692307692307692,0.7692307692307692,0.8695652173913043,0.5,1.0,0.0,0.0,0.33333333333333337,0.0,0.3521739130434782,0.0,1.0,0.0
0,-1,legitimate_fa_IR,train,15,,15992,0.45714285714285713,0.4,0.4666666666666666,0.5,1.0,0.0,0.0,0.0,0.0,0.57,0.0,0.0,0.0
0,-1,legitimate_hi_IN,train,15,,94,0.6000000000000001,0.16,0.6666666666666667,0.3333333333333333,1.0,0.0,0.0,0.0,0.0,0.57,0.0,0.0,1.0
0,-1,legitimate_zh_CN,train,15,,16508,0.855,0.6,0.8333333333333335,0.5,1.0,0.0,0.0,0.0,0.0,0.54,0.0,1.0,0.0
0,-1,legitimate_ja_JP,train,15,,1335,0.855,0.4444444444444444,0.5806451612903225,0.25,1.0,0.0,0.0,0.0,0.0,0.3784426229508197,0.0,0.0,0.0
0,-1,legitimate_ko_KR,train,15,,1488,0.45,0.3,0.5,1.0,1.0,0.0,0.0,0.0,0.0,0.38863636363636367,0.0,0.0,1.0
0,-1,legitimate_tr_TR,train,15,,13310,0.4603846153846154,0.391304347826087,0.4615384615384615,0.5,1.0,0.0,0.0,0.0,0.0,0.35888888888888887,0.0,0.0,1.0
0,-1,legitimate_id_ID,train,15,,153,0.855,0.6486486486486487,0.72,0.5,1.0,0.0,0.0,0.54,0.0,0.57,0.0,1.0,1.0
0,-1,legitimate_en_US,train,15,,1089,0.5555555555555556,0.5555555555555556,0.6666666666666667,0.5,1.0,0.0,0.0,0.31999999999999995,0.0,0.39390243902439026,0.0,1.0,0.0
0,-1,legitimate_en_GB,train,15,,3710,0.7328571428571429,0.6451612903225806,0.782608695652174,0.5,1.0,0.0,0.0,0.0,0.0,0.38,0.0,1.0,0.0
0,-1,legitimate_es_ES,train,15,,10470,0.855,0.4186046511627907,0.56,0.3333333333333333,1.0,0.0,0.0,0.4,0.0,0.855,0.0,1.0,0.0
0,-1,legitimate_fr_FR,train,15,,1716,0.855,0.631578947368421,0.631578947368421,0.5,1.0,0.0,0.0,0.30000000000000004,0.0,0.3176470588235294,0.0,1.0,0.0
0,-1,legitimate_de_DE,train,15,,793,0.5145833333333334,0.5416666666666666,0.5116279069767442,0.25,1.0,0.0,0.0,0.36,0.0,0.36363636363636365,0.0,1.0,0.0
0,-1,legitimate_it_IT,train,15,,5679,0.855,0.6153846153846154,0.7058823529411764,0.5,1.0,0.0,0.0,0.45,0.0,0.57,0.0,1.0,0.0
0,-1,legitimate_pt_BR,train,15,,7942,0.855,0.8,0.7333333333333334,0.5,1.0,0.0,0.0,0.4,0.0,0.45,0.0,1.0,0.0
0,-1,legitimate_ru_RU,train,15,,15252,0.4275,0.44,0.44999999999999996,0.0,1.0,0.0,0.0,0.0,0.0,0.35185185185185186,0.0,0.0,1.0
0,-1,legitimate_uk_UA,train,15,,5362,0.7500000000000001,0.2857142857142857,0.8333333333333335,0.0,1.0,0.0,0.0,0.0,0.0,0.57,0.0,0.0,0.0
0,-1,legitimate_ar_EG,train,15,,7926,0.855,0.5882352941176471,0.6666666666666667,0.5,1.0,0.0,0.0,0.0,0.0,0.24545454545454543,0.0,0.0,1.0
0,-1,legitimate_fa_IR,train,15,,11224,0.5625,0.4242424242424242,0.625,1.0,1.0,0.0,0.0,0.27,0.0,0.36,0.0,1.0,1.0
0,-1,legitimate_hi_IN,train,15,,1696,0.6060606060606061,0.48484848484848486,0.7142857142857143,0.3333333333333333,1.0,0.0,0.0,0.27692307692307694,0.0,0.20408163265306123,0.0,1.0,1.0
0,-1,legitimate_zh_CN,train,15,,6743,0.738888888888889,0.7777777777777777,0.5454545454545454,1.0,1.0,0.0,0.0,0.45,0.0,0.3653846153846154,0.0,1.0,0.0
0,-1,legitimate_ja_JP,train,15,,6956,0.855,0.5161290322580645,0.5833333333333333,0.4,1.0,0.0,0.0,0.4,0.0,0.5153424657534247,0.0,1.0,0.0
0,-1,legitimate_ko_KR,train,15,,303,0.7714285714285716,0.5454545454545454,0.8571428571428572,0.0,1.0,0.0,0.0,0.0,0.0,0.2,0.0,0.0,1.0
0,-1,legitimate_tr_TR,train,15,,1898,0.855,0.5882352941176471,0.6666666666666667,0.2,1.0,0.0,0.0,0.27,0.0,0.57,0.0,1.0,0.0
0,-1,legitimate_id_ID,train,15,,2354,0.855,0.45283018867924524,0.5882352941176471,0.25,1.0,0.0,0.0,0.0,0.0,0.855,0.0,0.0,0.0
0,-1,legitimate_en_US,train,15,,2202,0.855,0.5217391304347826,0.4444444444444444,0.3333333333333333,1.0,0.0,0.0,0.36363636363636365,0.0,0.45,0.0,1.0,0.0
0,-1,legitimate_en_GB,train,15,,15214,0.5625,0.5652173913043478,0.625,0.3333333333333333,1.0,0.0,0.0,0.3375,0.0,0.5,0.0,1.0,0.0
0,-1,legitimate_es_ES,train,15,,1593,0.855,0.75,0.75,0.3333333333333333,1.0,0.0,0.0,0.45,0.0,0.44000000000000006,0.0,1.0,0.0
0,-1,legitimate_fr_FR,train,15,,15125,0.5714285714285714,0.5714285714285715,0.625,0.0,1.0,0.0,0.0,0.0,0.0,0.57,0.0,0.0,1.0
0,-1,legitimate_de_DE,train,15,,5931,0.6785714285714286,0.7142857142857143,0.5882352941176471,0.5,1.0,0.0,0.0,0.0,0.0,0.3375,0.0,1.0,1.0
0,-1,legitimate_it_IT,train,15,,2711,0.855,0.4,0.42105263157894735,0.25,1.0,0.0,0.0,0.0,0.0,0.57,0.0,1.0,0.0
0,-1,legitimate_pt_BR,train,15,,4122,0.855,0.5,0.6666666666666667,0.6666666666666666,1.0,0.0,0.0,0.0,0.0,0.3268817204301076,0.0,1.0,1.0
0,-1,legitimate_ru_RU,train,15,,8404,0.6885245901639344,0.6885245901639344,0.72,0.3333333333333333,1.0,0.0,0.0,0.0,0.0,0.57,0.0,1.0,0.0
0,-1,legitimate_uk_UA,train,15,,4045,0.6333333333333333,0.6666666666666665,0.631578947368421,0.5,1.0,0.0,0.0,0.0,0.0,0.57,0.0,1.0,1.0
0,-1,legitimate_ar_EG,train,15,,5052,0.5625,0.3870967741935484,0.625,0.0,1.0,0.0,0.0,0.0,0.0,0.32758620689655177,0.0,0.0,1.0
0,-1,legitimate_fa_IR,train,15,,17283,0.5261538461538461,0.5294117647058824,0.5384615384615384,0.3333333333333333,1.0,0.0,0.0,0.45,0.0,0.35379310344827597,0.0,1.0,1.0
0,-1,legitimate_hi_IN,train,15,,7866,0.525,0.3673469387755102,0.5833333333333333,0.5,1.0,0.0,0.0,0.0,0.0,0.375,0.0,0.0,0.0
0,-1,legitimate_zh_CN,train,15,,15116,0.95,1.0,0.6666666666666667,1.0,1.0,0.0,0.0,0.45,0.0,0.4116666666666666,0.0,1.0,0.0
0,-1,legitimate_ja_JP,train,15,,3670,0.855,0.6956521739130435,0.6666666666666667,0.3333333333333333,1.0,0.0,0.0,0.0,0.0,0.2,0.0,0.0,0.0
0,-1,legitimate_ko_KR,train,15,,1093,0.5142857142857142,0.4,0.5714285714285714,0.0,1.0,0.0,0.0,0.0,0.0,0.4275,0.0,0.0,1.0
0,-1,legitimate_tr_TR,train,15,,70,0.855,0.4782608695652174,0.4666666666666666,0.2,1.0,0.0,0.0,0.2714285714285714,0.0,0.57,0.0,1.0,1.0
0,-1,legitimate_id_ID,train,15,,84,0.675,0.31578947368421056,0.75,0.0,1.0,0.0,0.0,0.0,0.0,0.2,0.0,0.0,1.0
0,-1,legitimate_en_US,train,15,,8137,0.54,0.4761904761904762,0.6,0.0,1.0,0.0,0.0,0.0,0.0,0.38,0.0,0.0,1.0
0,-1,legitimate_en_GB,train,15,,10044,0.855,0.75,0.75,0.5,1.0,0.0,0.0,0.0,0.0,0.29729729729729726,0.0,0.0,0.0
0,-1,legitimate_es_ES,train,15,,16043,0.855,0.6086956521739131,0.6666666666666667,0.3333333333333333,1.0,0.0,0.0,0.37173913043478257,0.0,0.228,0.0,1.0,0.0
0,-1,legitimate_fr_FR,train,15,,14244,0.855,0.5555555555555556,0.8,0.5,1.0,0.0,0.0,0.0,0.0,0.33529411764705885,0.0,0.0,0.0
0,-1,legitimate_de_DE,train,15,,274,0.855,0.3939393939393939,0.4,0.25,1.0,0.0,0.0,0.0,0.0,0.342,0.0,0.0,1.0
0,-1,legitimate_it_IT,train,15,,5117,0.6000000000000001,0.33333333333333326,0.6666666666666667,0.0,1.0,0.0,0.0,0.0,0.0,0.35205882352941176,0.0,0.0,0.0
0,-1,legitimate_pt_BR,train,15,,1681,0.855,1.0,0.6666666666666667,1.0,1.0,0.0,0.0,0.36,0.0,0.39256198347107435,0.0,1.0,0.0
0,-1,legitimate_ru_RU,train,15,,16677,0.6576923076923076,0.5454545454545454,0.6923076923076923,0.3333333333333333,1.0,0.0,0.0,0.0,0.0,0.24,0.0,1.0,1.0
0,-1,legitimate_uk_UA,train,15,,979,0.64125,0.5909090909090909,0.6666666666666667,0.0,1.0,0.0,0.0,0.3125,0.0,0.57,0.0,1.0,1.0
0,-1,legitimate_ar_EG,train,15,,6764,0.855,0.7619047619047619,0.6923076923076923,0.5,1.0,0.0,0.0,0.5294117647058824,0.0,0.57,0.0,1.0,0.0
0,-1,legitimate_fa_IR,train,15,,11974,0.48,0.48,0.5333333333333333,0.5,1.0,0.0,0.0,0.0,0.0,0.3559322033898306,0.0,0.0,1.0
0,-1,legitimate_hi_IN,train,15,,1819,0.5714285714285714,0.5714285714285715,0.6666666666666667,0.3333333333333333,1.0,0.0,0.0,0.45,0.0,0.855,0.0,1.0,1.0
0,-1,legitimate_zh_CN,train,15,,2032,0.855,0.6,0.6153846153846154,0.5,1.0,0.0,0.0,0.0,0.0,0.376984126984127,0.0,0.0,1.0
0,-1,legitimate_ja_JP,train,15,,12813,0.855,0.46511627906976744,0.6,0.25,1.0,0.0,0.0,0.30000000000000004,0.0,0.2,0.0,1.0,1.0
0,-1,legitimate_ko_KR,train,15,,303,0.7714285714285716,0.4615384615384615,0.8571428571428572,0.0,1.0,0.0,0.0,0.0,0.0,0.57,0.0,0.0,1.0
0,-1,legitimate_tr_TR,train,15,,688,0.855,0.4878048780487805,0.4666666666666666,0.25,1.0,0.0,0.0,0.0,0.0,0.57,0.0,1.0,1.0
0,-1,legitimate_id_ID,train,15,,3436,0.855,0.3921568627450981,0.5,0.3333333333333333,1.0,0.0,0.0,0.0,0.0,0.39375,0.0,0.0,1.0
0,-1,legitimate_en_US,train,15,,4474,0.855,0.7058823529411765,0.7272727272727273,0.5,1.0,0.0,0.0,0.24428571428571427,0.0,0.36173076923076924,0.0,1.0,1.0
0,-1,legitimate_en_GB,train,15,,16736,0.855,0.7142857142857143,0.8,0.5,1.0,0.0,0.0,0.0,0.0,0.57,0.0,1.0,0.0
0,-1,legitimate_es_ES,train,15,,1581,0.625,0.625,0.6666666666666667,0.3333333333333333,1.0,0.0,0.0,0.4275,0.0,0.37126436781609196,0.0,1.0,1.0
0,-1,legitimate_fr_FR,train,15,,7555,0.6000000000000001,0.5,0.6666666666666667,0.0,1.0,0.0,0.0,0.0,0.0,0.36363636363636365,0.0,0.0,1.0
0,-1,legitimate_de_DE,train,15,,17064,0.855,0.4390243902439025,0.375,0.2,1.0,0.0,0.0,0.0,0.0,0.32691176470588235,0.0,0.0,0.0
0,-1,legitimate_it_IT,train,15,,931,0.855,0.5384615384615384,0.6206896551724138,0.6666666666666666,1.0,0.0,0.0,0.4285714285714286,0.0,0.40344827586206905,0.0,1.0,0.0
0,-1,legitimate_pt_BR,train,15,,3439,0.855,0.8,0.9090909090909091,0.5,1.0,0.0,0.0,0.0,0.0,0.57,0.0,0.0,1.0
0,-1,legitimate_ru_RU,train,15,,12214,0.855,0.6666666666666665,0.75,0.3333333333333333,1.0,0.0,0.0,0.35625,0.0,0.3375,0.0,1.0,1.0
0,-1,legitimate_uk_UA,train,15,,6887,0.4903225806451612,0.5161290322580645,0.5217391304347826,0.5,1.0,0.0,0.0,0.3076923076923077,0.0,0.2,0.0,1.0,0.0
0,-1,legitimate_ar_EG,train,15,,6051,0.855,0.6666666666666665,0.8333333333333335,0.5,1.0,0.0,0.0,0.0,0.0,0.41877551020408155,0.0,1.0,0.0
0,-1,legitimate_fa_IR,train,15,,15838,0.6000000000000001,0.21621621621621628,0.6666666666666667,0.0,1.0,0.0,0.0,0.0,0.0,0.29610389610389615,0.0,0.0,1.0
0,-1,legitimate_hi_IN,train,15,,3797,0.6650000000000001,0.6086956521739131,0.5714285714285714,0.5,1.0,0.0,0.0,0.342,0.0,0.2,0.0,1.0,0.0
0,-1,legitimate_zh_CN,train,15,,17246,0.8571428571428572,0.8571428571428571,0.8571428571428572,1.0,1.0,0.0,0.0,0.0,0.0,0.45,0.0,1.0,0.0
0,-1,legitimate_ja_JP,train,15,,10226,0.855,0.56,0.6666666666666667,0.25,1.0,0.0,0.0,0.0,0.0,0.3857142857142858,0.0,0.0,1.0
0,-1,legitimate_ko_KR,train,15,,2503,0.6923076923076923,0.6923076923076923,0.8181818181818181,0.0,1.0,0.0,0.0,0.0,0.0,0.57,0.0,1.0,1.0
0,-1,legitimate_tr_TR,train,15,,9721,0.4663636363636363,0.4102564102564103,0.4615384615384615,0.0,1.0,0.0,0.0,0.0,0.0,0.855,0.0,0.0,1.0
0,-1,legitimate_id_ID,train,15,,5624,0.6230769230769231,0.4736842105263158,0.6923076923076923,0.0,1.0,0.0,0.0,0.0,0.0,0.57,0.0,0.0,0.0
0,-1,legitimate_en_US,train,15,,1852,0.6,0.4,0.6956521739130435,0.0,1.0,0.0,0.0,0.0,0.0,0.37126436781609196,0.0,0.0,0.0
0,-1,legitimate_en_GB,train,15,,1781,0.6333333333333333,0.6666666666666665,0.5454545454545454,0.0,1.0,0.0,0.0,0.0,0.0,0.32299999999999995,0.0,0.0,1.0
0,-1,legitimate_es_ES,train,15,,2465,0.5648648648648649,0.5945945945945946,0.5217391304347826,0.3333333333333333,1.0,0.0,0.0,0.36,0.0,0.57,0.0,1.0,0.0
0,-1,legitimate_fr_FR,train,15,,6181,0.5846153846153846,0.6153846153846154,0.5384615384615384,0.3333333333333333,1.0,0.0,0.0,0.30000000000000004,0.0,0.24,0.0,1.0,0.0
0,-1,legitimate_de_DE,train,15,,1089,0.6162162162162163,0.6486486486486487,0.5833333333333333,0.3333333333333333,1.0,0.0,0.0,0.32258064516129037,0.0,0.30000000000000004,0.0,1.0,0.0
0,-1,legitimate_it_IT,train,15,,624,0.6333333333333333,0.6666666666666665,0.4615384615384615,0.5,1.0,0.0,0.0,0.0,0.0,0.2962962962962963,0.0,0.0,1.0
0,-1,legitimate_pt_BR,train,15,,6857,0.855,0.6,0.6956521739130435,0.5,1.0,0.0,0.0,0.0,0.0,0.54,0.0,0.0,1.0
0,-1,legitimate_ru_RU,train,15,,8410,0.76,0.8,0.5853658536585367,0.6666666666666666,1.0,0.0,0.0,0.0,0.0,0.228,0.0,1.0,0.0
0,-1,legitimate_uk_UA,train,15,,7339,0.855,0.5217391304347826,0.6666666666666667,0.5,1.0,0.0,0.0,0.36363636363636365,0.0,0.4275,0.0,1.0,1.0
0,-1,legitimate_ar_EG,train,15,,4818,0.544090909090909,0.411764705882353,0.5263157894736843,0.5,1.0,0.0,0.0,0.0,0.0,0.855,0.0,0.0,0.0
0,-1,legitimate_fa_IR,train,15,,1527,0.855,0.3181818181818181,0.4705882352941176,0.25,1.0,0.0,0.0,0.0,0.0,0.36972972972972973,0.0,0.0,1.0
0,-1,legitimate_hi_IN,train,15,,6059,0.7041176470588235,0.6956521739130435,0.5555555555555556,0.0,1.0,0.0,0.0,0.0,0.0,0.225,0.0,1.0,1.0
0,-1,legitimate_zh_CN,train,15,,2820,0.855,0.6363636363636364,0.8333333333333335,0.5,1.0,0.0,0.0,0.2727272727272727,0.0,0.45,0.0,1.0,1.0
0,-1,legitimate_ja_JP,train,15,,10001,0.9,0.6666666666666665,1.0,0.6666666666666666,1.0,0.0,0.0,0.45,0.0,0.2,0.0,1.0,0.0
0,-1,legitimate_ko_KR,train,15,,3400,0.7,0.7,0.625,0.0,1.0,0.0,0.0,0.0,0.0,0.57,0.0,1.0,1.0
0,-1,legitimate_tr_TR,train,15,,120,0.49565217391304345,0.5217391304347826,0.5641025641025641,0.25,1.0,0.0,0.0,0.4,0.0,0.2,0.0,1.0,0.0
0,-1,legitimate_id_ID,train,15,,1772,0.42631578947368426,0.4067796610169491,0.4736842105263158,0.0,1.0,0.0,0.0,0.0,0.0,0.855,0.0,0.0,0.0
0,-1,legitimate_en_US,train,15,,16053,0.7916666666666665,0.8333333333333333,0.923076923076923,0.5,1.0,0.0,0.0,0.0,0.0,0.57,0.0,0.0,0.0
0,-1,legitimate_en_GB,train,15,,6114,0.5555555555555556,0.5555555555555556,0.72,0.0,1.0,0.0,0.0,0.0,0.0,0.3504854368932039,0.0,0.0,1.0
0,-1,legitimate_es_ES,train,15,,2592,0.855,0.38888888888888884,0.6428571428571428,0.3333333333333333,1.0,0.0,0.0,0.0,0.0,0.57,0.0,0.0,0.0
0,-1,legitimate_fr_FR,train,15,,11179,0.855,0.5185185185185186,0.6,0.6666666666666666,1.0,0.0,0.0,0.54,0.0,0.375,0.0,1.0,0.0
0,-1,legitimate_de_DE,train,15,,7255,0.5714285714285714,0.5714285714285715,0.6086956521739131,0.5,1.0,0.0,0.0,0.5142857142857142,0.0,0.30000000000000004,0.0,1.0,0.0
0,-1,legitimate_it_IT,train,15,,13853,0.6545454545454547,0.4705882352941177,0.7272727272727273,0.0,1.0,0.0,0.0,0.0,0.0,0.34897959183673466,0.0,0.0,0.0
0,-1,legitimate_pt_BR,train,15,,4194,0.4846153846153846,0.4,0.5384615384615384,0.5,1.0,0.0,0.0,0.0,0.0,0.3946153846153846,0.0,1.0,0.0
0,-1,legitimate_ru_RU,train,15,,4833,0.76,0.8,0.717948717948718,0.3333333333333333,1.0,0.0,0.0,0.0,0.0,0.57,0.0,1.0,0.0
0,-1,legitimate_uk_UA,train,15,,8568,0.6521739130434783,0.391304347826087,0.6206896551724138,0.5,1.0,0.0,0.0,0.0,0.0,0.57,0.0,1.0,0.0
0,-1,legitimate_ar_EG,train,15,,1659,0.855,0.6666666666666665,0.75,0.5,1.0,0.0,0.0,0.21052631578947367,0.0,0.57,0.0,1.0,0.0
0,-1,legitimate_fa_IR,train,15,,228,0.4,0.4,0.43478260869565216,0.2,1.0,0.0,0.0,0.0,0.0,0.57,0.0,0.0,0.0
0,-1,legitimate_hi_IN,train,15,,11158,0.6000000000000001,0.4,0.6666666666666667,0.0,1.0,0.0,0.0,0.0,0.0,0.855,0.0,0.0,0.0
0,-1,legitimate_zh_CN,train,15,,6900,0.855,0.5714285714285715,0.8888888888888888,0.6666666666666666,1.0,0.0,0.0,0.5,0.0,0.57,0.0,1.0,1.0
0,-1,legitimate_ja_JP,train,15,,847,0.855,0.4615384615384615,0.631578947368421,0.25,1.0,0.0,0.0,0.54,0.0,0.5727272727272728,0.0,1.0,1.0
0,-1,legitimate_ko_KR,train,15,,4769,0.6000000000000001,0.42857142857142855,0.6666666666666667,1.0,1.0,0.0,0.0,0.0,0.0,0.34322580645161294,0.0,0.0,0.0
0,-1,legitimate_tr_TR,train,15,,98,0.4444444444444444,0.4444444444444444,0.5,0.0,1.0,0.0,0.0,0.0,0.0,0.57,0.0,0.0,1.0
0,-1,legitimate_id_ID,train,15,,546,0.5823529411764706,0.5777777777777778,0.6470588235294117,0.0,1.0,0.0,0.0,0.0,0.0,0.2,0.0,1.0,0.0
0,-1,legitimate_en_US,train,15,,8202,0.855,0.7096774193548387,0.6666666666666667,0.5,1.0,0.0,0.0,0.3846153846153846,0.0,0.855,0.0,1.0,0.0
0,-1,legitimate_en_GB,train,15,,6751,0.855,0.5263157894736842,0.5263157894736843,0.3333333333333333,0.5,0.0,0.0,0.0,0.0,0.3245901639344262,0.0,0.0,1.0
0,-1,legitimate_es_ES,train,15,,254,0.855,0.7692307692307692,0.6875,0.5,1.0,0.0,0.0,0.26307692307692304,0.0,0.2,0.0,1.0,0.0
0,-1,legitimate_fr_FR,train,15,,2458,0.5806451612903225,0.5806451612903225,0.6153846153846154,0.5,1.0,0.0,0.0,0.0,0.0,0.3789473684210526,0.0,0.0,1.0
0,-1,legitimate_de_DE,train,15,,1671,0.5142857142857142,0.5142857142857143,0.6666666666666667,0.0,1.0,0.0,0.0,0.285,0.0,0.31232876712328766,0.0,1.0,0.0
0,-1,legitimate_it_IT,train,15,,7677,0.855,0.5185185185185186,0.5789473684210527,0.3333333333333333,1.0,0.0,0.0,0.38888888888888884,0.0,0.36,0.0,1.0,0.0
0,-1,legitimate_pt_BR,train,15,,875,0.7125,0.5945945945945946,0.75,1.0,1.0,0.0,0.0,0.391304347826087,0.0,0.387378640776699,0.0,1.0,0.0
0,-1,legitimate_ru_RU,train,15,,7534,0.6666666666666667,0.6666666666666665,0.76,0.25,1.0,0.0,0.0,0.3375,0.0,0.3857142857142858,0.0,1.0,1.0
0,-1,legitimate_uk_UA,train,15,,9630,0.855,0.6363636363636364,0.6666666666666667,0.5,1.0,0.0,0.0,0.32432432432432434,0.0,0.4,0.0,1.0,1.0
0,-1,legitimate_ar_EG,train,15,,12508,0.7586206896551724,0.7586206896551724,0.7619047619047619,0.5,1.0,0.0,0.0,0.3375,0.0,0.45,0.0,1.0,0.0
0,-1,legitimate_fa_IR,train,15,,12775,0.5,0.5,0.6666666666666667,0.5,1.0,0.0,0.0,0.30000000000000004,0.0,0.3272727272727273,0.0,1.0,0.0
0,-1,legitimate_hi_IN,train,15,,18251,0.48484848484848486,0.48484848484848486,0.5833333333333333,0.0,1.0,0.0,0.0,0.0,0.0,0.45,0.0,0.0,1.0
0,-1,legitimate_zh_CN,train,15,,847,0.855,0.625,0.7272727272727273,0.5,1.0,0.0,0.0,0.5142857142857142,0.0,0.855,0.0,1.0,1.0
0,-1,legitimate_ja_JP,train,15,,10001,0.9,0.6666666666666665,1.0,0.5,1.0,0.0,0.0,0.4275,0.0,0.2,0.0,1.0,0.0
0,-1,legitimate_ko_KR,train,15,,1781,0.6000000000000001,0.5,0.6666666666666667,1.0,1.0,0.0,0.0,0.0,0.0,0.4031007751937985,0.0,0.0,1.0
0,-1,legitimate_tr_TR,train,15,,4367,0.544090909090909,0.5333333333333333,0.4545454545454546,0.0,1.0,0.0,0.0,0.0,0.0,0.4,0.0,1.0,1.0
0,-1,legitimate_id_ID,train,15,,983,0.855,0.5,0.6666666666666667,0.25,1.0,0.0,0.0,0.30000000000000004,0.0,0.57,0.0,1.0,1.0
0,-1,legitimate_en_US,train,15,,3088,0.855,0.6666666666666665,0.6666666666666667,0.5,1.0,0.0,0.0,0.3109090909090909,0.0,0.57,0.0,1.0,0.0
0,-1,legitimate_en_GB,train,15,,16570,0.855,0.6086956521739131,0.6875,0.3333333333333333,1.0,0.0,0.0,0.33333333333333337,0.0,0.4,0.0,1.0,0.0
0,-1,legitimate_es_ES,train,15,,18040,0.855,0.4186046511627907,0.6206896551724138,0.3333333333333333,1.0,0.0,0.0,0.0,0.0,0.4,0.0,0.0,0.0
0,-1,legitimate_fr_FR,train,15,,112,0.7500000000000001,0.32558139534883723,0.8333333333333335,0.5,1.0,0.0,0.0,0.5142857142857142,0.0,0.57,0.0,1.0,0.0
0,-1,legitimate_de_DE,train,15,,3972,0.48717948717948717,0.5128205128205129,0.5,0.3333333333333333,1.0,0.0,0.0,0.4,0.0,0.31666666666666665,0.0,1.0,0.0
0,-1,legitimate_it_IT,train,15,,18871,0.675,0.5161290322580645,0.75,0.0,1.0,0.0,0.0,0.0,0.0,0.57,0.0,0.0,0.0
0,-1,legitimate_pt_BR,train,15,,876,0.5066666666666666,0.43478260869565216,0.4375,0.5,1.0,0.0,0.0,0.0,0.0,0.342,0.0,0.0,0.0
0,-1,legitimate_ru_RU,train,15,,6503,0.6942307692307692,0.7307692307692308,0.6842105263157895,0.3333333333333333,1.0,0.0,0.0,0.0,0.0,0.375,0.0,1.0,0.0
0,-1,legitimate_uk_UA,train,15,,3117,0.855,0.6666666666666665,0.7222222222222221,0.5,1.0,0.0,0.0,0.3571428571428571,0.0,0.38,0.0,1.0,1.0
0,-1,legitimate_ar_EG,train,15,,18342,0.855,0.6666666666666665,0.7692307692307692,0.5,1.0,0.0,0.0,0.0,0.0,0.2,0.0,0.0,0.0
0,-1,legitimate_fa_IR,train,15,,333,0.49565217391304345,0.5217391304347826,0.4705882352941176,0.0,1.0,0.0,0.0,0.0,0.0,0.57,0.0,0.0,1.0
0,-1,legitimate_hi_IN,train,15,,2182,0.46216216216216216,0.48648648648648646,0.4375,0.0,1.0,0.0,0.0,0.2,0.0,0.6428571428571429,0.0,1.0,0.0
0,-1,legitimate_zh_CN,train,15,,10019,0.855,0.631578947368421,0.7142857142857143,0.6666666666666666,1.0,0.0,0.0,0.0,0.0,0.57,0.0,1.0,1.0
0,-1,legitimate_ja_JP,train,15,,2757,0.855,0.6153846153846154,0.75,0.5,1.0,0.0,0.0,0.5029411764705882,0.0,0.57,0.0,1.0,1.0
0,-1,legitimate_ko_KR,train,15,,303,0.7714285714285716,0.42857142857142855,0.8571428571428572,0.0,1.0,0.0,0.0,0.0,0.0,0.2,0.0,0.0,1.0
0,-1,legitimate_tr_TR,train,15,,1136,0.6923076923076923,0.6923076923076923,0.7619047619047619,0.5,1.0,0.0,0.0,0.34615384615384615,0.0,0.5625,0.0,1.0,1.0
0,-1,legitimate_id_ID,train,15,,5632,0.855,0.32,0.5,0.4,1.0,0.0,0.0,0.0,0.0,0.855,0.0,0.0,0.0
0,-1,legitimate_en_US,train,15,,5483,0.855,0.7777777777777777,0.7777777777777779,1.0,1.0,0.0,0.0,0.34782608695652173,0.0,0.35625,0.0,1.0,0.0
0,-1,legitimate_en_GB,train,15,,13285,0.55,0.5789473684210527,0.5217391304347826,0.3333333333333333,1.0,0.0,0.0,0.0,0.0,0.27956989247311825,0.0,1.0,0.0
0,-1,legitimate_es_ES,train,15,,1064,0.5,0.5,0.5294117647058824,0.0,1.0,0.0,0.0,0.48857142857142855,0.0,0.855,0.0,1.0,0.0
0,-1,legitimate_fr_FR,train,15,,19024,0.534375,0.5625,0.4444444444444444,0.0,1.0,0.0,0.0,0.25,0.0,0.57,0.0,1.0,0.0
0,-1,legitimate_de_DE,train,15,,8040,0.5648648648648649,0.5945945945945946,0.5714285714285714,0.5,1.0,0.0,0.0,0.0,0.0,0.30493827160493825,0.0,0.0,0.0
0,-1,legitimate_it_IT,train,15,,13375,0.4864864864864865,0.38095238095238093,0.5405405405405406,0.25,1.0,0.0,0.0,0.0,0.0,0.4433333333333333,0.0,0.0,0.0
0,-1,legitimate_pt_BR,train,15,,11494,0.855,0.5263157894736842,0.6428571428571428,0.3333333333333333,1.0,0.0,0.0,0.36,0.0,0.855,0.0,1.0,0.0
0,-1,legitimate_ru_RU,train,15,,8907,0.7924528301886792,0.6415094339622641,0.7692307692307692,0.25,1.0,0.0,0.0,0.38888888888888884,0.0,0.57,0.0,1.0,0.0
0,-1,legitimate_uk_UA,train,15,,4109,0.5538461538461539,0.26086956521739124,0.6153846153846154,0.0,1.0,0.0,0.0,0.0,0.0,0.57,0.0,1.0,1.0
0,-1,legitimate_ar_EG,train,15,,10494,0.9,1.0,1.0,0.5,1.0,0.0,0.0,0.0,0.0,0.2,0.0,0.0,0.0
0,-1,legitimate_fa_IR,train,15,,1349,0.855,0.4444444444444444,0.6,0.5,1.0,0.0,0.0,0.2962962962962963,0.0,0.57,0.0,1.0,0.0
0,-1,legitimate_hi_IN,train,15,,1791,0.6000000000000001,0.4210526315789474,0.6666666666666667,0.0,1.0,0.0,0.0,0.36,0.0,0.57,0.0,1.0,0.0
0,-1,legitimate_zh_CN,train,15,,19115,0.684,0.4375,0.625,0.0,1.0,0.0,0.0,0.0,0.0,0.34545454545454546,0.0,0.0,0.0
0,-1,legitimate_ja_JP,train,15,,847,0.855,0.56,0.6666666666666667,0.25,1.0,0.0,0.0,0.5142857142857142,0.0,0.49090909090909085,0.0,1.0,1.0
0,-1,legitimate_ko_KR,train,15,,9755,0.5142857142857142,0.33333333333333326,0.5714285714285714,1.0,1.0,0.0,0.0,0.24545454545454543,0.0,0.30000000000000004,0.0,1.0,0.0
0,-1,legitimate_tr_TR,train,15,,1090,0.5684210526315789,0.4324324324324324,0.631578947368421,0.0,1.0,0.0,0.0,0.0,0.0,0.57,0.0,0.0,0.0
0,-1,legitimate_id_ID,train,15,,6978,0.4809375,0.3846153846153846,0.5,0.0,1.0,0.0,0.0,0.0,0.0,0.855,0.0,0.0,1.0
0,-1,legitimate_en_US,train,15,,1697,0.855,0.6666666666666665,0.5833333333333333,0.5,1.0,0.0,0.0,0.36642857142857144,0.0,0.57,0.0,1.0,1.0
0,-1,legitimate_en_GB,train,15,,3853,0.57,0.35294117647058826,0.6,0.5,1.0,0.0,0.0,0.0,0.0,0.2954545454545454,0.0,0.0,0.0
0,-1,legitimate_es_ES,train,15,,2228,0.6452830188679245,0.679245283018868,0.6341463414634146,0.3333333333333333,1.0,0.0,0.0,0.3857142857142858,0.0,0.855,0.0,1.0,0.0
0,-1,legitimate_fr_FR,train,15,,5797,0.855,0.7,0.7,0.5,1.0,0.0,0.0,0.0,0.0,0.3767441860465116,0.0,1.0,1.0
0,-1,legitimate_de_DE,train,15,,9306,0.855,0.4,0.6666666666666667,0.5,0.5,0.0,0.0,0.0,0.0,0.57,0.0,0.0,1.0
0,-1,legitimate_it_IT,train,15,,3566,0.5625,0.26315789473684204,0.625,0.3333333333333333,1.0,0.0,0.0,0.0,0.0,0.57,0.0,0.0,1.0
0,-1,legitimate_pt_BR,train,15,,250,0.855,0.7058823529411765,0.923076923076923,0.5,1.0,0.0,0.0,0.30000000000000004,0.0,0.57,0.0,1.0,0.0
0,-1,legitimate_ru_RU,train,15,,89,0.9,0.2222222222222223,1.0,0.0,1.0,0.0,0.0,0.0,0.0,0.57,0.0,0.0,1.0
0,-1,legitimate_uk_UA,train,15,,4667,0.855,0.72,0.6875,0.5,1.0,0.0,0.0,0.0,0.0,0.41707317073170735,0.0,1.0,1.0
0,-1,legitimate_ar_EG,train,15,,6434,0.855,0.631578947368421,0.7692307692307692,1.0,1.0,0.0,0.0,0.4,0.0,0.57,0.0,1.0,0.0
0,-1,legitimate_fa_IR,train,15,,4284,0.7000000000000002,0.5714285714285715,0.7777777777777779,0.5,1.0,0.0,0.0,0.0,0.0,0.31621621621621615,0.0,0.0,1.0
0,-1,legitimate_hi_IN,train,15,,12930,0.45833333333333337,0.45833333333333337,0.5142857142857142,0.3333333333333333,1.0,0.0,0.0,0.0,0.0,0.3857142857142858,0.0,0.0,0.0
0,-1,legitimate_zh_CN,train,15,,18613,0.855,0.6153846153846154,0.6666666666666667,0.5,1.0,0.0,0.0,0.0,0.0,0.43333333333333335,0.0,0.0,0.0
0,-1,legitimate_ja_JP,train,15,,6695,0.855,0.4057971014492754,0.7428571428571429,0.5,1.0,0.0,0.0,0.0,0.0,0.48,0.0,0.0,1.0
0,-1,legitimate_ko_KR,train,15,,303,0.7714285714285716,0.4615384615384615,0.8571428571428572,0.0,1.0,0.0,0.0,0.0,0.0,0.2,0.0,0.0,1.0
0,-1,legitimate_tr_TR,train,15,,99,0.6000000000000001,0.2222222222222223,0.6666666666666667,0.0,1.0,0.0,0.0,0.0,0.0,0.57,0.0,0.0,1.0
0,-1,legitimate_id_ID,train,15,,15015,0.6260869565217392,0.5625,0.6956521739130435,0.0,1.0,0.0,0.0,0.0,0.0,0.4116666666666666,0.0,0.0,1.0
0,-1,legitimate_en_US,train,15,,6985,0.855,0.5714285714285715,0.6,0.5,1.0,0.0,0.0,0.0,0.0,0.36,0.0,0.0,0.0
0,-1,legitimate_en_GB,train,15,,983,0.855,0.38888888888888884,0.48,0.3333333333333333,1.0,0.0,0.0,0.36,0.0,0.2,0.0,1.0,1.0
0,-1,legitimate_es_ES,train,15,,3614,0.5215686274509804,0.5490196078431372,0.5641025641025641,0.25,1.0,0.0,0.0,0.0,0.0,0.57,0.0,1.0,1.0
0,-1,legitimate_fr_FR,train,15,,339,0.6352941176470588,0.4074074074074074,0.7058823529411764,0.0,1.0,0.0,0.0,0.0,0.0,0.35185185185185186,0.0,0.0,1.0
0,-1,legitimate_de_DE,train,15,,3092,0.855,0.6666666666666665,0.6666666666666667,0.25,1.0,0.0,0.0,0.4,0.0,0.5,0.0,1.0,1.0
0,-1,legitimate_it_IT,train,15,,12738,0.5896551724137931,0.6206896551724138,0.5263157894736843,0.0,1.0,0.0,0.0,0.0,0.0,0.35625,0.0,0.0,1.0
0,-1,legitimate_pt_BR,train,15,,645,0.6909090909090909,0.7272727272727272,0.5405405405405406,0.5,1.0,0.0,0.0,0.54,0.0,0.57,0.0,1.0,0.0
0,-1,legitimate_ru_RU,train,15,,10621,0.49500000000000005,0.3582089552238806,0.55,0.25,1.0,0.0,0.0,0.0,0.0,0.855,0.0,0.0,1.0
0,-1,legitimate_uk_UA,train,15,,4606,0.675,0.25,0.75,0.0,1.0,0.0,0.0,0.0,0.0,0.31757142857142856,0.0,0.0,1.0
0,-1,legitimate_ar_EG,train,15,,16332,0.5896551724137931,0.6206896551724138,0.5263157894736843,0.0,1.0,0.0,0.0,0.0,0.0,0.367816091954023,0.0,1.0,0.0
0,-1,legitimate_fa_IR,train,15,,2439,0.6107142857142858,0.4,0.5454545454545454,0.5,1.0,0.0,0.0,0.0,0.0,0.45,0.0,0.0,0.0
0,-1,legitimate_hi_IN,train,15,,2796,0.855,0.35,0.33333333333333337,0.3333333333333333,1.0,0.0,0.0,0.0,0.0,0.57,0.0,1.0,1.0
0,-1,legitimate_zh_CN,train,15,,14680,0.855,0.5217391304347826,0.5714285714285714,0.3333333333333333,1.0,0.0,0.0,0.0,0.0,0.855,0.0,0.0,0.0
0,-1,legitimate_ja_JP,train,15,,7812,0.855,0.6153846153846154,0.6666666666666667,0.5,1.0,0.0,0.0,0.0,0.0,0.2,0.0,0.0,0.0
0,-1,legitimate_ko_KR,train,15,,16369,0.49090909090909085,0.34782608695652173,0.5454545454545454,1.0,1.0,0.0,0.0,0.0,0.0,0.2,0.0,1.0,1.0
0,-1,legitimate_tr_TR,train,15,,3743,0.6153846153846154,0.5384615384615384,0.7058823529411764,0.3333333333333333,1.0,0.0,0.0,0.0,0.0,0.57,0.0,1.0,1.0
0,-1,legitimate_id_ID,train,15,,1305,0.61875,0.5714285714285715,0.6875,0.0,1.0,0.0,0.0,0.4275,0.0,0.3906542056074766,0.0,1.0,1.0
0,-1,legitimate_en_US,train,15,,7470,0.684,0.5333333333333333,0.6666666666666667,1.0,1.0,0.0,0.0,0.0,0.0,0.57,0.0,1.0,0.0
0,-1,legitimate_en_GB,train,15,,2342,0.6333333333333333,0.6666666666666665,0.6363636363636364,0.5,1.0,0.0,0.0,0.49090909090909085,0.0,0.57,0.0,1.0,0.0
0,-1,legitimate_es_ES,train,15,,3614,0.855,0.6122448979591837,0.6842105263157895,0.25,1.0,0.0,0.0,0.2571428571428571,0.0,0.2,0.0,1.0,0.0
0,-1,legitimate_fr_FR,train,15,,14578,0.6000000000000001,0.29629629629629634,0.6666666666666667,0.0,1.0,0.0,0.0,0.0,0.0,0.3306122448979592,0.0,0.0,1.0
0,-1,legitimate_de_DE,train,15,,2926,0.46216216216216216,0.48648648648648646,0.4,0.0,1.0,0.0,0.0,0.2222222222222222,0.0,0.57,0.0,1.0,0.0
0,-1,legitimate_it_IT,train,15,,373,0.5161290322580645,0.5161290322580645,0.5714285714285714,0.5,1.0,0.0,0.0,0.0,0.0,0.57,0.0,1.0,0.0
0,-1,legitimate_pt_BR,train,15,,3185,0.855,0.7857142857142857,0.7647058823529411,0.6666666666666666,1.0,0.0,0.0,0.0,0.0,0.4127586206896552,0.0,0.0,0.0
0,-1,legitimate_ru_RU,train,15,,7536,0.6352941176470588,0.6976744186046511,0.7058823529411764,0.3333333333333333,1.0,0.0,0.0,0.24000000000000005,0.0,0.225,0.0,1.0,1.0
0,-1,legitimate_uk_UA,train,15,,4323,0.855,0.5365853658536586,0.5714285714285714,0.3333333333333333,1.0,0.0,0.0,0.0,0.0,0.3375,0.0,1.0,0.0
0,-1,legitimate_ar_EG,train,15,,2177,0.855,0.6,0.6428571428571428,0.5,1.0,0.0,0.0,0.2222222222222222,0.0,0.33559322033898303,0.0,1.0,0.0
0,-1,legitimate_fa_IR,train,15,,696,0.4615384615384615,0.4615384615384615,0.5217391304347826,0.5,1.0,0.0,0.0,0.0,0.0,0.57,0.0,1.0,1.0
0,-1,legitimate_hi_IN,train,15,,16008,0.5727272727272728,0.5161290322580645,0.6363636363636364,0.0,1.0,0.0,0.0,0.36,0.0,0.2,0.0,1.0,0.0
0,-1,legitimate_zh_CN,train,15,,17934,0.875,0.875,0.875,0.5,1.0,0.0,0.0,0.42105263157894735,0.0,0.4235294117647059,0.0,1.0,0.0
0,-1,legitimate_ja_JP,train,15,,14335,0.855,0.56,0.5333333333333333,0.3333333333333333,1.0,0.0,0.0,0.304,0.0,0.49090909090909085,0.0,1.0,0.0
0,-1,legitimate_ko_KR,train,15,,1093,0.45,0.42857142857142855,0.5,0.0,1.0,0.0,0.0,0.0,0.0,0.534375,0.0,0.0,1.0
0,-1,legitimate_tr_TR,train,15,,3818,0.57,0.4242424242424242,0.6,0.5,1.0,0.0,0.0,0.48,0.0,0.57,0.0,1.0,1.0
0,-1,legitimate_id_ID,train,15,,3439,0.855,0.45283018867924524,0.5,0.25,1.0,0.0,0.0,0.0,0.0,0.57,0.0,0.0,1.0
0,-1,legitimate_en_US,train,15,,10395,0.6333333333333332,0.6666666666666665,0.6666666666666667,0.5,1.0,0.0,0.0,0.0,0.0,0.57,0.0,1.0,1.0
0,-1,legitimate_en_GB,train,15,,18077,0.855,0.625,0.625,0.5,1.0,0.0,0.0,0.3125,0.0,0.4153846153846154,0.0,1.0,0.0
0,-1,legitimate_es_ES,train,15,,1457,0.55,0.55,0.6111111111111112,0.3333333333333333,1.0,0.0,0.0,0.0,0.0,0.855,0.0,1.0,0.0
0,-1,legitimate_fr_FR,train,15,,2868,0.855,0.4086021505376344,0.5172413793103448,0.4,1.0,0.0,0.0,0.0,0.0,0.855,0.0,0.0,0.0
0,-1,legitimate_de_DE,train,15,,2618,0.9,1.0,1.0,0.5,1.0,0.0,0.0,0.0,0.0,0.2,0.0,0.0,0.0
0,-1,legitimate_it_IT,train,15,,9022,0.49090909090909085,0.34782608695652173,0.5454545454545454,0.5,1.0,0.0,0.0,0.0,0.0,0.3753086419753086,0.0,0.0,1.0
0,-1,legitimate_pt_BR,train,15,,18145,0.855,0.7,0.6153846153846154,0.5,1.0,0.0,0.0,0.36363636363636365,0.0,0.26666666666666666,0.0,1.0,0.0
0,-1,legitimate_ru_RU,train,15,,9148,0.6909090909090909,0.6909090909090909,0.6153846153846154,0.3333333333333333,1.0,0.0,0.0,0.0,0.0,0.24,0.0,1.0,0.0
0,-1,legitimate_uk_UA,train,15,,8568,0.5785714285714285,0.4761904761904762,0.6428571428571428,0.5,1.0,0.0,0.0,0.0,0.0,0.2,0.0,1.0,0.0
0,-1,legitimate_ar_EG,train,15,,12605,0.8,0.8,0.8695652173913043,0.5,1.0,0.0,0.0,0.30000000000000004,0.0,0.38817204301075264,0.0,1.0,0.0
0,-1,legitimate_fa_IR,train,15,,4487,0.475,0.5,0.3529411764705882,0.5,1.0,0.0,0.0,0.0,0.0,0.57,0.0,1.0,0.0
0,-1,legitimate_hi_IN,train,15,,99,0.5185185185185186,0.5185185185185186,0.631578947368421,0.0,1.0,0.0,0.0,0.0,0.0,0.855,0.0,0.0,0.0
0,-1,legitimate_zh_CN,train,15,,18557,0.855,0.6666666666666665,0.7692307692307692,0.5,1.0,0.0,0.0,0.0,0.0,0.4200000000000001,0.0,1.0,1.0
0,-1,legitimate_ja_JP,train,15,,3670,0.855,0.6666666666666665,0.625,0.25,1.0,0.0,0.0,0.0,0.0,0.2,0.0,0.0,0.0
0,-1,legitimate_ko_KR,train,15,,6341,0.49090909090909085,0.33333333333333326,0.5454545454545454,1.0,1.0,0.0,0.0,0.3789473684210526,0.0,0.57,0.0,1.0,1.0
0,-1,legitimate_tr_TR,train,15,,3438,0.855,0.7,0.7,0.25,1.0,0.0,0.0,0.30000000000000004,0.0,0.2,0.0,1.0,0.0
0,-1,legitimate_id_ID,train,15,,17726,0.5985,0.5142857142857143,0.5882352941176471,0.0,1.0,0.0,0.0,0.0,0.0,0.4275,0.0,0.0,0.0
0,-1,legitimate_en_US,train,15,,16056,0.855,0.8333333333333333,0.923076923076923,0.5,1.0,0.0,0.0,0.0,0.0,0.2,0.0,0.0,0.0
0,-1,legitimate_en_GB,train,15,,102,0.6000000000000001,0.5517241379310345,0.6666666666666667,0.0,1.0,0.0,0.0,0.0,0.0,0.57,0.0,0.0,1.0
0,-1,legitimate_es_ES,train,15,,6944,0.855,0.5,0.6451612903225806,0.3333333333333333,1.0,0.0,0.0,0.5538461538461539,0.0,0.49500000000000005,0.0,1.0,0.0
0,-1,legitimate_fr_FR,train,15,,4829,0.855,0.6,0.6923076923076923,0.5,1.0,0.0,0.0,0.0,0.0,0.57,0.0,1.0,0.0
0,-1,legitimate_de_DE,train,15,,274,0.855,0.48148148148148145,0.4761904761904761,0.4,1.0,0.0,0.0,0.0,0.0,0.33333333333333337,0.0,0.0,1.0
0,-1,legitimate_it_IT,train,15,,10744,0.5947826086956521,0.4489795918367347,0.6,0.5,1.0,0.0,0.0,0.33333333333333337,0.0,0.57,0.0,1.0,0.0
0,-1,legitimate_pt_BR,train,15,,3533,0.855,0.6538461538461539,0.6111111111111112,0.6666666666666666,1.0,0.0,0.0,0.36642857142857144,0.0,0.57,0.0,1.0,0.0
0,-1,legitimate_ru_RU,train,15,,9773,0.7307692307692308,0.7307692307692308,0.7555555555555555,0.3333333333333333,1.0,0.0,0.0,0.32258064516129037,0.0,0.32098765432098764,0.0,1.0,1.0
0,-1,legitimate_uk_UA,train,15,,1968,0.57,0.5365853658536586,0.6,0.0,1.0,0.0,0.0,0.0,0.0,0.57,0.0,1.0,1.0
0,-1,legitimate_ar_EG,train,15,,14795,0.5399999999999999,0.4516129032258065,0.5882352941176471,0.0,1.0,0.0,0.0,0.0,0.0,0.33529411764705885,0.0,0.0,0.0
0,-1,legitimate_fa_IR,train,15,,337,0.5142857142857142,0.34782608695652173,0.5714285714285714,0.25,1.0,0.0,0.0,0.0,0.0,0.285,0.0,0.0,0.0
0,-1,legitimate_hi_IN,train,15,,12582,0.48275862068965514,0.48275862068965514,0.5185185185185186,0.5,1.0,0.0,0.0,0.0,0.0,0.32,0.0,0.0,0.0
0,-1,legitimate_zh_CN,train,15,,847,0.855,0.6153846153846154,0.875,1.0,1.0,0.0,0.0,0.45,0.0,0.6000000000000001,0.0,1.0,1.0
0,-1,legitimate_ja_JP,train,15,,6109,0.855,0.5384615384615384,0.6666666666666667,0.25,1.0,0.0,0.0,0.0,0.0,0.40943661971830986,0.0,0.0,1.0
0,-1,legitimate_ko_KR,train,15,,7107,0.5263157894736843,0.5263157894736842,0.6153846153846154,1.0,1.0,0.0,0.0,0.0,0.0,0.25909090909090904,0.0,0.0,1.0
0,-1,legitimate_tr_TR,train,15,,11832,0.50625,0.41791044776119407,0.5625,0.0,1.0,0.0,0.0,0.0,0.0,0.3471153846153846,0.0,0.0,0.0
0,-1,legitimate_id_ID,train,15,,4424,0.5,0.5,0.56,0.0,1.0,0.0,0.0,0.0,0.0,0.38775510204081626,0.0,0.0,1.0
0,-1,legitimate_en_US,train,15,,3250,0.855,0.782608695652174,0.7857142857142857,0.5,1.0,0.0,0.0,0.2620689655172414,0.0,0.57,0.0,1.0,0.0
0,-1,legitimate_en_GB,train,15,,3217,0.855,0.6,0.7272727272727273,0.5,1.0,0.0,0.0,0.0,0.0,0.2,0.0,1.0,0.0
0,-1,legitimate_es_ES,train,15,,19022,0.5488888888888889,0.5777777777777778,0.4444444444444444,0.3333333333333333,1.0,0.0,0.0,0.4275,0.0,0.57,0.0,1.0,0.0
0,-1,legitimate_fr_FR,train,15,,868,0.792,0.55,0.88,0.5,1.0,0.0,0.0,0.0,0.0,0.375,0.0,1.0,0.0
0,-1,legitimate_de_DE,train,15,,2614,0.855,0.8,0.9090909090909091,0.5,1.0,0.0,0.0,0.0,0.0,0.57,0.0,0.0,0.0
0,-1,legitimate_it_IT,train,15,,4973,0.855,0.3835616438356164,0.4761904761904761,0.25,1.0,0.0,0.0,0.0,0.0,0.3705,0.0,0.0,0.0
0,-1,legitimate_pt_BR,train,15,,15595,0.855,0.4,0.43478260869565216,0.5,1.0,0.0,0.0,0.0,0.0,0.35625,0.0,0.0,0.0
0,-1,legitimate_ru_RU,train,15,,8443,0.6538461538461539,0.576923076923077,0.68,0.3333333333333333,1.0,0.0,0.0,0.0,0.0,0.24,0.0,1.0,0.0
0,-1,legitimate_uk_UA,train,15,,3792,0.855,0.43636363636363634,0.5294117647058824,0.25,1.0,0.0,0.0,0.0,0.0,0.57,0.0,1.0,1.0
0,-1,legitimate_ar_EG,train,15,,7678,0.855,0.7058823529411765,0.8181818181818181,0.5,1.0,0.0,0.0,0.2666666666666667,0.0,0.32608695652173914,0.0,1.0,0.0
0,-1,legitimate_fa_IR,train,15,,6211,0.855,0.33333333333333326,0.6,0.4,1.0,0.0,0.0,0.0,0.0,0.57,0.0,0.0,0.0
0,-1,legitimate_hi_IN,train,15,,2264,0.6000000000000001,0.36363636363636365,0.6666666666666667,0.0,1.0,0.0,0.0,0.0,0.0,0.57,0.0,0.0,0.0
0,-1,legitimate_zh_CN,train,15,,16728,0.5782608695652174,0.6086956521739131,0.5,0.3333333333333333,1.0,0.0,0.0,0.3846153846153846,0.0,0.32522522522522523,0.0,1.0,0.0
0,-1,legitimate_ja_JP,train,15,,10001,0.9,0.6666666666666665,1.0,0.5,1.0,0.0,0.0,0.5823529411764706,0.0,0.2,0.0,1.0,0.0
0,-1,legitimate_ko_KR,train,15,,3075,0.6333333333333333,0.6666666666666665,0.5333333333333333,0.0,1.0,0.0,0.0,0.0,0.0,0.2,0.0,0.0,0.0
0,-1,legitimate_tr_TR,train,15,,2017,0.6045454545454545,0.6363636363636364,0.5,0.0,1.0,0.0,0.0,0.48,0.0,0.3176470588235294,0.0,1.0,1.0
0,-1,legitimate_id_ID,train,15,,1194,0.6545454545454547,0.48648648648648646,0.7272727272727273,0.0,1.0,0.0,0.0,0.2222222222222222,0.0,0.456,0.0,1.0,1.0
0,-1,legitimate_en_US,train,15,,7967,0.855,0.5106382978723404,0.6470588235294117,0.3333333333333333,1.0,0.0,0.0,0.2571428571428571,0.0,0.3109090909090909,0.0,1.0,1.0
0,-1,legitimate_en_GB,train,15,,17329,0.6000000000000001,0.4888888888888889,0.6666666666666667,0.5,1.0,0.0,0.0,0.3789473684210526,0.0,0.342,0.0,1.0,0.0
0,-1,legitimate_es_ES,train,15,,2205,0.6000000000000001,0.4444444444444444,0.6666666666666667,0.3333333333333333,1.0,0.0,0.0,0.45,0.0,0.57,0.0,1.0,1.0
0,-1,legitimate_fr_FR,train,15,,67,0.855,0.5416666666666666,0.4444444444444444,0.5,1.0,0.0,0.0,0.0,0.0,0.57,0.0,0.0,0.0
0,-1,legitimate_de_DE,train,15,,6767,0.855,0.625,0.736842105263158,0.5,1.0,0.0,0.0,0.2571428571428571,0.0,0.30000000000000004,0.0,1.0,0.0
0,-1,legitimate_it_IT,train,15,,706,0.855,0.5161290322580645,0.5882352941176471,0.3333333333333333,1.0,0.0,0.0,0.0,0.0,0.3076923076923077,0.0,1.0,0.0
0,-1,legitimate_pt_BR,train,15,,1023,0.63,0.48275862068965514,0.7,0.0,1.0,0.0,0.0,0.36363636363636365,0.0,0.3507692307692307,0.0,1.0,1.0
0,-1,legitimate_ru_RU,train,15,,18070,0.5145833333333334,0.5416666666666666,0.5294117647058824,0.0,1.0,0.0,0.0,0.0,0.0,0.57,0.0,1.0,0.0
0,-1,legitimate_uk_UA,train,15,,8568,0.5217391304347826,0.5217391304347826,0.6,0.5,1.0,0.0,0.0,0.0,0.0,0.57,0.0,1.0,0.0
0,-1,legitimate_ar_EG,train,15,,2245,0.9,1.0,1.0,0.5,1.0,0.0,0.0,0.0,0.0,0.2,0.0,0.0,0.0
0,-1,legitimate_fa_IR,train,15,,127,0.57,0.1428571428571429,0.5,0.0,1.0,0.0,0.0,0.0,0.0,0.57,0.0,0.0,1.0
0,-1,legitimate_hi_IN,train,15,,19124,0.855,0.33333333333333326,0.4375,0.3333333333333333,1.0,0.0,0.0,0.0,0.0,0.34054054054054056,0.0,0.0,1.0
0,-1,legitimate_zh_CN,train,15,,12070,0.8181818181818181,0.8181818181818181,0.8888888888888888,0.5,1.0,0.0,0.0,0.5454545454545454,0.0,0.49500000000000005,0.0,1.0,0.0
0,-1,legitimate_ja_JP,train,15,,847,0.6857142857142857,0.5333333333333333,0.7619047619047619,0.25,1.0,0.0,0.0,0.36,0.0,0.3818181818181818,0.0,1.0,1.0
0,-1,legitimate_ko_KR,train,15,,303,0.7714285714285716,0.5,0.8571428571428572,0.0,1.0,0.0,0.0,0.0,0.0,0.2,0.0,0.0,1.0
0,-1,legitimate_tr_TR,train,15,,7599,0.49122807017543857,0.3703703703703704,0.48888888888888893,0.2,1.0,0.0,0.0,0.24428571428571427,0.0,0.57,0.0,1.0,1.0
0,-1,legitimate_id_ID,train,15,,17555,0.855,0.46511627906976744,0.6060606060606061,0.5,1.0,0.0,0.0,0.0,0.0,0.4149425287356322,0.0,0.0,0.0
0,-1,legitimate_en_US,train,15,,11442,0.7916666666666667,0.8333333333333333,0.7058823529411764,0.5,1.0,0.0,0.0,0.19047619047619047,0.0,0.3829787234042554,0.0,1.0,1.0
0,-1,legitimate_en_GB,train,15,,10732,0.6045454545454545,0.6363636363636364,0.4705882352941176,0.5,1.0,0.0,0.0,0.0,0.0,0.57,0.0,0.0,0.0
0,-1,legitimate_es_ES,train,15,,14090,0.4809375,0.339622641509434,0.5,0.3333333333333333,1.0,0.0,0.0,0.0,0.0,0.855,0.0,0.0,0.0
0,-1,legitimate_fr_FR,train,15,,334,0.6218181818181818,0.29090909090909095,0.6363636363636364,0.0,1.0,0.0,0.0,0.0,0.0,0.4470588235294118,0.0,0.0,1.0
0,-1,legitimate_de_DE,train,15,,10611,0.4788,0.4,0.5217391304347826,0.0,1.0,0.0,0.0,0.0,0.0,0.2620689655172414,0.0,0.0,1.0
0,-1,legitimate_it_IT,train,15,,6995,0.608,0.64,0.5555555555555556,0.5,1.0,0.0,0.0,0.0,0.0,0.57,0.0,0.0,0.0
0,-1,legitimate_pt_BR,train,15,,5040,0.855,0.782608695652174,0.782608695652174,0.5,1.0,0.0,0.0,0.4864864864864865,0.0,0.3976744186046512,0.0,1.0,0.0
0,-1,legitimate_ru_RU,train,15,,11359,0.6428571428571428,0.5714285714285715,0.6938775510204082,0.6666666666666666,1.0,0.0,0.0,0.0,0.0,0.40714285714285714,0.0,1.0,1.0
0,-1,legitimate_uk_UA,train,15,,4084,0.855,0.52,0.6470588235294117,0.6666666666666666,1.0,0.0,0.0,0.288,0.0,0.3116883116883117,0.0,1.0,1.0
0,-1,legitimate_ar_EG,train,15,,1901,0.5142857142857142,0.37209302325581395,0.5714285714285714,0.5,1.0,0.0,0.0,0.0,0.0,0.3705882352941176,0.0,0.0,0.0
0,-1,legitimate_fa_IR,train,15,,16385,0.855,0.36363636363636365,0.4,0.5,1.0,0.0,0.0,0.0,0.0,0.33645833333333336,0.0,0.0,1.0
0,-1,legitimate_hi_IN,train,15,,13966,0.5142857142857142,0.42857142857142855,0.5714285714285714,0.0,1.0,0.0,0.0,0.0,0.0,0.2,0.0,1.0,0.0
0,-1,legitimate_zh_CN,train,15,,3907,0.748125,0.8235294117647058,0.6666666666666667,1.0,1.0,0.0,0.0,0.0,0.0,0.57,0.0,1.0,0.0
0,-1,legitimate_ja_JP,train,15,,847,0.855,0.36363636363636365,0.5,0.25,1.0,0.0,0.0,0.54,0.0,0.5029411764705882,0.0,1.0,1.0
0,-1,legitimate_ko_KR,train,15,,303,0.7714285714285716,0.5454545454545454,0.8571428571428572,0.0,1.0,0.0,0.0,0.0,0.0,0.57,0.0,0.0,1.0
0,-1,legitimate_tr_TR,train,15,,2009,0.4615384615384615,0.4615384615384615,0.6,0.0,1.0,0.0,0.0,0.0,0.0,0.57,0.0,0.0,0.0
0,-1,legitimate_id_ID,train,15,,1995,0.49090909090909085,0.4516129032258065,0.5454545454545454,0.0,1.0,0.0,0.0,0.6000000000000001,0.0,0.2,0.0,1.0,1.0
0,-1,legitimate_en_US,train,15,,5805,0.5760000000000001,0.5128205128205129,0.64,0.0,1.0,0.0,0.0,0.0,0.0,0.57,0.0,0.0,1.0
0,-1,legitimate_en_GB,train,15,,3002,0.855,0.5882352941176471,0.6666666666666667,0.5,1.0,0.0,0.0,0.4153846153846154,0.0,0.57,0.0,1.0,1.0
0,-1,legitimate_es_ES,train,15,,99,0.855,0.4,0.6341463414634146,0.3333333333333333,1.0,0.0,0.0,0.0,0.0,0.24,0.0,0.0,1.0
0,-1,legitimate_fr_FR,train,15,,8531,0.5878125,0.45833333333333337,0.625,0.5,1.0,0.0,0.0,0.0,0.0,0.2,0.0,1.0,0.0
0,-1,legitimate_de_DE,train,15,,2989,0.5225806451612902,0.4,0.5806451612903225,0.0,1.0,0.0,0.0,0.0,0.0,0.3619047619047619,0.0,0.0,1.0
0,-1,legitimate_it_IT,train,15,,5710,0.648,0.4390243902439025,0.72,0.5,1.0,0.0,0.0,0.0,0.0,0.228,0.0,1.0,0.0
0,-1,legitimate_pt_BR,train,15,,586,0.5428571428571428,0.5714285714285715,0.625,0.0,1.0,0.0,0.0,0.0,0.0,0.3629213483146067,0.0,0.0,1.0
0,-1,legitimate_ru_RU,train,15,,10616,0.61875,0.5652173913043478,0.6875,0.3333333333333333,1.0,0.0,0.0,0.0,0.0,0.34883720930232553,0.0,0.0,1.0
0,-1,legitimate_uk_UA,train,15,,14182,0.544090909090909,0.4666666666666666,0.4705882352941176,0.0,1.0,0.0,0.0,0.0,0.0,0.34545454545454546,0.0,0.0,1.0
0,-1,legitimate_ar_EG,train,15,,5250,0.675,0.5333333333333333,0.75,0.5,1.0,0.0,0.0,0.0,0.0,0.57,0.0,0.0,0.0
0,-1,legitimate_fa_IR,train,15,,579,0.4545454545454546,0.45454545454545453,0.5333333333333333,0.5,1.0,0.0,0.0,0.33333333333333337,0.0,0.57,0.0,1.0,1.0
0,-1,legitimate_hi_IN,train,15,,8749,0.855,0.4375,0.5714285714285714,0.5,1.0,0.0,0.0,0.0,0.0,0.2902777777777778,0.0,0.0,0.0
0,-1,legitimate_zh_CN,train,15,,847,0.855,0.6923076923076923,0.7777777777777779,1.0,1.0,0.0,0.0,0.45,0.0,0.4663636363636363,0.0,1.0,1.0
0,-1,legitimate_ja_JP,train,15,,6695,0.855,0.4,0.7142857142857143,0.5,1.0,0.0,0.0,0.0,0.0,0.513,0.0,0.0,0.0
0,-1,legitimate_ko_KR,train,15,,7548,0.7714285714285716,0.4,0.8571428571428572,0.0,1.0,0.0,0.0,0.0,0.0,0.342,0.0,1.0,1.0
0,-1,legitimate_tr_TR,train,15,,1257,0.855,0.4782608695652174,0.5714285714285714,0.3333333333333333,1.0,0.0,0.0,0.45,0.0,0.3139130434782608,0.0,1.0,0.0
0,-1,legitimate_id_ID,train,15,,2760,0.855,0.3578947368421052,0.4897959183673469,0.2,1.0,0.0,0.0,0.0,0.0,0.57,0.0,0.0,1.0
0,-1,legitimate_en_US,train,15,,13718,0.855,0.6153846153846154,0.7142857142857143,0.5,1.0,0.0,0.0,0.0,0.0,0.3711340206185567,0.0,0.0,0.0
0,-1,legitimate_en_GB,train,15,,4592,0.6631578947368422,0.411764705882353,0.736842105263158,0.5,1.0,0.0,0.0,0.0,0.0,0.855,0.0,0.0,1.0
0,-1,legitimate_es_ES,train,15,,648,0.5384615384615384,0.5517241379310345,0.6829268292682926,0.3333333333333333,1.0,0.0,0.0,0.0,0.0,0.57,0.0,1.0,0.0
0,-1,legitimate_fr_FR,train,15,,18177,0.855,0.9,0.9,0.5,1.0,0.0,0.0,0.0,0.0,0.57,0.0,0.0,0.0
0,-1,legitimate_de_DE,train,15,,1240,0.675,0.19354838709677424,0.75,0.0,1.0,0.0,0.0,0.0,0.0,0.30000000000000004,0.0,0.0,1.0
0,-1,legitimate_it_IT,train,15,,183,0.5684210526315789,0.5,0.631578947368421,0.0,1.0,0.0,0.0,0.0,0.0,0.30508474576271183,0.0,0.0,1.0
0,-1,legitimate_pt_BR,train,15,,1436,0.855,0.5882352941176471,0.6666666666666667,0.5,1.0,0.0,0.0,0.41081081081081083,0.0,0.855,0.0,1.0,1.0
0,-1,legitimate_ru_RU,train,15,,8537,0.6729166666666666,0.7083333333333333,0.65,0.6666666666666666,1.0,0.0,0.0,0.0,0.0,0.57,0.0,1.0,0.0
0,-1,legitimate_uk_UA,train,15,,9886,0.6600000000000001,0.625,0.7333333333333334,0.3333333333333333,1.0,0.0,0.0,0.34285714285714286,0.0,0.3375,0.0,1.0,0.0
0,-1,legitimate_ar_EG,train,15,,12795,0.855,0.6666666666666665,0.8,0.5,1.0,0.0,0.0,0.0,0.0,0.28901408450704225,0.0,0.0,0.0
0,-1,legitimate_fa_IR,train,15,,3748,0.855,0.33333333333333326,0.4705882352941176,0.5,1.0,0.0,0.0,0.0,0.0,0.33835616438356164,0.0,0.0,1.0
0,-1,legitimate_hi_IN,train,15,,17655,0.41666666666666663,0.41666666666666663,0.4651162790697675,0.3333333333333333,1.0,0.0,0.0,0.0,0.0,0.31034482758620696,0.0,0.0,0.0
0,-1,legitimate_zh_CN,train,15,,6109,0.855,0.6666666666666665,0.625,0.5,1.0,0.0,0.0,0.0,0.0,0.38095238095238093,0.0,0.0,1.0
0,-1,legitimate_ja_JP,train,15,,2757,0.855,0.56,0.75,0.25,1.0,0.0,0.0,0.5629629629629629,0.0,0.2,0.0,1.0,1.0
0,-1,legitimate_ko_KR,train,15,,2503,0.6666666666666667,0.5833333333333334,0.631578947368421,0.0,1.0,0.0,0.0,0.0,0.0,0.2,0.0,1.0,1.0
0,-1,legitimate_tr_TR,train,15,,14564,0.4375,0.4375,0.5714285714285714,0.0,1.0,0.0,0.0,0.0,0.0,0.3217741935483871,0.0,0.0,1.0
0,-1,legitimate_id_ID,train,15,,7287,0.5648648648648649,0.5945945945945946,0.5625,0.0,1.0,0.0,0.0,0.0,0.0,0.405,0.0,1.0,0.0
0,-1,legitimate_en_US,train,15,,18278,0.855,0.6923076923076923,0.7647058823529411,0.5,1.0,0.0,0.0,0.0,0.0,0.57,0.0,1.0,1.0
0,-1,legitimate_en_GB,train,15,,7452,0.8,0.5517241379310345,0.8888888888888888,0.0,1.0,0.0,0.0,0.0,0.0,0.2,0.0,1.0,1.0
0,-1,legitimate_es_ES,train,15,,2159,0.855,0.4210526315789474,0.6,0.3333333333333333,0.5,0.0,0.0,0.0,0.0,0.3477272727272727,0.0,0.0,1.0
0,-1,legitimate_fr_FR,train,15,,1697,0.855,0.6666666666666665,0.6666666666666667,0.5,1.0,0.0,0.0,0.4023529411764706,0.0,0.57,0.0,1.0,1.0
0,-1,legitimate_de_DE,train,15,,4551,0.4130434782608695,0.43478260869565216,0.48484848484848486,0.0,1.0,0.0,0.0,0.3176470588235294,0.0,0.4,0.0,1.0,0.0
0,-1,legitimate_it_IT,train,15,,5799,0.4666666666666668,0.4878048780487805,0.5185185185185186,0.0,1.0,0.0,0.0,0.0,0.0,0.4,0.0,1.0,1.0
0,-1,legitimate_pt_BR,train,15,,122,0.855,0.631578947368421,0.6153846153846154,0.25,1.0,0.0,0.0,0.5,0.0,0.57,0.0,1.0,1.0
0,-1,legitimate_ru_RU,train,15,,8507,0.6459999999999999,0.68,0.6808510638297872,0.25,1.0,0.0,0.0,0.0,0.0,0.57,0.0,1.0,0.0
0,-1,legitimate_uk_UA,train,15,,4639,0.6666666666666667,0.6666666666666665,0.7346938775510203,0.3333333333333333,1.0,0.0,0.0,0.0,0.0,0.27586206896551724,0.0,1.0,1.0
0,-1,legitimate_ar_EG,train,15,,14066,0.6576923076923076,0.5263157894736842,0.7142857142857143,0.5,1.0,0.0,0.0,0.0,0.0,0.2,0.0,0.0,0.0
0,-1,legitimate_fa_IR,train,15,,9564,0.855,0.33333333333333326,0.4615384615384615,0.3333333333333333,1.0,0.0,0.0,0.0,0.0,0.3521739130434782,0.0,0.0,0.0
0,-1,legitimate_hi_IN,train,15,,102,0.5538461538461539,0.4,0.6153846153846154,0.0,1.0,0.0,0.0,0.0,0.0,0.57,0.0,0.0,1.0
0,-1,legitimate_zh_CN,train,15,,4216,0.76,0.8,0.8235294117647058,1.0,1.0,0.0,0.0,0.0,0.0,0.5142857142857142,0.0,1.0,1.0
0,-1,legitimate_ja_JP,train,15,,17905,0.855,0.625,0.5882352941176471,0.5,1.0,0.0,0.0,0.48857142857142855,0.0,0.391304347826087,0.0,1.0,1.0
0,-1,legitimate_ko_KR,train,15,,303,0.7714285714285716,0.4615384615384615,0.8571428571428572,0.0,1.0,0.0,0.0,0.0,0.0,0.2,0.0,0.0,1.0
0,-1,legitimate_tr_TR,train,15,,4099,0.6000000000000001,0.4102564102564103,0.6666666666666667,0.0,1.0,0.0,0.0,0.0,0.0,0.3980952380952381,0.0,0.0,1.0
0,-1,legitimate_id_ID,train,15,,322,0.855,0.4210526315789474,0.5384615384615384,0.25,1.0,0.0,0.0,0.0,0.0,0.39583333333333326,0.0,0.0,1.0
0,-1,legitimate_en_US,train,15,,3964,0.855,0.6666666666666665,0.7142857142857143,0.5,1.0,0.0,0.0,0.3448275862068966,0.0,0.3,0.0,1.0,1.0
0,-1,legitimate_en_GB,train,15,,12804,0.855,0.5714285714285715,0.736842105263158,0.5,1.0,0.0,0.0,0.0,0.0,0.4,0.0,1.0,0.0
0,-1,legitimate_es_ES,train,15,,18667,0.5909090909090908,0.6153846153846154,0.6666666666666667,0.3333333333333333,1.0,0.0,0.0,0.5261538461538461,0.0,0.4,0.0,1.0,0.0
0,-1,legitimate_fr_FR,train,15,,18148,0.61875,0.45833333333333337,0.6875,0.5,1.0,0.0,0.0,0.36,0.0,0.4153846153846154,0.0,1.0,0.0
0,-1,legitimate_de_DE,train,15,,1093,0.6000000000000001,0.24,0.6666666666666667,0.0,1.0,0.0,0.0,0.0,0.0,0.3946153846153846,0.0,0.0,1.0
0,-1,legitimate_it_IT,train,15,,5585,0.6206896551724139,0.41379310344827586,0.6896551724137931,0.5,1.0,0.0,0.0,0.0,0.0,0.57,0.0,0.0,0.0
0,-1,legitimate_pt_BR,train,15,,88,0.5625,0.42857142857142855,0.625,0.0,1.0,0.0,0.0,0.0,0.0,0.57,0.0,0.0,1.0
0,-1,legitimate_ru_RU,train,15,,2880,0.6979591836734694,0.7346938775510204,0.7027027027027026,0.3333333333333333,1.0,0.0,0.0,0.4666666666666668,0.0,0.24,0.0,1.0,0.0
0,-1,legitimate_uk_UA,train,15,,10175,0.8142857142857143,0.8571428571428571,0.6428571428571428,0.0,1.0,0.0,0.0,0.48,0.0,0.285,0.0,1.0,1.0
0,-1,legitimate_ar_EG,train,15,,18275,0.855,0.5116279069767442,0.5714285714285714,0.3333333333333333,1.0,0.0,0.0,0.0,0.0,0.3857142857142858,0.0,1.0,0.0
0,-1,legitimate_fa_IR,train,15,,6288,0.6363636363636364,0.5454545454545454,0.7,0.5,1.0,0.0,0.0,0.36,0.0,0.3375,0.0,1.0,1.0
0,-1,legitimate_hi_IN,train,15,,18485,0.5478260869565218,0.45454545454545453,0.6086956521739131,1.0,1.0,0.0,0.0,0.320625,0.0,0.57,0.0,1.0,1.0
0,-1,legitimate_zh_CN,train,15,,18731,0.855,0.7058823529411765,0.9090909090909091,0.5,1.0,0.0,0.0,0.41666666666666663,0.0,0.57,0.0,1.0,0.0
0,-1,legitimate_ja_JP,train,15,,7806,0.7206896551724137,0.7586206896551724,0.6956521739130435,0.25,1.0,0.0,0.0,0.0,0.0,0.57,0.0,0.0,0.0
0,-1,legitimate_ko_KR,train,15,,5112,0.5399999999999999,0.4615384615384615,0.5714285714285714,0.0,1.0,0.0,0.0,0.0,0.0,0.2,0.0,1.0,1.0
0,-1,legitimate_tr_TR,train,15,,89,0.72,0.16,0.8,0.0,1.0,0.0,0.0,0.0,0.0,0.2,0.0,0.0,1.0
0,-1,legitimate_id_ID,train,15,,18321,0.6230769230769231,0.4390243902439025,0.6923076923076923,0.0,1.0,0.0,0.0,0.0,0.0,0.34054054054054056,0.0,0.0,1.0
0,-1,legitimate_en_US,train,15,,16720,0.855,0.5714285714285715,0.6,0.5,1.0,0.0,0.0,0.19047619047619047,0.0,0.57,0.0,1.0,0.0
0,-1,legitimate_en_GB,train,15,,3250,0.855,0.72,0.75,0.5,1.0,0.0,0.0,0.36,0.0,0.2,0.0,1.0,0.0
0,-1,legitimate_es_ES,train,15,,12114,0.49500000000000005,0.3939393939393939,0.55,0.0,1.0,0.0,0.0,0.0,0.0,0.855,0.0,0.0,0.0
0,-1,legitimate_fr_FR,train,15,,9623,0.675,0.3703703703703704,0.75,0.5,1.0,0.0,0.0,0.0,0.0,0.33835616438356164,0.0,0.0,0.0
0,-1,legitimate_de_DE,train,15,,15182,0.855,0.5555555555555556,0.5384615384615384,0.5,1.0,0.0,0.0,0.36,0.0,0.4,0.0,1.0,0.0
0,-1,legitimate_it_IT,train,15,,6981,0.5294117647058824,0.4444444444444444,0.5882352941176471,0.5,1.0,0.0,0.0,0.0,0.0,0.855,0.0,0.0,1.0
0,-1,legitimate_pt_BR,train,15,,3533,0.855,0.5,0.6666666666666667,0.3333333333333333,1.0,0.0,0.0,0.36774193548387096,0.0,0.57,0.0,1.0,0.0
0,-1,legitimate_ru_RU,train,15,,7251,0.7058823529411764,0.5490196078431372,0.6666666666666667,0.0,1.0,0.0,0.0,0.45,0.0,0.4149425287356322,0.0,1.0,0.0
0,-1,legitimate_uk_UA,train,15,,5491,0.6000000000000001,0.5555555555555556,0.6666666666666667,0.0,1.0,0.0,0.0,0.475,0.0,0.3,0.0,1.0,0.0
0,-1,legitimate_ar_EG,train,15,,847,0.5384615384615384,0.4615384615384615,0.5833333333333333,0.0,1.0,0.0,0.0,0.30000000000000004,0.0,0.4090909090909091,0.0,1.0,1.0
0,-1,legitimate_fa_IR,train,15,,10222,0.5142857142857142,0.45714285714285713,0.5714285714285714,0.2,1.0,0.0,0.0,0.0,0.0,0.5142857142857142,0.0,1.0,0.0
0,-1,legitimate_hi_IN,train,15,,519,0.48,0.32558139534883723,0.5333333333333333,0.5,1.0,0.0,0.0,0.6000000000000001,0.0,0.57,0.0,1.0,0.0
0,-1,legitimate_zh_CN,train,15,,18896,0.6000000000000001,0.6666666666666665,0.6666666666666667,0.5,1.0,0.0,0.0,0.0,0.0,0.49090909090909085,0.0,1.0,0.0
0,-1,legitimate_ja_JP,train,15,,1970,0.675,0.43478260869565216,0.75,0.3333333333333333,1.0,0.0,0.0,0.4090909090909091,0.0,0.2,0.0,1.0,1.0
0,-1,legitimate_ko_KR,train,15,,17971,0.6428571428571429,0.3571428571428571,0.7142857142857143,1.0,1.0,0.0,0.0,0.0,0.0,0.49090909090909085,0.0,0.0,0.0
0,-1,legitimate_tr_TR,train,15,,11831,0.6000000000000001,0.5333333333333333,0.6666666666666667,0.6666666666666666,1.0,0.0,0.0,0.0,0.0,0.36363636363636365,0.0,0.0,1.0
0,-1,legitimate_id_ID,train,15,,1802,0.6666666666666667,0.6666666666666665,0.7333333333333334,0.3333333333333333,1.0,0.0,0.0,0.0,0.0,0.3296703296703297,0.0,0.0,1.0
0,-1,legitimate_en_US,train,15,,1462,0.855,0.6086956521739131,0.625,0.3333333333333333,1.0,0.0,0.0,0.1428571428571429,0.0,0.57,0.0,1.0,0.0
0,-1,legitimate_en_GB,train,15,,1957,0.6111111111111112,0.6111111111111112,0.6,0.0,1.0,0.0,0.0,0.0,0.0,0.2,0.0,1.0,0.0
0,-1,legitimate_es_ES,train,15,,9356,0.5853658536585367,0.5365853658536586,0.6666666666666667,0.3333333333333333,1.0,0.0,0.0,0.16666666666666663,0.0,0.3697478991596639,0.0,1.0,0.0
0,-1,legitimate_fr_FR,train,15,,2573,0.855,0.8181818181818181,0.8461538461538461,0.5,1.0,0.0,0.0,0.37173913043478257,0.0,0.855,0.0,1.0,0.0
0,-1,legitimate_de_DE,train,15,,565,0.675,0.26086956521739124,0.75,0.0,1.0,0.0,0.0,0.0,0.0,0.31153846153846154,0.0,0.0,1.0
0,-1,legitimate_it_IT,train,15,,8672,0.5,0.5,0.5714285714285714,0.0,1.0,0.0,0.0,0.0,0.0,0.57,0.0,1.0,0.0
0,-1,legitimate_pt_BR,train,15,,270,0.5263157894736843,0.5263157894736842,0.6,0.3333333333333333,1.0,0.0,0.0,0.2571428571428571,0.0,0.342,0.0,1.0,0.0
0,-1,legitimate_ru_RU,train,15,,2087,0.6430769230769231,0.676923076923077,0.6382978723404256,0.3333333333333333,1.0,0.0,0.0,0.45,0.0,0.40303030303030296,0.0,1.0,0.0
0,-1,legitimate_uk_UA,train,15,,18115,0.6487804878048781,0.6829268292682927,0.7272727272727273,0.3333333333333333,1.0,0.0,0.0,0.0,0.0,0.57,0.0,1.0,0.0
0,-1,legitimate_ar_EG,train,15,,5898,0.675,0.4,0.75,0.5,1.0,0.0,0.0,0.0,0.0,0.57,0.0,0.0,0.0
0,-1,legitimate_fa_IR,train,15,,8749,0.45,0.33333333333333326,0.5,0.0,1.0,0.0,0.0,0.0,0.0,0.27586206896551724,0.0,0.0,0.0
0,-1,legitimate_hi_IN,train,15,,14486,0.4523809523809524,0.4761904761904762,0.48484848484848486,0.3333333333333333,1.0,0.0,0.0,0.0,0.0,0.25396825396825395,0.0,0.0,1.0
0,-1,legitimate_zh_CN,train,15,,6262,0.7272727272727273,0.5454545454545454,0.8,0.3333333333333333,1.0,0.0,0.0,0.0,0.0,0.57,0.0,1.0,0.0
0,-1,legitimate_ja_JP,train,15,,14386,0.855,0.40909090909090906,0.5,0.3333333333333333,1.0,0.0,0.0,0.0,0.0,0.3728813559322034,0.0,0.0,0.0
0,-1,legitimate_ko_KR,train,15,,4373,0.5294117647058824,0.3571428571428571,0.5882352941176471,1.0,1.0,0.0,0.0,0.0,0.0,0.57,0.0,0.0,0.0
0,-1,legitimate_tr_TR,train,15,,12561,0.45,0.4225352112676056,0.5,0.0,1.0,0.0,0.0,0.0,0.0,0.36323529411764705,0.0,0.0,1.0
0,-1,legitimate_id_ID,train,15,,17954,0.5586206896551724,0.5641025641025641,0.6206896551724138,0.0,1.0,0.0,0.0,0.25,0.0,0.2,0.0,1.0,0.0
0,-1,legitimate_en_US,train,15,,9828,0.855,0.6666666666666665,0.7,0.5,1.0,0.0,0.0,0.2702702702702703,0.0,0.2,0.0,1.0,0.0
0,-1,legitimate_en_GB,train,15,,18517,0.5000000000000001,0.5263157894736842,0.5161290322580645,0.3333333333333333,1.0,0.0,0.0,0.0,0.0,0.3477272727272727,0.0,0.0,1.0
0,-1,legitimate_es_ES,train,15,,2526,0.81,0.5454545454545454,0.9,0.3333333333333333,1.0,0.0,0.0,0.0,0.0,0.39480519480519477,0.0,0.0,1.0
0,-1,legitimate_fr_FR,train,15,,18840,0.855,0.48484848484848486,0.48,0.5,1.0,0.0,0.0,0.0,0.0,0.49090909090909085,0.0,1.0,0.0
0,-1,legitimate_de_DE,train,15,,14260,0.6035294117647058,0.4375,0.5882352941176471,0.3333333333333333,1.0,0.0,0.0,0.0,0.0,0.2,0.0,0.0,1.0
0,-1,legitimate_it_IT,train,15,,2522,0.5714285714285714,0.3428571428571429,0.6,0.5,1.0,0.0,0.0,0.54,0.0,0.35999999999999993,0.0,1.0,0.0
0,-1,legitimate_pt_BR,train,15,,1541,0.855,0.5,0.6428571428571428,0.3333333333333333,1.0,0.0,0.0,0.5142857142857142,0.0,0.57,0.0,1.0,0.0
0,-1,legitimate_ru_RU,train,15,,8502,0.5152542372881356,0.5423728813559322,0.4324324324324324,0.3333333333333333,1.0,0.0,0.0,0.0,0.0,0.57,0.0,1.0,0.0
0,-1,legitimate_uk_UA,train,15,,14396,0.6545454545454547,0.5,0.7272727272727273,0.0,1.0,0.0,0.0,0.0,0.0,0.30000000000000004,0.0,1.0,0.0
0,-1,legitimate_ar_EG,train,15,,5679,0.855,0.6,0.5925925925925926,0.5,1.0,0.0,0.0,0.38,0.0,0.57,0.0,1.0,0.0
0,-1,legitimate_fa_IR,train,15,,13641,0.855,0.36363636363636365,0.4444444444444444,0.2,1.0,0.0,0.0,0.0,0.0,0.26307692307692304,0.0,1.0,1.0
0,-1,legitimate_hi_IN,train,15,,10059,0.6000000000000001,0.56,0.6666666666666667,0.0,1.0,0.0,0.0,0.0,0.0,0.2620689655172414,0.0,0.0,0.0
0,-1,legitimate_zh_CN,train,15,,18004,0.855,0.6666666666666665,0.6666666666666667,0.5,1.0,0.0,0.0,0.0,0.0,0.35905511811023616,0.0,0.0,0.0
0,-1,legitimate_ja_JP,train,15,,603,0.855,0.44,0.5625,0.3333333333333333,1.0,0.0,0.0,0.27,0.0,0.391304347826087,0.0,1.0,1.0
0,-1,legitimate_ko_KR,train,15,,9581,0.4663636363636363,0.3076923076923077,0.4285714285714286,1.0,1.0,0.0,0.0,0.0,0.0,0.33529411764705885,0.0,0.0,1.0
0,-1,legitimate_tr_TR,train,15,,1550,0.6352941176470588,0.48,0.7058823529411764,0.5,1.0,0.0,0.0,0.32432432432432434,0.0,0.57,0.0,1.0,1.0
0,-1,legitimate_id_ID,train,15,,572,0.6333333333333332,0.6666666666666665,0.6666666666666667,0.3333333333333333,1.0,0.0,0.0,0.2,0.0,0.57,0.0,1.0,1.0
0,-1,legitimate_en_US,train,15,,5957,0.855,0.7272727272727272,0.7857142857142857,0.5,1.0,0.0,0.0,0.0,0.0,0.4,0.0,0.0,0.0
0,-1,legitimate_en_GB,train,15,,1856,0.5333333333333333,0.4390243902439025,0.5925925925925926,0.5,1.0,0.0,0.0,0.0,0.0,0.3377777777777778,0.0,0.0,0.0
0,-1,legitimate_es_ES,train,15,,3039,0.6,0.56,0.6521739130434783,0.0,1.0,0.0,0.0,0.36,0.0,0.2,0.0,1.0,0.0
0,-1,legitimate_fr_FR,train,15,,123,0.855,0.5555555555555556,0.6428571428571428,0.3333333333333333,1.0,0.0,0.0,0.36,0.0,0.2,0.0,1.0,0.0
0,-1,legitimate_de_DE,train,15,,6998,0.5333333333333333,0.5333333333333333,0.5833333333333333,0.0,1.0,0.0,0.0,0.0,0.0,0.3789473684210526,0.0,0.0,1.0
0,-1,legitimate_it_IT,train,15,,10935,0.855,0.6363636363636364,0.6896551724137931,0.5,1.0,0.0,0.0,0.36363636363636365,0.0,0.57,0.0,1.0,0.0
0,-1,legitimate_pt_BR,train,15,,7016,0.855,0.37142857142857144,0.48275862068965514,0.3333333333333333,1.0,0.0,0.0,0.0,0.0,0.3653846153846153,0.0,0.0,1.0
0,-1,legitimate_ru_RU,train,15,,9162,0.7241379310344827,0.6551724137931035,0.7407407407407408,0.3333333333333333,1.0,0.0,0.0,0.0,0.0,0.57,0.0,1.0,0.0
0,-1,legitimate_uk_UA,train,15,,3193,0.5399999999999999,0.5416666666666666,0.5625,0.5,1.0,0.0,0.0,0.33333333333333337,0.0,0.57,0.0,1.0,0.0
0,-1,legitimate_ar_EG,train,15,,13681,0.6000000000000001,0.5161290322580645,0.6666666666666667,0.0,1.0,0.0,0.0,0.32758620689655177,0.0,0.57,0.0,1.0,0.0
0,-1,legitimate_fa_IR,train,15,,16385,0.855,0.3703703703703704,0.4,0.5,1.0,0.0,0.0,0.0,0.0,0.35999999999999993,0.0,0.0,1.0
0,-1,legitimate_hi_IN,train,15,,2032,0.5294117647058824,0.48275862068965514,0.5882352941176471,0.5,1.0,0.0,0.0,0.0,0.0,0.3506493506493507,0.0,0.0,1.0
0,-1,legitimate_zh_CN,train,15,,1331,0.7692307692307692,0.6666666666666665,0.8181818181818181,1.0,1.0,0.0,0.0,0.0,0.0,0.4112149532710281,0.0,1.0,1.0
0,-1,legitimate_ja_JP,train,15,,4707,0.5789473684210527,0.4736842105263158,0.6666666666666667,0.5,1.0,0.0,0.0,0.0,0.0,0.4553719008264463,0.0,0.0,1.0
0,-1,legitimate_ko_KR,train,15,,4620,0.631578947368421,0.631578947368421,0.75,0.0,1.0,0.0,0.0,0.0,0.0,0.57,0.0,0.0,0.0
0,-1,legitimate_tr_TR,train,15,,18595,0.855,0.625,0.631578947368421,0.5,1.0,0.0,0.0,0.0,0.0,0.4,0.0,0.0,0.0
0,-1,legitimate_id_ID,train,15,,15683,0.5684210526315789,0.368421052631579,0.631578947368421,0.5,1.0,0.0,0.0,0.36,0.0,0.57,0.0,1.0,0.0
0,-1,legitimate_en_US,train,15,,3964,0.855,0.6666666666666665,0.7142857142857143,0.5,1.0,0.0,0.0,0.2222222222222222,0.0,0.30000000000000004,0.0,1.0,1.0
0,-1,legitimate_en_GB,train,15,,2624,0.675,0.35294117647058826,0.75,0.5,1.0,0.0,0.0,0.0,0.0,0.45,0.0,0.0,1.0
0,-1,legitimate_es_ES,train,15,,5084,0.54,0.5384615384615384,0.6,0.0,1.0,0.0,0.0,0.0,0.0,0.57,0.0,1.0,1.0
0,-1,legitimate_fr_FR,train,15,,11179,0.855,0.6666666666666665,0.7857142857142857,0.5,1.0,0.0,0.0,0.38863636363636367,0.0,0.45,0.0,1.0,0.0
0,-1,legitimate_de_DE,train,15,,3247,0.855,0.5454545454545454,0.5454545454545454,0.3333333333333333,1.0,0.0,0.0,0.0,0.0,0.3093023255813953,0.0,0.0,0.0
0,-1,legitimate_it_IT,train,15,,4446,0.54,0.48275862068965514,0.6,0.0,1.0,0.0,0.0,0.0,0.0,0.57,0.0,0.0,0.0
0,-1,legitimate_pt_BR,train,15,,3572,0.5760000000000001,0.4324324324324324,0.64,0.0,1.0,0.0,0.0,0.0,0.0,0.57,0.0,1.0,0.0
0,-1,legitimate_ru_RU,train,15,,8511,0.6666666666666667,0.6666666666666665,0.7083333333333333,0.6666666666666666,1.0,0.0,0.0,0.0,0.0,0.228,0.0,1.0,0.0
0,-1,legitimate_uk_UA,train,15,,9451,0.5384615384615384,0.5384615384615384,0.631578947368421,0.5,1.0,0.0,0.0,0.0,0.0,0.57,0.0,1.0,0.0
0,-1,legitimate_ar_EG,train,15,,3166,0.5985,0.40816326530612246,0.625,0.5,1.0,0.0,0.0,0.0,0.0,0.57,0.0,0.0,1.0
0,-1,legitimate_fa_IR,train,15,,5281,0.4705882352941176,0.35294117647058826,0.5714285714285714,0.0,1.0,0.0,0.0,0.0,0.0,0.32153846153846155,0.0,0.0,0.0
0,-1,legitimate_hi_IN,train,15,,2935,0.504,0.358974358974359,0.56,0.3333333333333333,1.0,0.0,0.0,0.0,0.0,0.57,0.0,0.0,1.0
0,-1,legitimate_zh_CN,train,15,,14094,0.8888888888888888,0.8888888888888888,0.8888888888888888,0.5,1.0,0.0,0.0,0.0,0.0,0.54,0.0,1.0,0.0
0,-1,legitimate_ja_JP,train,15,,3670,0.855,0.6666666666666665,0.625,0.3333333333333333,1.0,0.0,0.0,0.0,0.0,0.2,0.0,0.0,0.0
0,-1,legitimate_ko_KR,train,15,,4328,0.4275,0.38095238095238093,0.4,0.0,1.0,0.0,0.0,0.0,0.0,0.57,0.0,1.0,1.0
0,-1,legitimate_tr_TR,train,15,,7622,0.4545454545454546,0.45454545454545453,0.4705882352941176,0.0,1.0,0.0,0.0,0.0,0.0,0.36144578313253023,0.0,0.0,1.0
0,-1,legitimate_id_ID,train,15,,2104,0.5294117647058824,0.5294117647058824,0.5384615384615384,0.0,1.0,0.0,0.0,0.0,0.0,0.855,0.0,0.0,1.0
0,-1,legitimate_en_US,train,15,,4148,0.6705882352941177,0.7058823529411765,0.7058823529411764,0.5,1.0,0.0,0.0,0.36363636363636365,0.0,0.36642857142857144,0.0,1.0,0.0
0,-1,legitimate_en_GB,train,15,,3297,0.855,0.5882352941176471,0.7222222222222221,0.3333333333333333,1.0,0.0,0.0,0.225,0.0,0.3012195121951219,0.0,1.0,1.0
0,-1,legitimate_es_ES,train,15,,5783,0.5767857142857143,0.6071428571428572,0.5217391304347826,0.3333333333333333,1.0,0.0,0.0,0.0,0.0,0.37241379310344835,0.0,1.0,0.0
0,-1,legitimate_fr_FR,train,15,,564,0.855,0.2894736842105263,0.4444444444444444,0.3333333333333333,1.0,0.0,0.0,0.0,0.0,0.855,0.0,0.0,1.0
0,-1,legitimate_de_DE,train,15,,4531,0.5785714285714285,0.37209302325581395,0.6428571428571428,0.5,1.0,0.0,0.0,0.40303030303030296,0.0,0.57,0.0,1.0,1.0
0,-1,legitimate_it_IT,train,15,,15009,0.5,0.5,0.5555555555555556,0.5,1.0,0.0,0.0,0.0,0.0,0.35764705882352943,0.0,0.0,1.0
0,-1,legitimate_pt_BR,train,15,,15861,0.855,0.43478260869565216,0.6666666666666667,0.3333333333333333,1.0,0.0,0.0,0.0,0.0,0.36972972972972973,0.0,0.0,1.0
0,-1,legitimate_ru_RU,train,15,,9673,0.7037037037037037,0.5555555555555556,0.8085106382978724,0.2,1.0,0.0,0.0,0.36642857142857144,0.0,0.6,0.0,1.0,0.0
0,-1,legitimate_uk_UA,train,15,,4107,0.5714285714285714,0.5142857142857143,0.5517241379310345,0.0,1.0,0.0,0.0,0.0,0.0,0.3325,0.0,0.0,1.0
0,-1,legitimate_ar_EG,train,15,,18278,0.855,0.5714285714285715,0.6666666666666667,0.5,1.0,0.0,0.0,0.0,0.0,0.57,0.0,1.0,0.0
0,-1,legitimate_fa_IR,train,15,,1819,0.5625,0.3846153846153846,0.625,0.5,1.0,0.0,0.0,0.26086956521739135,0.0,0.57,0.0,1.0,1.0
0,-1,legitimate_hi_IN,train,15,,2794,0.4489795918367348,0.40816326530612246,0.4545454545454546,0.0,1.0,0.0,0.0,0.0,0.0,0.57,0.0,0.0,1.0
0,-1,legitimate_zh_CN,train,15,,18731,0.855,0.6666666666666665,0.8333333333333335,1.0,1.0,0.0,0.0,0.4545454545454546,0.0,0.57,0.0,1.0,1.0
0,-1,legitimate_ja_JP,train,15,,10001,0.9,0.6666666666666665,1.0,0.5,1.0,0.0,0.0,0.40625,0.0,0.2,0.0,1.0,0.0
0,-1,legitimate_ko_KR,train,15,,3611,0.54,0.20689655172413793,0.6,1.0,1.0,0.0,0.0,0.0,0.0,0.57,0.0,1.0,0.0
0,-1,legitimate_tr_TR,train,15,,5543,0.54,0.3783783783783784,0.6,0.0,1.0,0.0,0.0,0.0,0.0,0.57,0.0,0.0,0.0
0,-1,legitimate_id_ID,train,15,,11474,0.855,0.5555555555555556,0.7,0.5,1.0,0.0,0.0,0.0,0.0,0.45,0.0,1.0,0.0
0,-1,legitimate_en_US,train,15,,228,0.63,0.4242424242424242,0.7,0.0,1.0,0.0,0.0,0.0,0.0,0.57,0.0,0.0,0.0
0,-1,legitimate_en_GB,train,15,,2068,0.5472,0.4615384615384615,0.5384615384615384,0.0,1.0,0.0,0.0,0.285,0.0,0.3345652173913043,0.0,1.0,0.0
0,-1,legitimate_es_ES,train,15,,1945,0.8,0.29629629629629634,0.8888888888888888,0.0,1.0,0.0,0.0,0.0,0.0,0.4275,0.0,0.0,1.0
0,-1,legitimate_fr_FR,train,15,,4790,0.855,0.7692307692307692,0.6875,0.5,1.0,0.0,0.0,0.0,0.0,0.5,0.0,0.0,1.0
0,-1,legitimate_de_DE,train,15,,89,0.7714285714285716,0.31578947368421056,0.8571428571428572,0.0,1.0,0.0,0.0,0.0,0.0,0.228,0.0,0.0,1.0
0,-1,legitimate_it_IT,train,15,,6285,0.855,0.56,0.6896551724137931,0.5,1.0,0.0,0.0,0.0,0.0,0.4378378378378379,0.0,1.0,1.0
0,-1,legitimate_pt_BR,train,15,,7676,0.855,0.8,0.8666666666666667,0.5,1.0,0.0,0.0,0.3272727272727273,0.0,0.426530612244898,0.0,1.0,0.0
0,-1,legitimate_ru_RU,train,15,,3403,0.855,0.43478260869565216,0.4545454545454546,0.2857142857142857,1.0,0.0,0.0,0.0,0.0,0.24,0.0,1.0,1.0
0,-1,legitimate_uk_UA,train,15,,11845,0.6576923076923076,0.5581395348837209,0.6923076923076923,0.5,1.0,0.0,0.0,0.3857142857142858,0.0,0.57,0.0,1.0,0.0
0,-1,legitimate_ar_EG,train,15,,120,0.855,0.7619047619047619,0.7619047619047619,0.5,1.0,0.0,0.0,0.3946153846153846,0.0,0.57,0.0,1.0,0.0
0,-1,legitimate_fa_IR,train,15,,2384,0.6218181818181818,0.5,0.6666666666666667,0.0,1.0,0.0,0.0,0.0,0.0,0.57,0.0,0.0,0.0
0,-1,legitimate_hi_IN,train,15,,17326,0.4903225806451612,0.5161290322580645,0.4545454545454546,0.5,1.0,0.0,0.0,0.27692307692307694,0.0,0.32340425531914896,0.0,1.0,0.0
0,-1,legitimate_zh_CN,train,15,,9828,0.855,0.7272727272727272,0.8571428571428572,0.5,1.0,0.0,0.0,0.4090909090909091,0.0,0.57,0.0,1.0,0.0
0,-1,legitimate_ja_JP,train,15,,3670,0.855,0.6666666666666665,0.625,0.25,1.0,0.0,0.0,0.0,0.0,0.2,0.0,0.0,0.0
0,-1,legitimate_ko_KR,train,15,,89,0.5142857142857142,0.4615384615384615,0.5714285714285714,0.0,1.0,0.0,0.0,0.0,0.0,0.2,0.0,0.0,1.0
0,-1,legitimate_tr_TR,train,15,,12751,0.675,0.6060606060606061,0.75,0.0,1.0,0.0,0.0,0.4222222222222222,0.0,0.31153846153846154,0.0,1.0,1.0
0,-1,legitimate_id_ID,train,15,,9184,0.6260869565217392,0.5294117647058824,0.6956521739130435,0.0,1.0,0.0,0.0,0.0,0.0,0.2,0.0,1.0,0.0
0,-1,legitimate_en_US,train,15,,89,0.6086956521739131,0.6086956521739131,0.6,0.0,1.0,0.0,0.0,0.0,0.0,0.2,0.0,0.0,1.0
0,-1,legitimate_en_GB,train,15,,173,0.855,0.3783783783783784,0.5,0.3333333333333333,1.0,0.0,0.0,0.0,0.0,0.3851351351351351,0.0,1.0,1.0
0,-1,legitimate_es_ES,train,15,,4328,0.46808510638297873,0.425531914893617,0.5238095238095238,0.3333333333333333,1.0,0.0,0.0,0.0,0.0,0.57,0.0,1.0,1.0
0,-1,legitimate_fr_FR,train,15,,9538,0.49137931034482757,0.5172413793103449,0.5945945945945945,0.3333333333333333,1.0,0.0,0.0,0.3109090909090909,0.0,0.2,0.0,1.0,1.0
0,-1,legitimate_de_DE,train,15,,1206,0.855,0.2857142857142857,0.5,0.2,1.0,0.0,0.0,0.0,0.0,0.30000000000000004,0.0,0.0,1.0
0,-1,legitimate_it_IT,train,15,,2627,0.57,0.6,0.4615384615384615,0.5,1.0,0.0,0.0,0.0,0.0,0.57,0.0,1.0,1.0
0,-1,legitimate_pt_BR,train,15,,3989,0.64125,0.6,0.6206896551724138,0.5,1.0,0.0,0.0,0.45,0.0,0.3584905660377359,0.0,1.0,1.0
0,-1,legitimate_ru_RU,train,15,,7482,0.5947826086956521,0.46808510638297873,0.5833333333333333,0.25,1.0,0.0,0.0,0.25,0.0,0.57,0.0,1.0,1.0
0,-1,legitimate_uk_UA,train,15,,8425,0.43846153846153846,0.4615384615384615,0.5454545454545454,0.5,1.0,0.0,0.0,0.0,0.0,0.57,0.0,1.0,0.0
0,-1,legitimate_ar_EG,train,15,,1356,0.6428571428571428,0.6428571428571428,0.72,0.5,1.0,0.0,0.0,0.3870967741935484,0.0,0.3946153846153846,0.0,1.0,1.0
0,-1,legitimate_fa_IR,train,15,,333,0.4275,0.358974358974359,0.41666666666666663,0.5,1.0,0.0,0.0,0.0,0.0,0.57,0.0,0.0,1.0
0,-1,legitimate_hi_IN,train,15,,807,0.4897959183673469,0.40816326530612246,0.5454545454545454,0.0,1.0,0.0,0.0,0.0,0.0,0.57,0.0,0.0,1.0
0,-1,legitimate_zh_CN,train,15,,1335,0.855,0.5,0.5263157894736843,0.3333333333333333,1.0,0.0,0.0,0.0,0.0,0.4067796610169492,0.0,0.0,1.0
0,-1,legitimate_ja_JP,train,15,,14655,0.6857142857142857,0.5625,0.7619047619047619,0.5,1.0,0.0,0.0,0.43478260869565216,0.0,0.57,0.0,1.0,0.0
0,-1,legitimate_ko_KR,train,15,,2903,0.4235294117647059,0.3125,0.4705882352941176,1.0,1.0,0.0,0.0,0.36642857142857144,0.0,0.3375,0.0,1.0,0.0
0,-1,legitimate_tr_TR,train,15,,3724,0.3904109589041096,0.410958904109589,0.40625,0.0,1.0,0.0,0.0,0.0,0.0,0.57,0.0,0.0,0.0
0,-1,legitimate_id_ID,train,15,,15845,0.855,0.31578947368421056,0.5217391304347826,0.4,1.0,0.0,0.0,0.0,0.0,0.3129411764705883,0.0,0.0,0.0
0,-1,legitimate_en_US,train,15,,18331,0.855,0.64,0.5882352941176471,0.5,1.0,0.0,0.0,0.4615384615384615,0.0,0.4,0.0,1.0,0.0
0,-1,legitimate_en_GB,train,15,,9801,0.57,0.41666666666666663,0.5833333333333333,0.5,1.0,0.0,0.0,0.0,0.0,0.3740625,0.0,0.0,1.0
0,-1,legitimate_es_ES,train,15,,5693,0.6,0.631578947368421,0.5806451612903225,0.3333333333333333,1.0,0.0,0.0,0.3272727272727273,0.0,0.4,0.0,1.0,0.0
0,-1,legitimate_fr_FR,train,15,,12750,0.855,0.7142857142857143,0.7058823529411764,0.5,1.0,0.0,0.0,0.36,0.0,0.3367088607594937,0.0,1.0,1.0
0,-1,legitimate_de_DE,train,15,,102,0.5625,0.5454545454545454,0.625,0.3333333333333333,1.0,0.0,0.0,0.0,0.0,0.57,0.0,0.0,1.0
0,-1,legitimate_it_IT,train,15,,1550,0.513,0.5555555555555556,0.5555555555555556,0.3333333333333333,1.0,0.0,0.0,0.36,0.0,0.57,0.0,1.0,1.0
0,-1,legitimate_pt_BR,train,15,,11766,0.5181818181818182,0.5454545454545454,0.4615384615384615,0.5,1.0,0.0,0.0,0.0,0.0,0.36906474820143886,0.0,0.0,0.0
0,-1,legitimate_ru_RU,train,15,,9993,0.676271186440678,0.711864406779661,0.4897959183673469,0.3333333333333333,1.0,0.0,0.0,0.30000000000000004,0.0,0.57,0.0,1.0,1.0
0,-1,legitimate_uk_UA,train,15,,102,0.736842105263158,0.736842105263158,0.8,0.0,1.0,0.0,0.0,0.0,0.0,0.57,0.0,0.0,1.0
0,-1,legitimate_ar_EG,train,15,,9899,0.5142857142857142,0.5142857142857143,0.5,0.5,1.0,0.0,0.0,0.0,0.0,0.57,0.0,1.0,0.0
0,-1,legitimate_fa_IR,train,15,,5169,0.8,0.6153846153846154,0.8888888888888888,0.5,1.0,0.0,0.0,0.0,0.0,0.2,0.0,0.0,0.0
0,-1,legitimate_hi_IN,train,15,,10453,0.45434782608695656,0.4782608695652174,0.4736842105263158,0.3333333333333333,1.0,0.0,0.0,0.27692307692307694,0.0,0.3835616438356164,0.0,1.0,1.0
0,-1,legitimate_zh_CN,train,15,,2757,0.9,0.9,0.9411764705882352,1.0,1.0,0.0,0.0,0.48,0.0,0.57,0.0,1.0,1.0
0,-1,legitimate_ja_JP,train,15,,11768,0.855,0.7619047619047619,0.6923076923076923,0.6,1.0,0.0,0.0,0.0,0.0,0.43606557377049177,0.0,1.0,1.0
0,-1,legitimate_ko_KR,train,15,,1945,0.6545454545454547,0.625,0.7272727272727273,0.0,1.0,0.0,0.0,0.0,0.0,0.3375,0.0,0.0,1.0
0,-1,legitimate_tr_TR,train,15,,725,0.5454545454545454,0.5454545454545454,0.6,0.0,1.0,0.0,0.0,0.4,0.0,0.57,0.0,1.0,0.0
0,-1,legitimate_id_ID,train,15,,7983,0.5925925925925926,0.5925925925925926,0.6086956521739131,0.0,1.0,0.0,0.0,0.0,0.0,0.3873417721518987,0.0,0.0,0.0
0,-1,legitimate_en_US,train,15,,6349,0.855,0.7,0.7,0.5,1.0,0.0,0.0,0.0,0.0,0.4,0.0,1.0,1.0
0,-1,legitimate_en_GB,train,15,,12804,0.6,0.631578947368421,0.6206896551724138,0.3333333333333333,1.0,0.0,0.0,0.45,0.0,0.3325,0.0,1.0,1.0
0,-1,legitimate_es_ES,train,15,,5794,0.855,0.7058823529411765,0.7272727272727273,0.3333333333333333,1.0,0.0,0.0,0.0,0.0,0.42857142857142855,0.0,1.0,1.0
0,-1,legitimate_fr_FR,train,15,,16149,0.9,1.0,1.0,0.5,1.0,0.0,0.0,0.0,0.0,0.57,0.0,0.0,0.0
0,-1,legitimate_de_DE,train,15,,17566,0.6000000000000001,0.4375,0.6666666666666667,0.5,1.0,0.0,0.0,0.0,0.0,0.3257142857142857,0.0,0.0,0.0
0,-1,legitimate_it_IT,train,15,,6944,0.855,0.6363636363636364,0.7333333333333334,0.5,1.0,0.0,0.0,0.3902439024390244,0.0,0.4049999999999999,0.0,1.0,1.0
0,-1,legitimate_pt_BR,train,15,,18284,0.855,0.6666666666666665,0.6666666666666667,0.5,1.0,0.0,0.0,0.32432432432432434,0.0,0.49090909090909085,0.0,1.0,0.0
0,-1,legitimate_ru_RU,train,15,,16010,0.855,0.6666666666666665,0.6666666666666667,0.3333333333333333,1.0,0.0,0.0,0.36363636363636365,0.0,0.57,0.0,1.0,0.0
0,-1,legitimate_uk_UA,train,15,,14957,0.48857142857142855,0.4,0.5333333333333333,0.5,1.0,0.0,0.0,0.0,0.0,0.3380281690140845,0.0,0.0,1.0
0,-1,legitimate_ar_EG,train,15,,11221,0.855,0.5714285714285715,0.7,0.5,1.0,0.0,0.0,0.0,0.0,0.57,0.0,1.0,0.0
0,-1,hard_near_match,train,15,,15546,0.9824561403508771,0.9824561403508772,0.9642857142857143,1.0,1.0,0.0,0.0,0.27586206896551724,0.0,0.5,0.0,1.0,0.0
0,-1,hard_near_match,train,15,,16373,0.9333333333333332,0.9333333333333332,0.9333333333333332,1.0,1.0,0.0,0.0,0.0,0.0,0.3008849557522124,0.0,1.0,0.0
0,-1,hard_near_match,train,15,,308,0.9777777777777777,0.9777777777777777,0.9777777777777777,1.0,1.0,0.0,0.0,0.0,0.0,0.29610389610389615,0.0,1.0,0.0
0,-1,hard_near_match,train,15,,16141,0.8888888888888888,0.8888888888888888,0.8888888888888888,1.0,1.0,0.0,0.0,0.0,0.0,0.57,0.0,1.0,0.0
0,-1,hard_near_match,train,15,,11315,0.9411764705882352,0.9411764705882354,1.0,1.0,1.0,0.0,0.0,0.0,0.0,0.57,0.0,1.0,0.0
0,-1,hard_near_match,train,15,,3192,0.9444444444444444,0.9444444444444444,0.9444444444444444,0.6666666666666666,1.0,0.0,0.0,0.24545454545454543,0.0,0.57,0.0,1.0,0.0
0,-1,hard_near_match,train,15,,5691,0.9855072463768118,0.9855072463768115,0.9705882352941176,1.0,1.0,0.0,0.0,0.0,0.0,0.38202127659574464,0.0,1.0,0.0
0,-1,hard_near_match,train,15,,8137,0.96,0.96,0.96,1.0,1.0,0.0,0.0,0.0,0.0,0.3375,0.0,1.0,0.0
0,-1,hard_near_match,train,15,,11151,0.96,0.96,0.9166666666666665,1.0,1.0,0.0,0.0,0.0,0.0,0.32500000000000007,0.0,1.0,0.0
0,-1,hard_near_match,train,15,,10154,0.9782608695652173,0.9782608695652173,0.9782608695652173,1.0,1.0,0.0,0.0,0.0,0.0,0.27,0.0,1.0,0.0
0,-1,hard_near_match,train,15,,540,0.9787234042553191,0.9787234042553191,0.9565217391304348,1.0,1.0,0.0,0.0,0.2714285714285714,0.0,0.57,0.0,1.0,0.0
0,-1,hard_near_match,train,15,,1806,0.9615384615384616,0.9615384615384616,0.9615384615384616,1.0,1.0,0.0,0.0,0.0,0.0,0.3157894736842105,0.0,1.0,0.0
0,-1,hard_near_match,train,15,,1189,0.9722222222222221,0.9705882352941176,0.9722222222222221,1.0,1.0,0.0,0.0,0.0,0.0,0.3672268907563025,0.0,1.0,0.0
0,-1,hard_near_match,train,15,,5336,0.962962962962963,0.9629629629629629,0.96,0.6666666666666666,1.0,0.0,0.0,0.0,0.0,0.2,0.0,1.0,0.0
0,-1,hard_near_match,train,15,,3297,0.967741935483871,0.967741935483871,0.967741935483871,1.0,1.0,0.0,0.0,0.2857142857142857,0.0,0.35764705882352943,0.0,1.0,0.0
0,-1,hard_near_match,train,15,,11051,0.75,0.75,0.8571428571428572,0.0,1.0,0.0,0.0,0.0,0.0,0.31666666666666665,0.0,1.0,0.0
0,-1,hard_near_match,train,15,,6414,0.6923076923076923,0.42857142857142855,0.7692307692307692,1.0,1.0,0.0,0.0,0.0,0.0,0.45,0.0,0.0,0.0
0,-1,hard_near_match,train,15,,3836,0.9642857142857143,0.9642857142857143,0.9642857142857143,1.0,1.0,0.0,0.0,0.2222222222222222,0.0,0.2,0.0,1.0,0.0
0,-1,hard_near_match,train,15,,11324,0.9333333333333332,0.9333333333333332,1.0,0.5,1.0,0.0,0.0,0.0,0.0,0.2,0.0,1.0,0.0
0,-1,hard_near_match,train,15,,7553,0.9583333333333335,0.9583333333333333,0.9583333333333335,0.8,1.0,0.0,0.0,0.0,0.0,0.4130434782608695,0.0,1.0,0.0
0,-1,hard_near_match,train,15,,4964,0.9565217391304348,0.9565217391304348,0.9565217391304348,1.0,1.0,0.0,0.0,0.0,0.0,0.342,0.0,1.0,0.0
0,-1,hard_near_match,train,15,,12520,0.9411764705882352,0.9411764705882354,0.9411764705882352,0.6666666666666666,1.0,0.0,0.0,0.30000000000000004,0.0,0.57,0.0,1.0,0.0
0,-1,hard_near_match,train,15,,16417,0.9777777777777777,0.9777777777777777,0.9777777777777777,1.0,1.0,0.0,0.0,0.0,0.0,0.37173913043478257,0.0,1.0,0.0
0,-1,hard_near_match,train,15,,12973,0.962962962962963,0.9629629629629629,0.923076923076923,1.0,1.0,0.0,0.0,0.36363636363636365,0.0,0.57,0.0,1.0,0.0
0,-1,hard_near_match,train,15,,9953,0.962962962962963,0.9629629629629629,0.9811320754716981,1.0,1.0,0.0,0.0,0.0,0.0,0.45,0.0,1.0,0.0
0,-1,hard_near_match,train,15,,5481,0.9743589743589743,0.9743589743589743,0.9473684210526316,1.0,1.0,0.0,0.0,0.24,0.0,0.35423728813559324,0.0,1.0,0.0
0,-1,hard_near_match,train,15,,7837,0.9655172413793103,0.9655172413793103,0.9285714285714286,1.0,1.0,0.0,0.0,0.0,0.0,0.2,0.0,1.0,0.0
0,-1,hard_near_match,train,15,,14660,0.9,0.9,0.9,0.5,1.0,0.0,0.0,0.0,0.0,0.57,0.0,1.0,0.0
0,-1,hard_near_match,train,15,,6522,0.923076923076923,0.923076923076923,1.0,1.0,1.0,0.0,0.0,0.0,0.0,0.57,0.0,1.0,0.0
0,-1,hard_near_match,train,15,,1967,0.972972972972973,0.9729729729729729,1.0,1.0,1.0,0.0,0.0,0.2222222222222222,0.0,0.57,0.0,1.0,0.0
0,-1,hard_near_match,train,15,,4322,0.9642857142857143,0.9642857142857143,0.9642857142857143,1.0,1.0,0.0,0.0,0.0,0.0,0.34615384615384615,0.0,1.0,0.0
0,-1,hard_near_match,train,15,,11397,0.9615384615384616,0.9615384615384616,0.9615384615384616,1.0,1.0,0.0,0.0,0.0,0.0,0.2863636363636364,0.0,1.0,0.0
0,-1,hard_near_match,train,15,,18130,0.9830508474576272,0.9830508474576272,0.9655172413793103,1.0,1.0,0.0,0.0,0.0,0.0,0.3489795918367347,0.0,1.0,0.0
0,-1,hard_near_match,train,15,,2507,0.9285714285714286,0.9285714285714286,0.962962962962963,0.6666666666666666,1.0,0.0,0.0,0.0,0.0,0.30735294117647055,0.0,1.0,0.0
0,-1,hard_near_match,train,15,,1427,0.9836065573770492,0.9836065573770492,0.9666666666666667,0.75,1.0,0.0,0.0,0.24428571428571427,0.0,0.34408602150537637,0.0,1.0,0.0
0,-1,hard_near_match,train,15,,6324,0.9859154929577465,0.9859154929577465,0.9714285714285714,0.8,1.0,0.0,0.0,0.0,0.0,0.35348837209302325,0.0,1.0,0.0
0,-1,hard_near_match,train,15,,10876,0.9850746268656717,0.9850746268656717,0.9846153846153847,0.8,1.0,0.0,0.0,0.0,0.0,0.365625,0.0,1.0,0.0
0,-1,hard_near_match,train,15,,1940,0.962962962962963,0.9583333333333333,0.962962962962963,1.0,1.0,0.0,0.0,0.25,0.0,0.57,0.0,1.0,0.0
0,-1,hard_near_match,train,15,,8274,0.967741935483871,0.967741935483871,0.967741935483871,0.6666666666666666,1.0,0.0,0.0,0.0,0.0,0.57,0.0,1.0,0.0
0,-1,hard_near_match,train,15,,1442,0.967741935483871,0.967741935483871,0.9333333333333332,1.0,1.0,0.0,0.0,0.0,0.0,0.2375,0.0,1.0,0.0
0,-1,hard_near_match,train,15,,12652,0.9705882352941176,0.9705882352941176,0.9705882352941176,1.0,1.0,0.0,0.0,0.0,0.0,0.38,0.0,1.0,0.0
0,-1,hard_near_match,train,15,,4230,0.9811320754716981,0.9811320754716981,0.9615384615384616,1.0,1.0,0.0,0.0,0.0,0.0,0.3287671232876712,0.0,1.0,0.0
0,-1,hard_near_match,train,15,,515,0.989247311827957,0.9885057471264368,0.9782608695652173,0.8571428571428571,1.0,0.0,0.0,0.36,0.0,0.2,0.0,1.0,0.0
0,-1,hard_near_match,train,15,,9881,0.9818181818181819,0.9818181818181819,0.962962962962963,1.0,1.0,0.0,0.0,0.0,0.0,0.40714285714285714,0.0,1.0,0.0
0,-1,hard_near_match,train,15,,18550,0.96875,0.96875,0.96875,0.75,1.0,0.0,0.0,0.0,0.0,0.33413793103448275,0.0,1.0,0.0
0,-1,hard_near_match,train,15,,13350,0.9846153846153847,0.9846153846153847,0.96875,1.0,1.0,0.0,0.0,0.0,0.0,0.31935483870967746,0.0,1.0,0.0
0,-1,hard_near_match,train,15,,15260,0.9863013698630136,0.9863013698630136,0.9722222222222221,1.0,1.0,0.0,0.0,0.0,0.0,0.3238636363636364,0.0,1.0,0.0
0,-1,hard_near_match,train,15,,14051,0.9615384615384616,0.9615384615384616,0.9615384615384616,1.0,1.0,0.0,0.0,0.4666666666666668,0.0,0.57,0.0,1.0,0.0
0,-1,hard_near_match,train,15,,3339,0.9523809523809522,0.9523809523809524,0.9,1.0,1.0,0.0,0.0,0.0,0.0,0.41707317073170735,0.0,1.0,0.0
0,-1,hard_near_match,train,15,,15223,0.9090909090909091,0.9090909090909091,0.8888888888888888,0.5,1.0,0.0,0.0,0.0,0.0,0.2,0.0,1.0,0.0
0,-1,hard_near_match,train,15,,10078,0.967741935483871,0.967741935483871,1.0,1.0,1.0,0.0,0.0,0.0,0.0,0.3375,0.0,1.0,0.0
0,-1,hard_near_match,train,15,,15263,0.9772727272727273,0.9772727272727273,0.9772727272727273,0.8,1.0,0.0,0.0,0.0,0.0,0.2780487804878049,0.0,1.0,0.0
0,-1,hard_near_match,train,15,,16002,0.923076923076923,0.923076923076923,0.923076923076923,1.0,1.0,0.0,0.0,0.0,0.0,0.2,0.0,1.0,0.0
0,-1,hard_near_match,train,15,,3317,0.9375,0.9375,0.9375,0.6666666666666666,1.0,0.0,0.0,0.0,0.0,0.3846153846153846,0.0,1.0,0.0
0,-1,hard_near_match,train,15,,13418,0.9782608695652173,0.9782608695652173,0.9782608695652173,1.0,1.0,0.0,0.0,0.0,0.0,0.3137254901960784,0.0,1.0,0.0
0,-1,hard_near_match,train,15,,9002,0.9811320754716981,0.9811320754716981,0.9615384615384616,1.0,1.0,0.0,0.0,0.0,0.0,0.2,0.0,1.0,0.0
0,-1,hard_near_match,train,15,,14795,0.9473684210526316,0.9473684210526315,0.9473684210526316,0.6666666666666666,1.0,0.0,0.0,0.0,0.0,0.3057471264367817,0.0,1.0,0.0
0,-1,hard_near_match,train,15,,9599,0.9818181818181819,0.9818181818181819,0.962962962962963,0.6666666666666666,1.0,0.0,0.0,0.0,0.0,0.225,0.0,1.0,0.0
0,-1,hard_near_match,train,15,,9219,0.9642857142857143,0.9642857142857143,0.9818181818181819,1.0,1.0,0.0,0.0,0.0,0.0,0.45,0.0,1.0,0.0
0,-1,hard_near_match,train,15,,7582,0.9,0.9,0.9,1.0,1.0,0.0,0.0,0.0,0.0,0.2,0.0,1.0,0.0
0,-1,hard_near_match,train,15,,221,0.95,0.95,0.95,0.6666666666666666,1.0,0.0,0.0,0.41860465116279066,0.0,0.57,0.0,1.0,0.0
0,-1,hard_near_match,train,15,,16575,0.9743589743589743,0.9743589743589743,0.972972972972973,1.0,1.0,0.0,0.0,0.0,0.0,0.3214285714285714,0.0,1.0,0.0
0,-1,hard_near_match,train,15,,5215,0.9090909090909091,0.9090909090909091,0.9090909090909091,1.0,1.0,0.0,0.0,0.0,0.0,0.57,0.0,1.0,0.0
0,-1,hard_near_match,train,15,,8648,0.9787234042553191,0.9787234042553191,0.9565217391304348,0.6666666666666666,1.0,0.0,0.0,0.0,0.0,0.57,0.0,1.0,0.0
0,-1,hard_near_match,train,15,,902,0.98,0.98,0.98,0.8333333333333334,1.0,0.0,0.0,0.0,0.0,0.33333333333333337,0.0,1.0,0.0
0,-1,hard_near_match,train,15,,10338,0.9473684210526316,0.9473684210526315,0.9473684210526316,1.0,1.0,0.0,0.0,0.3789473684210526,0.0,0.57,0.0,1.0,0.0
0,-1,hard_near_match,train,15,,12371,0.9761904761904762,0.9761904761904762,0.9761904761904762,1.0,1.0,0.0,0.0,0.0,0.0,0.37677966101694915,0.0,1.0,0.0
0,-1,hard_near_match,train,15,,16210,0.9818181818181819,0.9818181818181819,0.962962962962963,0.8,1.0,0.0,0.0,0.0,0.0,0.3571428571428571,0.0,1.0,0.0
0,-1,hard_near_match,train,15,,17154,0.9767441860465115,0.9767441860465117,0.9523809523809522,1.0,1.0,0.0,0.0,0.0,0.0,0.3638297872340425,0.0,1.0,0.0
0,-1,hard_near_match,train,15,,16759,0.9411764705882352,0.9411764705882354,0.9411764705882352,1.0,1.0,0.0,0.0,0.0,0.0,0.3471074380165289,0.0,1.0,0.0
0,-1,hard_near_match,train,15,,13200,0.9285714285714286,0.9285714285714286,0.9285714285714286,0.5,1.0,0.0,0.0,0.0,0.0,0.33645833333333336,0.0,1.0,0.0
0,-1,hard_near_match,train,15,,17327,0.9811320754716981,0.9811320754716981,0.9615384615384616,1.0,1.0,0.0,0.0,0.3214285714285714,0.0,0.4023529411764706,0.0,1.0,0.0
0,-1,hard_near_match,train,15,,15305,0.967741935483871,0.967741935483871,0.967741935483871,1.0,1.0,0.0,0.0,0.0,0.0,0.34285714285714286,0.0,1.0,0.0
0,-1,hard_near_match,train,15,,12356,0.9863013698630136,0.9863013698630136,0.9722222222222221,1.0,1.0,0.0,0.0,0.0,0.0,0.35888888888888887,0.0,1.0,0.0
0,-1,hard_near_match,train,15,,13039,0.9921259842519686,0.9921259842519684,0.9841269841269842,0.8333333333333334,1.0,0.0,0.0,0.0,0.0,0.3298969072164949,0.0,1.0,0.0
0,-1,hard_near_match,train,15,,18037,0.9523809523809522,0.9523809523809524,1.0,0.5,1.0,0.0,0.0,0.2222222222222222,0.0,0.57,0.0,1.0,0.0
0,-1,hard_near_match,train,15,,1881,0.9523809523809522,0.9523809523809524,0.9523809523809522,0.75,1.0,0.0,0.0,0.0,0.0,0.48857142857142855,0.0,1.0,0.0
0,-1,hard_near_match,train,15,,3204,0.675,0.4,0.75,0.0,1.0,0.0,0.0,0.0,0.0,0.57,0.0,0.0,0.0
0,-1,hard_near_match,train,15,,15856,0.9642857142857143,0.9642857142857143,0.9642857142857143,1.0,1.0,0.0,0.0,0.0,0.0,0.33529411764705885,0.0,1.0,0.0
0,-1,hard_near_match,train,15,,17065,0.96875,0.96875,0.96875,1.0,1.0,0.0,0.0,0.0,0.0,0.35136986301369866,0.0,1.0,0.0
0,-1,hard_near_match,train,15,,15183,0.967741935483871,0.967741935483871,0.9333333333333332,1.0,1.0,0.0,0.0,0.0,0.0,0.2982558139534883,0.0,1.0,0.0
0,-1,hard_near_match,train,15,,16090,0.8571428571428572,0.8571428571428571,1.0,1.0,1.0,0.0,0.0,0.0,0.0,0.2,0.0,1.0,0.0
0,-1,hard_near_match,train,15,,2735,0.9791666666666665,1.0,0.9791666666666665,0.9090909090909091,1.0,0.0,0.0,0.0,0.0,0.2684782608695652,0.0,1.0,0.0
0,-1,hard_near_match,train,15,,18480,0.9795918367346939,0.9795918367346939,0.9583333333333335,0.6666666666666666,1.0,0.0,0.0,0.0,0.0,0.3348837209302326,0.0,1.0,0.0
0,-1,hard_near_match,train,15,,5719,0.9523809523809522,0.9523809523809524,0.975609756097561,0.6666666666666666,1.0,0.0,0.0,0.0,0.0,0.35,1.0,1.0,0.0
0,-1,hard_near_match,train,15,,362,0.9803921568627451,0.9803921568627452,0.9795918367346939,1.0,1.0,0.0,0.0,0.0,0.0,0.57,0.0,1.0,0.0
0,-1,hard_near_match,train,15,,1412,0.9523809523809522,0.9523809523809524,0.9523809523809522,0.6666666666666666,1.0,0.0,0.0,0.0,0.0,0.3272727272727273,0.0,1.0,0.0
0,-1,hard_near_match,train,15,,5833,0.9811320754716981,0.9811320754716981,0.9615384615384616,1.0,1.0,0.0,0.0,0.2857142857142857,0.0,0.57,0.0,1.0,0.0
0,-1,hard_near_match,train,15,,2795,0.9896907216494846,0.987012987012987,0.9791666666666665,1.0,1.0,0.0,0.0,0.3272727272727273,0.0,0.57,0.0,1.0,0.0
0,-1,hard_near_match,train,15,,5596,0.9722222222222221,0.9722222222222223,0.9722222222222221,0.75,1.0,0.0,0.0,0.0,0.0,0.855,0.0,1.0,0.0
0,-1,hard_near_match,train,15,,3478,0.9902912621359223,0.9902912621359223,0.9803921568627451,1.0,1.0,0.0,0.0,0.0,0.0,0.29555555555555557,0.0,1.0,0.0
0,-1,hard_near_match,train,15,,16630,0.9787234042553191,0.9787234042553191,0.9565217391304348,1.0,1.0,0.0,0.0,0.0,0.0,0.36774193548387096,0.0,1.0,0.0
0,-1,hard_near_match,train,15,,6867,0.9787234042553191,0.9787234042553191,0.9565217391304348,0.6666666666666666,1.0,0.0,0.0,0.3857142857142858,0.0,0.39899999999999997,0.0,1.0,0.0
0,-1,hard_near_match,train,15,,11544,0.9949238578680203,0.9949238578680203,0.989795918367347,1.0,1.0,0.0,0.0,0.0,0.0,0.38383838383838387,0.0,1.0,0.0
0,-1,hard_near_match,train,15,,3323,0.9375,0.9375,0.9375,0.75,1.0,0.0,0.0,0.36642857142857144,0.0,0.2,0.0,1.0,0.0
0,-1,hard_near_match,train,15,,2298,0.9523809523809522,0.9523809523809524,0.9523809523809522,0.75,1.0,0.0,0.0,0.0,0.0,0.3906542056074766,0.0,1.0,0.0
0,-1,hard_near_match,train,15,,15205,0.9841269841269842,0.9841269841269842,0.967741935483871,1.0,1.0,0.0,0.0,0.17142857142857143,0.0,0.57,0.0,1.0,0.0
0,-1,hard_near_match,train,15,,19029,0.9666666666666667,0.9666666666666667,0.9666666666666667,0.75,1.0,0.0,0.0,0.17099999999999999,0.0,0.2,0.0,1.0,0.0
0,-1,hard_near_match,train,15,,11518,0.9285714285714286,0.9285714285714286,0.9285714285714286,1.0,1.0,0.0,0.0,0.0,0.0,0.33928571428571425,0.0,1.0,0.0
0,-1,hard_near_match,train,15,,3675,0.9166666666666665,0.9166666666666667,0.9166666666666665,1.0,1.0,0.0,0.0,0.0,0.0,0.57,0.0,1.0,0.0
0,-1,hard_near_match,train,15,,679,0.96,0.96,0.9166666666666665,1.0,1.0,0.0,0.0,0.0,0.0,0.3325,0.0,1.0,0.0
0,-1,hard_near_match,train,15,,1414,0.9830508474576272,0.9830508474576272,0.9655172413793103,1.0,1.0,0.0,0.0,0.0,0.0,0.3448275862068966,0.0,1.0,0.0
0,-1,hard_near_match,train,15,,13988,0.9565217391304348,0.9565217391304348,0.9523809523809522,1.0,1.0,0.0,0.0,0.0,0.0,0.3373831775700935,0.0,1.0,0.0
0,-1,hard_near_match,train,15,,14711,0.967741935483871,0.967741935483871,0.9655172413793103,1.0,1.0,0.0,0.0,0.0,0.0,0.38,0.0,1.0,0.0
0,-1,hard_near_match,train,15,,8313,0.9795918367346939,0.9795918367346939,0.9583333333333335,1.0,1.0,0.0,0.0,0.17391304347826086,0.0,0.2,0.0,1.0,0.0
0,-1,hard_near_match,train,15,,13132,0.9777777777777777,0.9777777777777777,0.9777777777777777,1.0,1.0,0.0,0.0,0.0,0.0,0.4090909090909091,0.0,1.0,0.0
0,-1,hard_near_match,train,15,,1737,0.9285714285714286,0.9285714285714286,0.9285714285714286,1.0,1.0,0.0,0.0,0.4,0.0,0.2,0.0,1.0,0.0
0,-1,hard_near_match,train,15,,19112,0.9824561403508771,0.9824561403508772,0.9818181818181819,1.0,1.0,0.0,0.0,0.0,0.0,0.32048192771084333,0.0,1.0,0.0
0,-1,hard_near_match,train,15,,15343,0.9855072463768118,0.9855072463768115,0.9705882352941176,1.0,1.0,0.0,0.0,0.0,0.0,0.3540983606557377,0.0,1.0,0.0
0,-1,hard_near_match,train,15,,3903,0.96,0.96,0.9166666666666665,1.0,1.0,0.0,0.0,0.0,0.0,0.30952380952380953,0.0,1.0,0.0
0,-1,hard_near_match,train,15,,9511,0.9565217391304348,0.9565217391304348,0.9090909090909091,0.5,1.0,0.0,0.0,0.27586206896551724,0.0,0.2,0.0,1.0,0.0
0,-1,hard_near_match,train,15,,7220,0.989010989010989,0.989010989010989,0.9777777777777777,1.0,1.0,0.0,0.0,0.0,0.0,0.3375,0.0,1.0,0.0
0,-1,hard_near_match,train,15,,11572,1.0,1.0,1.0,1.0,1.0,0.0,0.0,0.0,0.0,0.37073170731707317,0.0,1.0,0.0
0,-1,hard_near_match,train,15,,13089,0.9841269841269842,0.9841269841269842,0.967741935483871,0.75,1.0,0.0,0.0,0.0,0.0,0.3386138613861386,0.0,1.0,0.0
0,-1,hard_near_match,train,15,,1283,0.96,0.96,0.96,0.6666666666666666,1.0,0.0,0.0,0.0,0.0,0.3204819277108434,0.0,1.0,0.0
0,-1,hard_near_match,train,15,,8217,0.9811320754716981,0.9811320754716981,0.9615384615384616,0.75,1.0,0.0,0.0,0.0,0.0,0.34545454545454546,0.0,1.0,0.0
0,-1,hard_near_match,train,15,,14759,0.99581589958159,0.9954337899543378,1.0,0.9230769230769231,1.0,0.0,0.0,0.0,0.0,0.31666666666666665,0.0,1.0,0.0
0,-1,hard_near_match,train,15,,979,0.9830508474576272,0.9830508474576272,0.9655172413793103,1.0,1.0,0.0,0.0,0.3571428571428571,0.0,0.57,0.0,1.0,0.0
0,-1,hard_near_match,train,15,,9000,0.9523809523809522,0.9523809523809524,0.9,1.0,1.0,0.0,0.0,0.0,0.0,0.2,0.0,1.0,0.0
0,-1,hard_near_match,train,15,,11555,0.9876543209876543,0.9876543209876543,0.975,1.0,1.0,0.0,0.0,0.0,0.0,0.3911764705882353,0.0,1.0,0.0
0,-1,hard_near_match,train,15,,3561,0.9767441860465115,0.9767441860465117,0.9523809523809522,0.75,1.0,0.0,0.0,0.0,0.0,0.3375,0.0,1.0,0.0
0,-1,hard_near_match,train,15,,17508,0.9824561403508771,0.9824561403508772,0.9818181818181819,0.75,1.0,0.0,0.0,0.320625,0.0,0.3028985507246377,0.0,1.0,0.0
0,-1,hard_near_match,train,15,,2575,0.96,0.96,0.9166666666666665,1.0,1.0,0.0,0.0,0.0,0.0,0.57,0.0,1.0,0.0
0,-1,hard_near_match,train,15,,2368,0.8333333333333335,0.8333333333333333,0.8333333333333335,0.5,1.0,0.0,0.0,0.0,0.0,0.57,0.0,1.0,0.0
0,-1,hard_near_match,train,15,,12386,0.96,0.96,0.96,1.0,1.0,0.0,0.0,0.25147058823529406,0.0,0.3375,0.0,1.0,0.0
0,-1,hard_near_match,train,15,,11069,0.9411764705882352,0.9411764705882354,0.9411764705882352,0.6666666666666666,1.0,0.0,0.0,0.0,0.0,0.34615384615384615,0.0,1.0,0.0
0,-1,hard_near_match,train,15,,9454,0.9777777777777777,0.9777777777777777,0.9545454545454546,1.0,1.0,0.0,0.0,0.0,0.0,0.57,0.0,1.0,0.0
0,-1,hard_near_match,train,15,,8341,0.9565217391304348,0.9565217391304348,0.9565217391304348,1.0,1.0,0.0,0.0,0.2962962962962963,0.0,0.2,0.0,1.0,0.0
0,-1,hard_near_match,train,15,,16857,0.962962962962963,0.9629629629629629,0.962962962962963,0.75,1.0,0.0,0.0,0.0,0.0,0.32098765432098764,0.0,1.0,0.0
0,-1,hard_near_match,train,15,,9240,0.9879518072289156,0.9879518072289157,0.975609756097561,1.0,1.0,0.0,0.0,0.0,0.0,0.3764150943396226,0.0,1.0,0.0
0,-1,hard_near_match,train,15,,733,0.9855072463768118,0.9841269841269842,0.9705882352941176,1.0,1.0,0.0,0.0,0.0,0.0,0.2,0.0,1.0,0.0
0,-1,hard_near_match,train,15,,12065,0.923076923076923,0.923076923076923,0.96,0.5,1.0,0.0,0.0,0.24,0.0,0.34698795180722897,0.0,1.0,0.0
0,-1,hard_near_match,train,15,,16882,1.0,1.0,1.0,1.0,1.0,0.0,0.0,0.27586206896551724,0.0,0.475,0.0,1.0,0.0
0,-1,hard_near_match,train,15,,4420,0.9666666666666667,0.9666666666666667,0.9666666666666667,1.0,1.0,0.0,0.0,0.0,0.0,0.6000000000000001,0.0,1.0,0.0
0,-1,hard_near_match,train,15,,9779,0.6218181818181818,0.34782608695652173,0.6666666666666667,1.0,1.0,0.0,0.0,0.0,0.0,0.3057471264367817,0.0,0.0,1.0
0,-1,hard_near_match,train,15,,4898,0.962962962962963,0.9629629629629629,0.962962962962963,0.6666666666666666,1.0,0.0,0.0,0.37173913043478257,0.0,0.57,0.0,1.0,0.0
0,-1,hard_near_match,train,15,,17259,0.9666666666666667,0.9666666666666667,0.9666666666666667,1.0,1.0,0.0,0.0,0.3375,0.0,0.33928571428571425,0.0,1.0,0.0
0,-1,hard_near_match,train,15,,289,0.96,0.96,0.9166666666666665,1.0,1.0,0.0,0.0,0.0,0.0,0.375,0.0,1.0,0.0
0,-1,hard_near_match,train,15,,9895,0.9583333333333335,0.9583333333333333,0.9583333333333335,0.3333333333333333,1.0,0.0,0.0,0.0,0.0,0.384,0.0,1.0,0.0
0,-1,hard_near_match,train,15,,11622,0.9767441860465115,0.9767441860465117,0.975609756097561,1.0,1.0,0.0,0.0,0.0,0.0,0.31666666666666665,0.0,1.0,0.0
0,-1,hard_near_match,train,15,,13077,0.923076923076923,0.923076923076923,0.923076923076923,0.5,1.0,0.0,0.0,0.0,0.0,0.57,0.0,1.0,0.0
0,-1,hard_near_match,train,15,,13410,0.9655172413793103,0.9655172413793103,0.9655172413793103,1.0,1.0,0.0,0.0,0.0,0.0,0.57,0.0,1.0,0.0
0,-1,hard_near_match,train,15,,11486,0.9714285714285714,0.9714285714285714,0.9696969696969697,1.0,1.0,0.0,0.0,0.3857142857142858,0.0,0.57,0.0,1.0,0.0
0,-1,hard_near_match,train,15,,13911,0.9736842105263157,0.9736842105263157,0.9736842105263157,0.8333333333333334,1.0,0.0,0.0,0.0,0.0,0.38,0.0,1.0,0.0
0,-1,hard_near_match,train,15,,8908,0.989010989010989,0.989010989010989,1.0,1.0,1.0,0.0,0.0,0.0,0.0,0.3,0.0,1.0,0.0
0,-1,hard_near_match,train,15,,10644,0.9583333333333335,0.9583333333333333,0.9583333333333335,1.0,1.0,0.0,0.0,0.36,0.0,0.36,0.0,1.0,0.0
0,-1,hard_near_match,train,15,,19127,0.9473684210526316,0.9473684210526315,0.9473684210526316,1.0,1.0,0.0,0.0,0.0,0.0,0.2,0.0,1.0,0.0
0,-1,hard_near_match,train,15,,17477,0.9090909090909091,0.9090909090909091,1.0,1.0,1.0,0.0,0.0,0.0,0.0,0.57,0.0,1.0,0.0
0,-1,hard_near_match,train,15,,10480,0.9868421052631579,0.986842105263158,0.9868421052631579,1.0,1.0,0.0,0.0,0.0,0.0,0.31232876712328766,0.0,1.0,0.0
0,-1,hard_near_match,train,15,,12201,0.967741935483871,0.967741935483871,0.967741935483871,1.0,1.0,0.0,0.0,0.0,0.0,0.35888888888888887,0.0,1.0,0.0
0,-1,hard_near_match,train,15,,14582,0.9473684210526316,0.9473684210526315,0.8888888888888888,1.0,1.0,0.0,0.0,0.36642857142857144,0.0,0.30000000000000004,0.0,1.0,0.0
0,-1,hard_near_match,train,15,,13759,0.972972972972973,0.9729729729729729,0.9444444444444444,1.0,1.0,0.0,0.0,0.0,0.0,0.2886075949367089,0.0,1.0,0.0
0,-1,hard_near_match,train,15,,9983,0.7714285714285716,0.48,0.8571428571428572,1.0,1.0,0.0,0.0,0.0,0.0,0.34782608695652173,0.0,0.0,1.0
0,-1,hard_near_match,train,15,,461,0.975609756097561,0.975609756097561,0.95,1.0,1.0,0.0,0.0,0.375,0.0,0.2,0.0,1.0,0.0
0,-1,hard_near_match,train,15,,301,0.9666666666666667,0.9666666666666667,0.9666666666666667,1.0,1.0,0.0,0.0,0.0,0.0,0.35494505494505496,0.0,1.0,0.0
0,-1,hard_near_match,train,15,,12179,0.9375,0.9375,0.9375,0.6666666666666666,1.0,0.0,0.0,0.0,0.0,0.35764705882352943,0.0,1.0,0.0
0,-1,hard_near_match,train,15,,11726,0.9811320754716981,0.9811320754716981,0.9615384615384616,1.0,1.0,0.0,0.0,0.4,0.0,0.57,0.0,1.0,0.0
0,-1,hard_near_match,train,15,,16521,0.962962962962963,0.9629629629629629,0.962962962962963,0.6666666666666666,1.0,0.0,0.0,0.0,0.0,0.3235135135135135,0.0,1.0,0.0
0,-1,hard_near_match,train,15,,11631,0.989247311827957,0.989247311827957,0.9782608695652173,1.0,1.0,0.0,0.0,0.0,0.0,0.3257142857142858,0.0,1.0,0.0
0,-1,hard_near_match,train,15,,18133,0.972972972972973,0.9729729729729729,0.9714285714285714,1.0,1.0,0.0,0.0,0.0,0.0,0.2831858407079646,0.0,1.0,0.0
0,-1,hard_near_match,train,15,,2717,0.9655172413793103,0.9655172413793103,0.9285714285714286,1.0,1.0,0.0,0.0,0.23076923076923073,0.0,0.2,0.0,1.0,0.0
0,-1,hard_near_match,train,15,,10401,0.8888888888888888,0.8888888888888888,0.9411764705882352,0.5,1.0,0.0,0.0,0.0,0.0,0.57,0.0,1.0,0.0
0,-1,hard_near_match,train,15,,12369,0.972972972972973,0.9729729729729729,1.0,1.0,1.0,0.0,0.0,0.0,0.0,0.30952380952380953,0.0,1.0,0.0
0,-1,hard_near_match,train,15,,13498,0.9824561403508771,0.9824561403508772,0.9824561403508771,1.0,1.0,0.0,0.0,0.0,0.0,0.30731707317073165,0.0,1.0,0.0
0,-1,hard_near_match,train,15,,13608,1.0,1.0,1.0,1.0,1.0,0.0,0.0,0.0,0.0,0.57,0.0,1.0,0.0
0,-1,hard_near_match,train,15,,6857,0.9811320754716981,0.9811320754716981,1.0,0.6666666666666666,1.0,0.0,0.0,0.0,0.0,0.27,0.0,1.0,0.0
0,-1,hard_near_match,train,15,,12734,0.9885057471264368,0.9885057471264368,1.0,1.0,1.0,0.0,0.0,0.0,0.0,0.3818181818181818,0.0,1.0,0.0
0,-1,hard_near_match,train,15,,12919,0.9615384615384616,0.9615384615384616,0.9615384615384616,1.0,1.0,0.0,0.0,0.0,0.0,0.2814814814814815,0.0,1.0,0.0
0,-1,hard_near_match,train,15,,754,0.8,0.4444444444444444,0.8888888888888888,0.0,1.0,0.0,0.0,0.0,0.0,0.3317460317460318,0.0,0.0,0.0
0,-1,hard_near_match,train,15,,16456,0.9714285714285714,0.9714285714285714,0.9714285714285714,0.75,1.0,0.0,0.0,0.0,0.0,0.3313953488372093,0.0,1.0,0.0
0,-1,hard_near_match,train,15,,15401,0.9285714285714286,0.9285714285714286,0.9285714285714286,1.0,1.0,0.0,0.0,0.0,0.0,0.3340659340659341,0.0,1.0,0.0
0,-1,hard_near_match,train,15,,5648,0.96,0.96,0.96,1.0,1.0,0.0,0.0,0.342,0.0,0.2,0.0,1.0,0.0
0,-1,hard_near_match,train,15,,761,0.9803921568627451,0.9803921568627452,0.96,1.0,1.0,0.0,0.0,0.0,0.0,0.3653846153846153,0.0,1.0,0.0
0,-1,hard_near_match,train,15,,13390,0.9902912621359223,0.9902912621359223,0.9803921568627451,1.0,1.0,0.0,0.0,0.0,0.0,0.31707317073170727,0.0,1.0,0.0
0,-1,hard_near_match,train,15,,6302,0.95,0.95,0.9743589743589743,1.0,1.0,0.0,0.0,0.2857142857142857,0.0,0.2,0.0,1.0,0.0
0,-1,hard_near_match,train,15,,13793,0.9565217391304348,0.9565217391304348,0.9090909090909091,1.0,1.0,0.0,0.0,0.0,0.0,0.34,0.0,1.0,0.0
0,-1,hard_near_match,train,15,,674,0.9565217391304348,0.9565217391304348,0.9523809523809522,1.0,1.0,0.0,0.0,0.3857142857142858,0.0,0.315,0.0,1.0,0.0
0,-1,hard_near_match,train,15,,15950,0.9846153846153847,0.9846153846153847,0.96875,1.0,1.0,0.0,0.0,0.0,0.0,0.2918918918918919,0.0,1.0,0.0
0,-1,hard_near_match,train,15,,9027,0.967741935483871,0.967741935483871,0.9333333333333332,0.6666666666666666,1.0,0.0,0.0,0.0,0.0,0.4,0.0,1.0,0.0
0,-1,hard_near_match,train,15,,18320,0.9655172413793103,1.0,0.9285714285714286,1.0,1.0,0.0,0.0,0.0,0.0,0.2772972972972973,0.0,1.0,0.0
0,-1,hard_near_match,train,15,,2984,0.6428571428571429,0.26086956521739124,0.7142857142857143,0.0,1.0,0.0,0.0,0.0,0.0,0.4242424242424242,0.0,1.0,1.0
0,-1,hard_near_match,train,15,,10661,0.9736842105263157,0.9736842105263157,0.9736842105263157,0.8333333333333334,1.0,0.0,0.0,0.0,0.0,0.3205479452054794,0.0,1.0,0.0
0,-1,hard_near_match,train,15,,333,0.9090909090909091,0.9090909090909091,0.9090909090909091,1.0,1.0,0.0,0.0,0.0,0.0,0.57,0.0,1.0,1.0
0,-1,hard_near_match,train,15,,11969,0.9855072463768118,0.9855072463768115,0.9705882352941176,1.0,1.0,0.0,0.0,0.0,0.0,0.2,0.0,1.0,0.0
0,-1,hard_near_match,train,15,,15030,0.9795918367346939,0.9795918367346939,0.9795918367346939,1.0,1.0,0.0,0.0,0.0,0.0,0.35999999999999993,0.0,1.0,0.0
0,-1,hard_near_match,train,15,,11854,0.9375,0.9375,0.9375,1.0,1.0,0.0,0.0,0.0,0.0,0.35,0.0,1.0,0.0
0,-1,hard_near_match,train,15,,3322,0.9655172413793103,0.9655172413793103,0.9285714285714286,0.5,1.0,0.0,0.0,0.0,0.0,0.3555555555555555,0.0,1.0,0.0
0,-1,hard_near_match,train,15,,13691,0.95,0.95,0.95,0.75,1.0,0.0,0.0,0.0,0.0,0.3493548387096774,0.0,1.0,0.0
0,-1,hard_near_match,train,15,,15210,0.9333333333333332,0.9333333333333332,0.9333333333333332,1.0,1.0,0.0,0.0,0.0,0.0,0.57,0.0,1.0,0.0
0,-1,hard_near_match,train,15,,16698,0.9866666666666667,0.9866666666666667,0.972972972972973,1.0,1.0,0.0,0.0,0.0,0.0,0.34285714285714286,0.0,1.0,0.0
0,-1,hard_near_match,train,15,,13070,0.9830508474576272,0.9830508474576272,0.9655172413793103,0.75,1.0,0.0,0.0,0.0,0.0,0.3845238095238095,0.0,1.0,0.0
0,-1,hard_near_match,train,15,,18040,0.9818181818181819,0.9818181818181819,0.962962962962963,1.0,1.0,0.0,0.0,0.0,0.0,0.30000000000000004,0.0,1.0,0.0
0,-1,hard_near_match,train,15,,4593,0.9285714285714286,0.9285714285714286,0.9285714285714286,0.5,1.0,0.0,0.0,0.28500000000000003,0.0,0.57,0.0,1.0,0.0
0,-1,hard_near_match,train,15,,3931,0.975609756097561,0.975609756097561,0.9743589743589743,1.0,1.0,0.0,0.0,0.4,0.0,0.45,0.0,1.0,0.0
0,-1,hard_near_match,train,15,,9816,0.972972972972973,0.9729729729729729,0.9444444444444444,1.0,1.0,0.0,0.0,0.0,0.0,0.33913043478260874,0.0,1.0,0.0
0,-1,hard_near_match,train,15,,3624,0.9767441860465115,0.9767441860465117,0.9523809523809522,1.0,1.0,0.0,0.0,0.0,0.0,0.2,0.0,1.0,0.0
0,-1,hard_near_match,train,15,,13789,0.9949748743718593,1.0,0.98989898989899,1.0,1.0,0.0,0.0,0.0,0.0,0.3114754098360656,0.0,1.0,0.0
0,-1,hard_near_match,train,15,,14222,0.990990990990991,0.990990990990991,0.9818181818181819,1.0,1.0,0.0,0.0,0.0,0.0,0.35797101449275365,0.0,1.0,0.0
0,-1,hard_near_match,train,15,,3499,0.9896907216494846,0.9885057471264368,0.9791666666666665,1.0,1.0,0.0,0.0,0.0,0.0,0.4114285714285715,0.0,1.0,0.0
0,-1,hard_near_match,train,15,,16227,0.962962962962963,0.9629629629629629,0.962962962962963,1.0,1.0,0.0,0.0,0.391304347826087,0.0,0.3489795918367347,0.0,1.0,0.0
0,-1,legitimate_en_US,cal,15,,17208,0.9,0.6153846153846154,1.0,0.5,1.0,0.0,0.0,0.0,0.0,0.57,0.0,0.0,0.0
0,-1,legitimate_en_GB,cal,15,,4855,0.64125,0.3571428571428571,0.6666666666666667,0.0,1.0,0.0,0.0,0.0,0.0,0.24,0.0,0.0,0.0
0,-1,legitimate_es_ES,cal,15,,1602,0.855,0.5142857142857143,0.8181818181818181,0.3333333333333333,1.0,0.0,0.0,0.0,0.0,0.43428571428571433,0.0,0.0,0.0
0,-1,legitimate_fr_FR,cal,15,,1003,0.5947826086956521,0.42857142857142855,0.5263157894736843,0.5,1.0,0.0,0.0,0.4663636363636363,0.0,0.855,0.0,1.0,0.0
0,-1,legitimate_de_DE,cal,15,,1473,0.4987499999999999,0.4444444444444444,0.4545454545454546,0.0,1.0,0.0,0.0,0.0,0.0,0.3028985507246377,0.0,1.0,0.0
0,-1,legitimate_it_IT,cal,15,,18282,0.5351351351351351,0.5531914893617021,0.5945945945945945,0.5,1.0,0.0,0.0,0.0,0.0,0.4736842105263159,0.0,0.0,0.0
0,-1,legitimate_pt_BR,cal,15,,4673,0.855,0.625,0.7,0.5,1.0,0.0,0.0,0.3783783783783784,0.0,0.45,0.0,1.0,0.0
0,-1,legitimate_ru_RU,cal,15,,8669,0.6785714285714286,0.6785714285714286,0.6785714285714286,0.3333333333333333,1.0,0.0,0.0,0.0,0.0,0.57,0.0,1.0,0.0
0,-1,legitimate_uk_UA,cal,15,,1112,0.5714285714285714,0.5238095238095238,0.631578947368421,0.0,1.0,0.0,0.0,0.28125,0.0,0.4275,0.0,1.0,1.0
0,-1,legitimate_ar_EG,cal,15,,17170,0.48,0.48,0.5555555555555556,0.5,1.0,0.0,0.0,0.0,0.0,0.57,0.0,0.0,1.0
0,-1,legitimate_fa_IR,cal,15,,5654,0.4090909090909091,0.2857142857142857,0.4545454545454546,1.0,1.0,0.0,0.0,0.342,0.0,0.57,0.0,1.0,1.0
0,-1,legitimate_hi_IN,cal,15,,1895,0.6107142857142858,0.5,0.5555555555555556,0.0,1.0,0.0,0.0,0.0,0.0,0.57,0.0,1.0,1.0
0,-1,legitimate_zh_CN,cal,15,,4366,0.855,0.6666666666666665,0.8333333333333335,0.5,1.0,0.0,0.0,0.0,0.0,0.24428571428571427,0.0,1.0,0.0
0,-1,legitimate_ja_JP,cal,15,,10323,0.855,0.3950617283950617,0.6111111111111112,0.5,1.0,0.0,0.0,0.0,0.0,0.3821656050955414,0.0,0.0,1.0
0,-1,legitimate_ko_KR,cal,15,,3876,0.4444444444444444,0.4444444444444444,0.6153846153846154,1.0,1.0,0.0,0.0,0.2571428571428571,0.0,0.2,0.0,1.0,1.0
0,-1,legitimate_tr_TR,cal,15,,3019,0.5490196078431373,0.5490196078431372,0.5833333333333333,0.25,1.0,0.0,0.0,0.30000000000000004,0.0,0.57,0.0,1.0,1.0
0,-1,legitimate_id_ID,cal,15,,18153,0.855,0.45283018867924524,0.4761904761904761,0.5,1.0,0.0,0.0,0.0,0.0,0.45,0.0,0.0,0.0
0,-1,legitimate_en_US,cal,15,,3000,0.855,0.5882352941176471,0.5,0.5,1.0,0.0,0.0,0.0,0.0,0.855,0.0,1.0,1.0
0,-1,legitimate_en_GB,cal,15,,8057,0.6785714285714286,0.7142857142857143,0.5555555555555556,0.5,1.0,0.0,0.0,0.3272727272727273,0.0,0.38,0.0,1.0,0.0
0,-1,legitimate_es_ES,cal,15,,4683,0.855,0.5172413793103449,0.7058823529411764,0.3333333333333333,1.0,0.0,0.0,0.0,0.0,0.3544303797468354,0.0,0.0,0.0
0,-1,legitimate_fr_FR,cal,15,,847,0.855,0.4516129032258065,0.5,0.25,1.0,0.0,0.0,0.36,0.0,0.4090909090909091,0.0,1.0,1.0
0,-1,legitimate_de_DE,cal,15,,5467,0.534375,0.5,0.5555555555555556,0.5,1.0,0.0,0.0,0.0,0.0,0.36,0.0,0.0,1.0
0,-1,legitimate_it_IT,cal,15,,14930,0.4714285714285715,0.2741935483870968,0.5238095238095238,0.3333333333333333,1.0,0.0,0.0,0.0,0.0,0.855,0.0,0.0,0.0
0,-1,legitimate_pt_BR,cal,15,,17339,0.855,0.6666666666666665,0.6666666666666667,1.0,1.0,0.0,0.0,0.36,0.0,0.57,0.0,1.0,0.0
0,-1,legitimate_ru_RU,cal,15,,11359,0.7241379310344827,0.6206896551724138,0.7241379310344827,0.6666666666666666,1.0,0.0,0.0,0.0,0.0,0.40111111111111114,0.0,1.0,1.0
0,-1,legitimate_uk_UA,cal,15,,15888,0.5161290322580645,0.5161290322580645,0.5217391304347826,0.5,1.0,0.0,0.0,0.0,0.0,0.2,0.0,0.0,0.0
0,-1,legitimate_ar_EG,cal,15,,2169,0.855,0.5882352941176471,0.6666666666666667,0.5,1.0,0.0,0.0,0.3076923076923077,0.0,0.3375,0.0,1.0,0.0
0,-1,legitimate_fa_IR,cal,15,,10348,0.49090909090909085,0.48275862068965514,0.5454545454545454,1.0,1.0,0.0,0.0,0.0,0.0,0.30000000000000004,0.0,1.0,1.0
0,-1,legitimate_hi_IN,cal,15,,148,0.54,0.29629629629629634,0.6,0.3333333333333333,1.0,0.0,0.0,0.19999999999999996,0.0,0.24,0.0,1.0,1.0
0,-1,legitimate_zh_CN,cal,15,,19167,0.8235294117647058,0.8235294117647058,0.9333333333333332,0.5,1.0,0.0,0.0,0.0,0.0,0.57,0.0,1.0,0.0
0,-1,legitimate_ja_JP,cal,15,,3670,0.855,0.6666666666666665,0.625,0.3333333333333333,1.0,0.0,0.0,0.0,0.0,0.2,0.0,0.0,0.0
0,-1,legitimate_ko_KR,cal,15,,268,0.5538461538461539,0.4444444444444444,0.6153846153846154,1.0,1.0,0.0,0.0,0.45,0.0,0.36972972972972973,0.0,1.0,0.0
0,-1,legitimate_tr_TR,cal,15,,571,0.5833333333333333,0.5833333333333334,0.7058823529411764,0.5,1.0,0.0,0.0,0.33333333333333337,0.0,0.57,0.0,1.0,1.0
0,-1,legitimate_id_ID,cal,15,,119,0.855,0.4615384615384615,0.75,0.5,1.0,0.0,0.0,0.0,0.0,0.57,0.0,0.0,1.0
0,-1,legitimate_en_US,cal,15,,11707,0.855,0.5555555555555556,0.5555555555555556,0.5,1.0,0.0,0.0,0.0,0.0,0.45,0.0,0.0,0.0
0,-1,legitimate_en_GB,cal,15,,16787,0.6,0.6,0.6666666666666667,0.5,1.0,0.0,0.0,0.0,0.0,0.2,0.0,0.0,0.0
0,-1,legitimate_es_ES,cal,15,,1072,0.5846153846153846,0.6153846153846154,0.5714285714285714,0.25,1.0,0.0,0.0,0.0,0.0,0.36363636363636365,0.0,0.0,1.0
0,-1,legitimate_fr_FR,cal,15,,5756,0.675,0.4878048780487805,0.75,0.5,1.0,0.0,0.0,0.3109090909090909,0.0,0.33,0.0,1.0,1.0
0,-1,legitimate_de_DE,cal,15,,274,0.855,0.4074074074074074,0.4615384615384615,0.4,1.0,0.0,0.0,0.0,0.0,0.36,0.0,0.0,1.0
0,-1,legitimate_it_IT,cal,15,,18026,0.855,0.42857142857142855,0.5333333333333333,0.5,1.0,0.0,0.0,0.0,0.0,0.37216494845360826,0.0,0.0,0.0
0,-1,legitimate_pt_BR,cal,15,,18189,0.855,0.7272727272727272,0.7272727272727273,0.5,1.0,0.0,0.0,0.4275,0.0,0.4,0.0,1.0,0.0
0,-1,legitimate_ru_RU,cal,15,,8266,0.6551724137931035,0.689655172413793,0.6666666666666667,0.25,1.0,0.0,0.0,0.0,0.0,0.57,0.0,1.0,0.0
0,-1,legitimate_uk_UA,cal,15,,3010,0.855,0.6486486486486487,0.6666666666666667,0.5,1.0,0.0,0.0,0.36,0.0,0.57,0.0,1.0,0.0
0,-1,legitimate_ar_EG,cal,15,,7562,0.855,0.5555555555555556,0.5555555555555556,0.5,1.0,0.0,0.0,0.45,0.0,0.57,0.0,1.0,0.0
0,-1,legitimate_fa_IR,cal,15,,2520,0.5294117647058824,0.32432432432432434,0.5882352941176471,0.0,1.0,0.0,0.0,0.0,0.0,0.27184466019417475,0.0,0.0,0.0
0,-1,legitimate_hi_IN,cal,15,,2343,0.54,0.4666666666666666,0.6,0.0,1.0,0.0,0.0,0.24,0.0,0.57,0.0,1.0,1.0
0,-1,legitimate_zh_CN,cal,15,,6508,0.923076923076923,0.6923076923076923,0.8695652173913043,0.3333333333333333,1.0,0.0,0.0,0.0,0.0,0.3859375,0.0,1.0,0.0
0,-1,legitimate_ja_JP,cal,15,,13684,0.855,0.5,0.7586206896551724,0.25,1.0,0.0,0.0,0.0,0.0,0.3714285714285714,0.0,0.0,1.0
0,-1,legitimate_ko_KR,cal,15,,303,0.7714285714285716,0.4,0.8571428571428572,0.0,1.0,0.0,0.0,0.0,0.0,0.2,0.0,0.0,1.0
0,-1,legitimate_tr_TR,cal,15,,9506,0.736842105263158,0.736842105263158,0.8,0.5,0.5,0.0,0.0,0.0,0.0,0.3612676056338028,0.0,0.0,1.0
0,-1,legitimate_id_ID,cal,15,,12428,0.855,0.410958904109589,0.6285714285714286,0.5,1.0,0.0,0.0,0.0,0.0,0.4071428571428571,0.0,0.0,0.0
0,-1,legitimate_en_US,cal,15,,9464,0.855,0.6666666666666665,0.6956521739130435,0.5,1.0,0.0,0.0,0.0,0.0,0.57,0.0,1.0,0.0
0,-1,legitimate_en_GB,cal,15,,12794,0.855,0.6666666666666665,0.75,0.5,1.0,0.0,0.0,0.0,0.0,0.3384615384615385,0.0,0.0,0.0
0,-1,legitimate_es_ES,cal,15,,1429,0.855,0.5416666666666666,0.6206896551724138,0.3333333333333333,1.0,0.0,0.0,0.0,0.0,0.351219512195122,0.0,1.0,0.0
0,-1,legitimate_fr_FR,cal,15,,2601,0.6333333333333333,0.6666666666666665,0.6666666666666667,0.5,1.0,0.0,0.0,0.36,0.0,0.57,0.0,1.0,0.0
0,-1,legitimate_de_DE,cal,15,,856,0.5727272727272728,0.3,0.6363636363636364,0.5,1.0,0.0,0.0,0.0,0.0,0.24489795918367352,0.0,0.0,1.0
0,-1,legitimate_it_IT,cal,15,,10541,0.5985,0.4102564102564103,0.5833333333333333,0.0,1.0,0.0,0.0,0.0,0.0,0.57,0.0,1.0,0.0
0,-1,legitimate_pt_BR,cal,15,,17416,0.5517241379310345,0.5517241379310345,0.5925925925925926,0.0,1.0,0.0,0.0,0.36,0.0,0.34285714285714286,0.0,1.0,1.0
0,-1,legitimate_ru_RU,cal,15,,4229,0.5496428571428571,0.5,0.5,0.0,1.0,0.0,0.0,0.0,0.0,0.57,0.0,1.0,0.0
0,-1,legitimate_uk_UA,cal,15,,16767,0.7714285714285716,0.5185185185185186,0.8571428571428572,0.5,1.0,0.0,0.0,0.0,0.0,0.57,0.0,0.0,0.0
0,-1,legitimate_ar_EG,cal,15,,2524,0.855,0.6956521739130435,0.6956521739130435,0.5,1.0,0.0,0.0,0.15384615384615385,0.0,0.57,0.0,1.0,0.0
0,-1,legitimate_fa_IR,cal,15,,15171,0.49565217391304345,0.5217391304347826,0.5,0.3333333333333333,1.0,0.0,0.0,0.3,0.0,0.33333333333333337,0.0,1.0,0.0
0,-1,legitimate_hi_IN,cal,15,,12105,0.6333333333333333,0.6666666666666665,0.5454545454545454,0.0,1.0,0.0,0.0,0.285,0.0,0.57,0.0,1.0,1.0
0,-1,legitimate_zh_CN,cal,15,,847,0.855,0.7692307692307692,0.8571428571428572,0.5,1.0,0.0,0.0,0.5142857142857142,0.0,0.49090909090909085,0.0,1.0,1.0
0,-1,legitimate_ja_JP,cal,15,,6743,0.855,0.4615384615384615,0.5,0.6666666666666666,1.0,0.0,0.0,0.2181818181818182,0.0,0.37398373983739847,0.0,1.0,0.0
0,-1,legitimate_ko_KR,cal,15,,12411,0.7692307692307692,0.6153846153846154,0.7619047619047619,0.0,1.0,0.0,0.0,0.0,0.0,0.54,0.0,1.0,0.0
0,-1,legitimate_tr_TR,cal,15,,9969,0.57,0.4,0.5555555555555556,0.5,1.0,0.0,0.0,0.0,0.0,0.57,0.0,0.0,0.0
0,-1,legitimate_id_ID,cal,15,,175,0.855,0.5128205128205129,0.5333333333333333,0.2,1.0,0.0,0.0,0.0,0.0,0.57,0.0,0.0,1.0
0,-1,legitimate_en_US,cal,15,,5084,0.7692307692307692,0.7692307692307692,0.7692307692307692,0.5,1.0,0.0,0.0,0.0,0.0,0.57,0.0,1.0,1.0
0,-1,legitimate_en_GB,cal,15,,18142,0.855,0.6666666666666665,0.6666666666666667,0.5,1.0,0.0,0.0,0.0,0.0,0.5142857142857142,0.0,0.0,1.0
0,-1,legitimate_es_ES,cal,15,,2512,0.855,0.576923076923077,0.6060606060606061,0.3333333333333333,1.0,0.0,0.0,0.0,0.0,0.39375,0.0,1.0,0.0
0,-1,legitimate_fr_FR,cal,15,,2249,0.7714285714285716,0.375,0.8571428571428572,0.5,1.0,0.0,0.0,0.0,0.0,0.2,0.0,0.0,0.0
0,-1,legitimate_de_DE,cal,15,,1240,0.675,0.2857142857142857,0.75,0.0,1.0,0.0,0.0,0.0,0.0,0.3055555555555556,0.0,0.0,1.0
0,-1,legitimate_it_IT,cal,15,,2269,0.855,0.8333333333333333,0.923076923076923,0.5,1.0,0.0,0.0,0.0,0.0,0.57,0.0,0.0,0.0
0,-1,legitimate_pt_BR,cal,15,,7270,0.855,0.45454545454545453,0.5294117647058824,0.25,1.0,0.0,0.0,0.0,0.0,0.57,0.0,0.0,0.0
0,-1,legitimate_ru_RU,cal,15,,8271,0.7241379310344827,0.5862068965517241,0.75,0.3333333333333333,1.0,0.0,0.0,0.0,0.0,0.57,0.0,1.0,0.0
0,-1,legitimate_uk_UA,cal,15,,2075,0.6650000000000001,0.5185185185185186,0.736842105263158,0.0,1.0,0.0,0.0,0.4,0.0,0.57,0.0,1.0,1.0
0,-1,legitimate_ar_EG,cal,15,,1954,0.5833333333333333,0.5833333333333334,0.6,0.0,1.0,0.0,0.0,0.38,0.0,0.57,0.0,1.0,0.0
0,-1,legitimate_fa_IR,cal,15,,979,0.5538461538461539,0.45,0.6153846153846154,0.0,1.0,0.0,0.0,0.23076923076923073,0.0,0.57,0.0,1.0,1.0
0,-1,legitimate_hi_IN,cal,15,,7450,0.4925925925925926,0.5185185185185186,0.6363636363636364,0.5,1.0,0.0,0.0,0.0,0.0,0.855,0.0,1.0,0.0
0,-1,legitimate_zh_CN,cal,15,,10790,0.7142857142857143,0.7142857142857143,0.8333333333333335,1.0,1.0,0.0,0.0,0.5142857142857142,0.0,0.49090909090909085,0.0,1.0,0.0
0,-1,legitimate_ja_JP,cal,15,,6695,0.855,0.4444444444444444,0.7142857142857143,0.3333333333333333,1.0,0.0,0.0,0.0,0.0,0.513,0.0,0.0,0.0
0,-1,legitimate_ko_KR,cal,15,,303,0.7714285714285716,0.4,0.8571428571428572,0.0,1.0,0.0,0.0,0.0,0.0,0.2,0.0,0.0,1.0
0,-1,legitimate_tr_TR,cal,15,,2648,0.57,0.4444444444444444,0.5833333333333333,0.5,1.0,0.0,0.0,0.36,0.0,0.57,0.0,1.0,0.0
0,-1,legitimate_id_ID,cal,15,,15272,0.6428571428571429,0.5,0.7142857142857143,0.5,1.0,0.0,0.0,0.0,0.0,0.33333333333333337,0.0,0.0,1.0
0,-1,legitimate_en_US,cal,15,,3367,0.6086956521739131,0.6086956521739131,0.7,0.0,1.0,0.0,0.0,0.0,0.0,0.31666666666666665,0.0,0.0,1.0
0,-1,legitimate_en_GB,cal,15,,4902,0.5882352941176471,0.5882352941176471,0.5806451612903225,0.0,1.0,0.0,0.0,0.0,0.0,0.30000000000000004,0.0,1.0,1.0
0,-1,legitimate_es_ES,cal,15,,7093,0.5115384615384615,0.5384615384615384,0.5714285714285714,0.0,1.0,0.0,0.0,0.0,0.0,0.4,0.0,1.0,0.0
0,-1,legitimate_fr_FR,cal,15,,245,0.855,0.7272727272727272,0.7272727272727273,0.6666666666666666,1.0,0.0,0.0,0.23076923076923073,0.0,0.2,0.0,1.0,0.0
0,-1,legitimate_de_DE,cal,15,,2760,0.5161290322580645,0.5161290322580645,0.5925925925925926,0.0,1.0,0.0,0.0,0.0,0.0,0.2,0.0,0.0,1.0
0,-1,legitimate_it_IT,cal,15,,2637,0.675,0.5581395348837209,0.75,0.5,1.0,0.0,0.0,0.0,0.0,0.40714285714285714,0.0,0.0,1.0
0,-1,legitimate_pt_BR,cal,15,,3753,0.855,0.4210526315789474,0.5,0.25,1.0,0.0,0.0,0.0,0.0,0.2,0.0,0.0,1.0
0,-1,legitimate_ru_RU,cal,15,,8582,0.6333333333333333,0.6666666666666665,0.5652173913043479,0.3333333333333333,1.0,0.0,0.0,0.0,0.0,0.24,0.0,1.0,0.0
0,-1,legitimate_uk_UA,cal,15,,4530,0.6428571428571428,0.6428571428571428,0.75,0.5,1.0,0.0,0.0,0.2941176470588235,0.0,0.3337837837837837,0.0,1.0,1.0
0,-1,legitimate_ar_EG,cal,15,,3924,0.6000000000000001,0.37209302325581395,0.6666666666666667,0.5,1.0,0.0,0.0,0.0,0.0,0.3135,0.0,0.0,1.0
0,-1,legitimate_fa_IR,cal,15,,2728,0.4,0.4210526315789474,0.4285714285714286,0.5,1.0,0.0,0.0,0.320625,0.0,0.57,0.0,1.0,0.0
0,-1,legitimate_hi_IN,cal,15,,2034,0.6000000000000001,0.42857142857142855,0.6666666666666667,0.0,1.0,0.0,0.0,0.0,0.0,0.3384615384615385,0.0,0.0,0.0
0,-1,legitimate_zh_CN,cal,15,,11442,0.88,0.88,0.8333333333333335,0.3333333333333333,1.0,0.0,0.0,0.5142857142857142,0.0,0.31318681318681313,0.0,1.0,0.0
0,-1,legitimate_ja_JP,cal,15,,4707,0.855,0.5,0.736842105263158,0.3333333333333333,1.0,0.0,0.0,0.0,0.0,0.39310344827586213,0.0,0.0,1.0
0,-1,legitimate_ko_KR,cal,15,,847,0.5,0.5,0.625,0.0,1.0,0.0,0.0,0.4,0.0,0.4663636363636363,0.0,1.0,1.0
0,-1,legitimate_tr_TR,cal,15,,176,0.4275,0.45,0.5,0.25,1.0,0.0,0.0,0.0,0.0,0.57,0.0,0.0,1.0
0,-1,legitimate_id_ID,cal,15,,8616,0.6000000000000001,0.5,0.6666666666666667,0.0,1.0,0.0,0.0,0.0,0.0,0.57,0.0,1.0,0.0
0,-1,legitimate_en_US,cal,15,,4858,0.855,0.6,0.6,0.5,1.0,0.0,0.0,0.375,0.0,0.45,0.0,1.0,0.0
0,-1,legitimate_en_GB,cal,15,,5697,0.855,0.6363636363636364,0.6666666666666667,0.3333333333333333,1.0,0.0,0.0,0.36,0.0,0.45,0.0,1.0,1.0
0,-1,legitimate_es_ES,cal,15,,2524,0.855,0.6,0.5454545454545454,0.3333333333333333,1.0,0.0,0.0,0.45,0.0,0.57,0.0,1.0,0.0
0,-1,legitimate_fr_FR,cal,15,,17176,0.855,0.6875,0.6666666666666667,0.75,1.0,0.0,0.0,0.0,0.0,0.33333333333333337,0.0,0.0,0.0
0,-1,legitimate_de_DE,cal,15,,17266,0.675,0.31578947368421056,0.75,0.5,1.0,0.0,0.0,0.0,0.0,0.57,0.0,0.0,1.0
0,-1,legitimate_it_IT,cal,15,,2347,0.855,0.6,0.6,0.5,1.0,0.0,0.0,0.0,0.0,0.57,0.0,1.0,1.0
0,-1,legitimate_pt_BR,cal,15,,333,0.4736842105263158,0.4210526315789474,0.5294117647058824,0.0,1.0,0.0,0.0,0.0,0.0,0.57,0.0,0.0,1.0
0,-1,legitimate_ru_RU,cal,15,,8240,0.7540983606557377,0.7540983606557377,0.8070175438596492,0.5,1.0,0.0,0.0,0.4275,0.0,0.57,0.0,1.0,0.0
0,-1,legitimate_uk_UA,cal,15,,9881,0.7000000000000002,0.6222222222222222,0.7777777777777779,0.5,1.0,0.0,0.0,0.0,0.0,0.37126436781609196,0.0,1.0,1.0
0,-1,legitimate_ar_EG,cal,15,,9464,0.855,0.631578947368421,0.75,0.5,1.0,0.0,0.0,0.0,0.0,0.57,0.0,1.0,1.0
0,-1,legitimate_fa_IR,cal,15,,2384,0.6000000000000001,0.31578947368421056,0.6666666666666667,0.0,1.0,0.0,0.0,0.0,0.0,0.57,0.0,0.0,0.0
0,-1,legitimate_hi_IN,cal,15,,12553,0.5333333333333333,0.5333333333333333,0.6153846153846154,1.0,1.0,0.0,0.0,0.0,0.0,0.36363636363636365,0.0,0.0,0.0
0,-1,legitimate_zh_CN,cal,15,,10773,0.855,0.6666666666666665,0.8571428571428572,0.5,1.0,0.0,0.0,0.0,0.0,0.4347457627118644,0.0,1.0,0.0
0,-1,legitimate_ja_JP,cal,15,,7806,0.855,0.9090909090909091,0.6956521739130435,0.5,1.0,0.0,0.0,0.0,0.0,0.57,0.0,0.0,0.0
0,-1,legitimate_ko_KR,cal,15,,17167,0.48,0.42857142857142855,0.5333333333333333,1.0,1.0,0.0,0.0,0.0,0.0,0.3111111111111111,0.0,0.0,1.0
0,-1,legitimate_tr_TR,cal,15,,5178,0.5985,0.4516129032258065,0.4615384615384615,0.3333333333333333,1.0,0.0,0.0,0.0,0.0,0.57,0.0,0.0,1.0
0,-1,legitimate_id_ID,cal,15,,1744,0.855,0.3561643835616438,0.5185185185185186,0.5,1.0,0.0,0.0,0.0,0.0,0.3313953488372093,0.0,0.0,1.0
0,-1,legitimate_en_US,cal,15,,19129,0.5727272727272728,0.4516129032258065,0.6363636363636364,0.0,1.0,0.0,0.0,0.0,0.0,0.57,0.0,0.0,1.0
0,-1,legitimate_en_GB,cal,15,,1358,0.675,0.35294117647058826,0.75,0.0,1.0,0.0,0.0,0.0,0.0,0.36642857142857144,0.0,0.0,1.0
0,-1,legitimate_es_ES,cal,15,,102,0.5625,0.4516129032258065,0.625,0.25,1.0,0.0,0.0,0.0,0.0,0.57,0.0,0.0,1.0
0,-1,legitimate_fr_FR,cal,15,,17176,0.5496428571428571,0.3673469387755102,0.5,0.5,1.0,0.0,0.0,0.0,0.0,0.45,0.0,0.0,0.0
0,-1,legitimate_de_DE,cal,15,,16212,0.5142857142857142,0.4,0.6153846153846154,0.3333333333333333,1.0,0.0,0.0,0.0,0.0,0.29454545454545455,0.0,0.0,1.0
0,-1,legitimate_it_IT,cal,15,,3229,0.5785714285714285,0.5641025641025641,0.6428571428571428,0.0,1.0,0.0,0.0,0.36,0.0,0.57,0.0,1.0,0.0
0,-1,legitimate_pt_BR,cal,15,,1538,0.5238095238095238,0.5238095238095238,0.6,0.0,1.0,0.0,0.0,0.3857142857142858,0.0,0.38,0.0,1.0,0.0
0,-1,legitimate_ru_RU,cal,15,,14396,0.5981481481481481,0.6296296296296297,0.4864864864864865,0.3333333333333333,1.0,0.0,0.0,0.0,0.0,0.5,0.0,1.0,0.0
0,-1,legitimate_uk_UA,cal,15,,2483,0.855,0.5454545454545454,0.5,0.5,1.0,0.0,0.0,0.3703703703703704,0.0,0.3469565217391304,0.0,1.0,1.0
0,-1,legitimate_ar_EG,cal,15,,565,0.6000000000000001,0.4888888888888889,0.6666666666666667,0.0,1.0,0.0,0.0,0.0,0.0,0.26865671641791045,0.0,0.0,1.0
0,-1,legitimate_fa_IR,cal,15,,16783,0.855,0.32432432432432434,0.5263157894736843,0.3333333333333333,1.0,0.0,0.0,0.0,0.0,0.34102564102564104,0.0,0.0,1.0
0,-1,legitimate_hi_IN,cal,15,,2271,0.54,0.36363636363636365,0.6,0.5,0.5,0.0,0.0,0.0,0.0,0.57,0.0,0.0,1.0
0,-1,legitimate_zh_CN,cal,15,,17074,0.855,0.5454545454545454,0.6666666666666667,1.0,1.0,0.0,0.0,0.0,0.0,0.4576642335766423,0.0,0.0,0.0
0,-1,legitimate_ja_JP,cal,15,,927,0.855,0.4,0.6666666666666667,0.6666666666666666,1.0,0.0,0.0,0.0,0.0,0.43846153846153846,0.0,0.0,1.0
0,-1,legitimate_ko_KR,cal,15,,3084,0.6333333333333333,0.6666666666666665,0.5,0.0,1.0,0.0,0.0,0.0,0.0,0.57,0.0,0.0,0.0
0,-1,legitimate_tr_TR,cal,15,,2867,0.6576923076923076,0.6923076923076923,0.5555555555555556,0.0,1.0,0.0,0.0,0.2142857142857143,0.0,0.2,0.0,1.0,1.0
0,-1,legitimate_id_ID,cal,15,,16469,0.855,0.41269841269841273,0.4736842105263158,0.25,1.0,0.0,0.0,0.0,0.0,0.4035398230088496,0.0,0.0,1.0
0,-1,legitimate_en_US,cal,15,,12816,0.855,0.625,0.631578947368421,0.25,1.0,0.0,0.0,0.36,0.0,0.2,0.0,1.0,1.0
0,-1,legitimate_en_GB,cal,15,,8211,0.855,0.6666666666666665,0.6666666666666667,0.5,1.0,0.0,0.0,0.49090909090909085,0.0,0.3686567164179105,0.0,1.0,0.0
0,-1,legitimate_es_ES,cal,15,,3614,0.6363636363636364,0.6363636363636364,0.6896551724137931,0.3333333333333333,1.0,0.0,0.0,0.225,0.0,0.57,0.0,1.0,0.0
0,-1,legitimate_fr_FR,cal,15,,564,0.855,0.42666666666666664,0.52,0.25,1.0,0.0,0.0,0.0,0.0,0.3732142857142858,0.0,0.0,1.0
0,-1,legitimate_de_DE,cal,15,,640,0.6,0.6,0.625,0.0,1.0,0.0,0.0,0.27692307692307694,0.0,0.57,0.0,1.0,0.0
0,-1,legitimate_it_IT,cal,15,,99,0.57,0.48648648648648646,0.5217391304347826,0.0,1.0,0.0,0.0,0.0,0.0,0.6,0.0,0.0,1.0
0,-1,legitimate_pt_BR,cal,15,,7016,0.855,0.3428571428571429,0.5,0.3333333333333333,1.0,0.0,0.0,0.0,0.0,0.3398373983739837,0.0,0.0,1.0
0,-1,legitimate_ru_RU,cal,15,,7209,0.6206896551724138,0.5517241379310345,0.6666666666666667,0.25,1.0,0.0,0.0,0.0,0.0,0.34285714285714286,0.0,1.0,0.0
0,-1,legitimate_uk_UA,cal,15,,8100,0.855,0.6363636363636364,0.7333333333333334,0.5,1.0,0.0,0.0,0.43999999999999995,0.0,0.57,0.0,1.0,0.0
0,-1,legitimate_ar_EG,cal,15,,1420,0.5555555555555556,0.5555555555555556,0.5454545454545454,0.5,1.0,0.0,0.0,0.0,0.0,0.57,0.0,1.0,1.0
0,-1,legitimate_fa_IR,cal,15,,9718,0.525,0.3902439024390244,0.5833333333333333,1.0,1.0,0.0,0.0,0.31999999999999995,0.0,0.3857142857142858,0.0,1.0,1.0
0,-1,legitimate_hi_IN,cal,15,,189,0.57,0.14814814814814808,0.5,0.3333333333333333,1.0,0.0,0.0,0.0,0.0,0.4371428571428572,0.0,0.0,1.0
0,-1,legitimate_zh_CN,cal,15,,2757,0.855,0.7142857142857143,0.8235294117647058,0.3333333333333333,1.0,0.0,0.0,0.534375,0.0,0.2,0.0,1.0,0.0
0,-1,legitimate_ja_JP,cal,15,,14028,0.76,0.8,0.6451612903225806,0.5,1.0,0.0,0.0,0.0,0.0,0.57,0.0,0.0,0.0
0,-1,legitimate_ko_KR,cal,15,,4698,0.6923076923076923,0.5,0.7692307692307692,0.0,1.0,0.0,0.0,0.4235294117647059,0.0,0.342,0.0,1.0,0.0
0,-1,legitimate_tr_TR,cal,15,,344,0.4864864864864865,0.4324324324324324,0.4666666666666666,0.3333333333333333,1.0,0.0,0.0,0.0,0.0,0.57,0.0,0.0,0.0
0,-1,legitimate_id_ID,cal,15,,2830,0.6333333333333333,0.6666666666666665,0.56,0.3333333333333333,1.0,0.0,0.0,0.0,0.0,0.57,0.0,1.0,1.0
0,-1,legitimate_en_US,cal,15,,16567,0.855,0.6666666666666665,0.6666666666666667,0.5,1.0,0.0,0.0,0.27,0.0,0.57,0.0,1.0,0.0
0,-1,legitimate_en_GB,cal,15,,3989,0.5454545454545454,0.5454545454545454,0.6470588235294117,0.3333333333333333,1.0,0.0,0.0,0.34615384615384615,0.0,0.38775510204081626,0.0,1.0,1.0
0,-1,legitimate_es_ES,cal,15,,7056,0.855,0.75,0.6206896551724138,0.6666666666666666,1.0,0.0,0.0,0.57,0.0,0.3943661971830986,0.0,1.0,0.0
0,-1,legitimate_fr_FR,cal,15,,10543,0.855,0.5,0.5,0.5,1.0,0.0,0.0,0.0,0.0,0.2,0.0,1.0,0.0
0,-1,legitimate_de_DE,cal,15,,89,0.54,0.36363636363636365,0.6,0.0,1.0,0.0,0.0,0.0,0.0,0.57,0.0,0.0,1.0
0,-1,legitimate_it_IT,cal,15,,6057,0.49271186440677966,0.5316455696202531,0.48,0.3333333333333333,1.0,0.0,0.0,0.0,0.0,0.4153846153846154,0.0,0.0,1.0
0,-1,legitimate_pt_BR,cal,15,,1551,0.56,0.56,0.5454545454545454,0.0,1.0,0.0,0.0,0.1428571428571429,0.0,0.3272727272727273,0.0,1.0,1.0
0,-1,legitimate_ru_RU,cal,15,,10642,0.75,0.75,0.75,0.3333333333333333,1.0,0.0,0.0,0.48,0.0,0.4736842105263159,0.0,1.0,0.0
0,-1,legitimate_uk_UA,cal,15,,5816,0.6576923076923076,0.4761904761904762,0.5384615384615384,0.5,1.0,0.0,0.0,0.3109090909090909,0.0,0.2,0.0,1.0,1.0
0,-1,legitimate_ar_EG,cal,15,,2624,0.7714285714285716,0.4705882352941177,0.8571428571428572,0.5,1.0,0.0,0.0,0.0,0.0,0.5625,0.0,0.0,1.0
0,-1,legitimate_fa_IR,cal,15,,17545,0.6576923076923076,0.4615384615384615,0.6666666666666667,0.5,1.0,0.0,0.0,0.0,0.0,0.31666666666666665,0.0,0.0,1.0
0,-1,legitimate_hi_IN,cal,15,,84,0.6107142857142858,0.4242424242424242,0.625,0.0,1.0,0.0,0.0,0.0,0.0,0.57,0.0,0.0,1.0
0,-1,legitimate_zh_CN,cal,15,,7614,0.855,0.5882352941176471,0.5714285714285714,0.3333333333333333,1.0,0.0,0.0,0.0,0.0,0.38169642857142855,0.0,0.0,0.0
0,-1,legitimate_ja_JP,cal,15,,10001,0.9,0.6666666666666665,1.0,0.6666666666666666,1.0,0.0,0.0,0.42622950819672134,0.0,0.2,0.0,1.0,0.0
0,-1,legitimate_ko_KR,cal,15,,2974,0.675,0.30434782608695654,0.75,0.0,1.0,0.0,0.0,0.0,0.0,0.36642857142857144,0.0,0.0,0.0
0,-1,legitimate_tr_TR,cal,15,,11838,0.6153846153846154,0.6153846153846154,0.6956521739130435,0.5,0.5,0.0,0.0,0.0,0.0,0.3119402985074627,0.0,0.0,1.0
0,-1,legitimate_id_ID,cal,15,,512,0.47647058823529415,0.4067796610169491,0.5294117647058824,0.0,1.0,0.0,0.0,0.4663636363636363,0.0,0.57,0.0,1.0,0.0
0,-1,legitimate_en_US,cal,15,,215,0.855,0.5555555555555556,0.6153846153846154,0.5,1.0,0.0,0.0,0.27692307692307694,0.0,0.57,0.0,1.0,0.0
0,-1,legitimate_en_GB,cal,15,,19123,0.5365853658536586,0.4878048780487805,0.6060606060606061,0.3333333333333333,1.0,0.0,0.0,0.0,0.0,0.38095238095238093,0.0,0.0,0.0
0,-1,legitimate_es_ES,cal,15,,1532,0.6666666666666667,0.5454545454545454,0.6206896551724138,0.3333333333333333,1.0,0.0,0.0,0.0,0.0,0.57,0.0,0.0,1.0
0,-1,legitimate_fr_FR,cal,15,,99,0.5,0.5,0.5238095238095238,0.0,1.0,0.0,0.0,0.0,0.0,0.57,0.0,0.0,1.0
0,-1,legitimate_de_DE,cal,15,,89,0.4586206896551724,0.48275862068965514,0.4705882352941176,0.0,1.0,0.0,0.0,0.0,0.0,0.57,0.0,0.0,1.0
0,-1,legitimate_it_IT,cal,15,,2269,0.7916666666666665,0.8333333333333333,0.923076923076923,0.5,1.0,0.0,0.0,0.0,0.0,0.57,0.0,0.0,0.0
0,-1,legitimate_pt_BR,cal,15,,18624,0.855,0.6363636363636364,0.6363636363636364,0.3333333333333333,1.0,0.0,0.0,0.30000000000000004,0.0,0.48,0.0,1.0,0.0
0,-1,legitimate_ru_RU,cal,15,,977,0.6206896551724138,0.48275862068965514,0.64,0.0,1.0,0.0,0.0,0.375,0.0,0.57,0.0,1.0,1.0
0,-1,legitimate_uk_UA,cal,15,,1194,0.48484848484848486,0.48484848484848486,0.5833333333333333,0.5,1.0,0.0,0.0,0.25,0.0,0.4,0.0,1.0,1.0
0,-1,legitimate_ar_EG,cal,15,,6349,0.855,0.7,0.7,0.5,1.0,0.0,0.0,0.0,0.0,0.342,0.0,1.0,1.0
0,-1,legitimate_fa_IR,cal,15,,1028,0.475,0.5,0.4705882352941176,0.0,1.0,0.0,0.0,0.24242424242424243,0.0,0.3130985915492957,0.0,1.0,1.0
0,-1,legitimate_hi_IN,cal,15,,220,0.4851063829787235,0.5106382978723404,0.41025641025641024,0.0,1.0,0.0,0.0,0.36,0.0,0.57,0.0,1.0,0.0
0,-1,legitimate_zh_CN,cal,15,,10226,0.855,0.4444444444444444,0.6086956521739131,0.6666666666666666,1.0,0.0,0.0,0.0,0.0,0.3660550458715596,0.0,0.0,0.0
0,-1,legitimate_ja_JP,cal,15,,10323,0.855,0.4705882352941177,0.6153846153846154,0.5,1.0,0.0,0.0,0.0,0.0,0.36363636363636365,0.0,0.0,1.0
0,-1,legitimate_ko_KR,cal,15,,896,0.6352941176470588,0.4324324324324324,0.7058823529411764,1.0,1.0,0.0,0.0,0.0,0.0,0.45,0.0,0.0,0.0
0,-1,legitimate_tr_TR,cal,15,,13310,0.45614035087719296,0.456140350877193,0.46808510638297873,0.0,1.0,0.0,0.0,0.0,0.0,0.37173913043478257,0.0,0.0,1.0
0,-1,legitimate_id_ID,cal,15,,1240,0.525,0.4186046511627907,0.5833333333333333,0.0,1.0,0.0,0.0,0.0,0.0,0.3245901639344262,0.0,0.0,1.0
0,-1,legitimate_en_US,cal,15,,1822,0.5384615384615384,0.5384615384615384,0.6363636363636364,0.5,1.0,0.0,0.0,0.0,0.0,0.2,0.0,1.0,1.0
0,-1,legitimate_en_GB,cal,15,,16053,0.855,0.8333333333333333,0.923076923076923,0.5,1.0,0.0,0.0,0.0,0.0,0.2,0.0,0.0,0.0
0,-1,legitimate_es_ES,cal,15,,7558,0.5964912280701755,0.5614035087719298,0.64,0.25,1.0,0.0,0.0,0.0,0.0,0.57,0.0,1.0,0.0
0,-1,legitimate_fr_FR,cal,15,,6037,0.5496428571428571,0.4186046511627907,0.5263157894736843,0.0,1.0,0.0,0.0,0.0,0.0,0.3377777777777778,0.0,0.0,1.0
0,-1,legitimate_de_DE,cal,15,,1089,0.475,0.5,0.5,0.3333333333333333,1.0,0.0,0.0,0.42903225806451617,0.0,0.45783132530120485,0.0,1.0,0.0
0,-1,legitimate_it_IT,cal,15,,14881,0.525,0.42857142857142855,0.5833333333333333,0.5,1.0,0.0,0.0,0.54,0.0,0.2,0.0,1.0,1.0
0,-1,legitimate_pt_BR,cal,15,,3753,0.855,0.4736842105263158,0.5384615384615384,0.3333333333333333,1.0,0.0,0.0,0.0,0.0,0.2,0.0,0.0,1.0
0,-1,legitimate_ru_RU,cal,15,,8698,0.6785714285714286,0.6785714285714286,0.6122448979591837,0.3333333333333333,1.0,0.0,0.0,0.0,0.0,0.57,0.0,1.0,0.0
0,-1,legitimate_uk_UA,cal,15,,8743,0.855,0.6,0.5714285714285714,0.5,1.0,0.0,0.0,0.4275,0.0,0.855,0.0,1.0,0.0
0,-1,legitimate_ar_EG,cal,15,,3034,0.57,0.48,0.5882352941176471,0.5,1.0,0.0,0.0,0.0,0.0,0.33043478260869563,0.0,0.0,1.0
0,-1,legitimate_fa_IR,cal,15,,2829,0.855,0.4,0.38095238095238093,0.5,1.0,0.0,0.0,0.0,0.0,0.1853658536585366,0.0,0.0,1.0
0,-1,legitimate_hi_IN,cal,15,,7134,0.5142857142857142,0.339622641509434,0.5714285714285714,0.5,1.0,0.0,0.0,0.0,0.0,0.35999999999999993,0.0,0.0,0.0
0,-1,legitimate_zh_CN,cal,15,,1326,0.6666666666666667,0.5714285714285715,0.631578947368421,1.0,1.0,0.0,0.0,0.0,0.0,0.855,0.0,1.0,0.0
0,-1,legitimate_ja_JP,cal,15,,4707,0.855,0.6470588235294117,0.6923076923076923,0.3333333333333333,1.0,0.0,0.0,0.0,0.0,0.4275,0.0,0.0,1.0
0,-1,legitimate_ko_KR,cal,15,,8459,0.4695652173913043,0.32432432432432434,0.5217391304347826,1.0,1.0,0.0,0.0,0.0,0.0,0.2,0.0,1.0,0.0
0,-1,legitimate_tr_TR,cal,15,,10968,0.4275,0.40909090909090906,0.4375,0.3333333333333333,1.0,0.0,0.0,0.0,0.0,0.30000000000000004,0.0,0.0,1.0
0,-1,legitimate_id_ID,cal,15,,8114,0.5919230769230769,0.2619047619047619,0.5384615384615384,0.5,1.0,0.0,0.0,0.0,0.0,0.33333333333333337,0.0,0.0,1.0
0,-1,legitimate_en_US,cal,15,,2941,0.855,0.5405405405405406,0.7407407407407408,0.3333333333333333,0.5,0.0,0.0,0.0,0.0,0.33333333333333337,0.0,0.0,1.0
0,-1,legitimate_en_GB,cal,15,,2010,0.5806451612903225,0.5161290322580645,0.6363636363636364,0.3333333333333333,1.0,0.0,0.0,0.13793103448275867,0.0,0.228,0.0,1.0,1.0
0,-1,legitimate_es_ES,cal,15,,7967,0.855,0.4888888888888889,0.5925925925925926,0.6666666666666666,1.0,0.0,0.0,0.3375,0.0,0.475,0.0,1.0,1.0
0,-1,legitimate_fr_FR,cal,15,,6185,0.855,0.6666666666666665,0.75,0.5,1.0,0.0,0.0,0.0,0.0,0.57,0.0,1.0,0.0
0,-1,legitimate_de_DE,cal,15,,3782,0.5882352941176471,0.5882352941176471,0.6153846153846154,1.0,1.0,0.0,0.0,0.0,0.0,0.2,0.0,1.0,1.0
0,-1,legitimate_it_IT,cal,15,,1815,0.534375,0.5625,0.5714285714285714,0.5,1.0,0.0,0.0,0.49090909090909085,0.0,0.3325,0.0,1.0,0.0
0,-1,legitimate_pt_BR,cal,15,,18145,0.855,0.6363636363636364,0.6666666666666667,0.5,1.0,0.0,0.0,0.45,0.0,0.4,0.0,1.0,0.0
0,-1,legitimate_ru_RU,cal,15,,8553,0.722,0.76,0.6341463414634146,0.3333333333333333,1.0,0.0,0.0,0.0,0.0,0.57,0.0,1.0,0.0
0,-1,legitimate_uk_UA,cal,15,,4444,0.855,0.5454545454545454,0.6153846153846154,0.5,1.0,0.0,0.0,0.0,0.0,0.57,0.0,0.0,0.0
0,-1,legitimate_ar_EG,cal,15,,1214,0.5384615384615384,0.5384615384615384,0.736842105263158,0.5,1.0,0.0,0.0,0.2571428571428571,0.0,0.36464646464646466,0.0,1.0,1.0
0,-1,legitimate_fa_IR,cal,15,,1087,0.44999999999999996,0.45,0.5294117647058824,0.25,1.0,0.0,0.0,0.1894736842105263,0.0,0.3857142857142858,0.0,1.0,1.0
0,-1,legitimate_hi_IN,cal,15,,12156,0.5,0.4375,0.6666666666666667,0.3333333333333333,1.0,0.0,0.0,0.0,0.0,0.34285714285714286,0.0,0.0,1.0
0,-1,legitimate_zh_CN,cal,15,,4109,0.855,0.6,0.7692307692307692,1.0,1.0,0.0,0.0,0.0,0.0,0.2,0.0,1.0,1.0
0,-1,legitimate_ja_JP,cal,15,,234,0.855,0.5,0.6153846153846154,0.6666666666666666,1.0,0.0,0.0,0.45,0.0,0.3666666666666667,0.0,1.0,1.0
0,-1,legitimate_ko_KR,cal,15,,16369,0.6,0.4666666666666666,0.6923076923076923,0.0,1.0,0.0,0.0,0.0,0.0,0.2,0.0,1.0,1.0
0,-1,legitimate_tr_TR,cal,15,,507,0.5,0.5,0.5,0.3333333333333333,1.0,0.0,0.0,0.3243902439024389,0.0,0.2,0.0,1.0,1.0
0,-1,legitimate_id_ID,cal,15,,1961,0.675,0.375,0.75,0.0,1.0,0.0,0.0,0.0,0.0,0.57,0.0,0.0,1.0
0,-1,legitimate_en_US,cal,15,,11221,0.855,0.5454545454545454,0.64,0.5,1.0,0.0,0.0,0.0,0.0,0.57,0.0,1.0,0.0
0,-1,legitimate_en_GB,cal,15,,14666,0.855,0.6666666666666665,0.6666666666666667,0.5,1.0,0.0,0.0,0.19999999999999996,0.0,0.4090909090909091,0.0,1.0,0.0
0,-1,legitimate_es_ES,cal,15,,1170,0.855,0.5714285714285715,0.6666666666666667,0.3333333333333333,1.0,0.0,0.0,0.342,0.0,0.42035398230088494,0.0,1.0,0.0
0,-1,legitimate_fr_FR,cal,15,,1302,0.5641025641025641,0.5641025641025641,0.6451612903225806,0.3333333333333333,1.0,0.0,0.0,0.0,0.0,0.39701492537313426,0.0,1.0,1.0
0,-1,legitimate_de_DE,cal,15,,14821,0.855,0.5882352941176471,0.5833333333333333,0.5,1.0,0.0,0.0,0.0,0.0,0.34734375,0.0,0.0,0.0
0,-1,legitimate_it_IT,cal,15,,11475,0.5369565217391304,0.5652173913043478,0.5161290322580645,0.3333333333333333,1.0,0.0,0.0,0.24,0.0,0.57,0.0,1.0,0.0
0,-1,legitimate_pt_BR,cal,15,,3864,0.4987499999999999,0.5,0.5,0.0,1.0,0.0,0.0,0.0,0.0,0.2,0.0,0.0,1.0
0,-1,legitimate_ru_RU,cal,15,,18115,0.7796610169491526,0.7796610169491526,0.8,0.6666666666666666,1.0,0.0,0.0,0.0,0.0,0.2,0.0,1.0,0.0
0,-1,legitimate_uk_UA,cal,15,,9667,0.7125,0.75,0.48,0.5,1.0,0.0,0.0,0.4444444444444444,0.0,0.57,0.0,1.0,1.0
0,-1,legitimate_ar_EG,cal,15,,688,0.684,0.5333333333333333,0.6,1.0,1.0,0.0,0.0,0.0,0.0,0.57,0.0,1.0,1.0
0,-1,legitimate_fa_IR,cal,15,,127,0.57,0.3,0.5,0.0,1.0,0.0,0.0,0.0,0.0,0.2,0.0,0.0,1.0
0,-1,legitimate_hi_IN,cal,15,,18623,0.5089285714285714,0.5357142857142857,0.44999999999999996,0.0,1.0,0.0,0.0,0.3375,0.0,0.2,0.0,1.0,0.0
0,-1,legitimate_zh_CN,cal,15,,1319,0.855,0.7692307692307692,0.7692307692307692,0.5,1.0,0.0,0.0,0.0,0.0,0.855,0.0,1.0,0.0
0,-1,legitimate_ja_JP,cal,15,,1331,0.855,0.5806451612903225,0.782608695652174,0.5,1.0,0.0,0.0,0.0,0.0,0.3789473684210526,0.0,1.0,0.0
0,-1,legitimate_ko_KR,cal,15,,5573,0.5714285714285714,0.38095238095238093,0.6153846153846154,1.0,1.0,0.0,0.0,0.0,0.0,0.2,0.0,0.0,1.0
0,-1,legitimate_tr_TR,cal,15,,3440,0.54,0.375,0.6,0.0,1.0,0.0,0.0,0.4603846153846154,0.0,0.57,0.0,1.0,1.0
0,-1,legitimate_id_ID,cal,15,,18670,0.855,0.6,0.7142857142857143,0.5,1.0,0.0,0.0,0.0,0.0,0.2,0.0,1.0,1.0
0,-1,legitimate_en_US,cal,15,,6349,0.855,0.6666666666666665,0.6666666666666667,0.5,1.0,0.0,0.0,0.0,0.0,0.5,0.0,1.0,1.0
0,-1,legitimate_en_GB,cal,15,,3713,0.855,0.7,0.6923076923076923,0.5,1.0,0.0,0.0,0.0,0.0,0.34545454545454546,0.0,1.0,0.0
0,-1,legitimate_es_ES,cal,15,,12531,0.855,0.4489795918367347,0.5714285714285714,0.6666666666666666,1.0,0.0,0.0,0.3946153846153846,0.0,0.57,0.0,1.0,0.0
0,-1,legitimate_fr_FR,cal,15,,18632,0.5066666666666666,0.4705882352941177,0.5294117647058824,0.5,1.0,0.0,0.0,0.0,0.0,0.3969642857142857,0.0,0.0,1.0
0,-1,legitimate_de_DE,cal,15,,14307,0.5,0.4,0.5555555555555556,0.3333333333333333,1.0,0.0,0.0,0.0,0.0,0.38,0.0,0.0,1.0
0,-1,legitimate_it_IT,cal,15,,2714,0.7125,0.75,0.6666666666666667,0.5,1.0,0.0,0.0,0.35,0.0,0.57,0.0,1.0,1.0
0,-1,legitimate_pt_BR,cal,15,,1436,0.5727272727272728,0.358974358974359,0.6363636363636364,0.5,1.0,0.0,0.0,0.4275,0.0,0.41860465116279066,0.0,1.0,0.0
0,-1,legitimate_ru_RU,cal,15,,9661,0.855,0.6153846153846154,0.6153846153846154,0.3333333333333333,1.0,0.0,0.0,0.5,0.0,0.57,0.0,1.0,1.0
0,-1,legitimate_uk_UA,cal,15,,2768,0.855,0.625,0.5555555555555556,0.5,1.0,0.0,0.0,0.4057627118644067,0.0,0.57,0.0,1.0,0.0
0,-1,legitimate_ar_EG,cal,15,,12508,0.8461538461538461,0.8461538461538461,0.8461538461538461,0.5,1.0,0.0,0.0,0.45,0.0,0.36,0.0,1.0,0.0
0,-1,legitimate_fa_IR,cal,15,,3711,0.48,0.41666666666666663,0.5333333333333333,0.0,1.0,0.0,0.0,0.0,0.0,0.26190476190476186,0.0,0.0,0.0
0,-1,legitimate_hi_IN,cal,15,,11182,0.5714285714285714,0.5714285714285715,0.5833333333333333,0.5,1.0,0.0,0.0,0.0,0.0,0.34833333333333344,0.0,0.0,1.0
0,-1,legitimate_zh_CN,cal,15,,10789,0.9,1.0,1.0,1.0,1.0,0.0,0.0,0.5185185185185186,0.0,0.5029411764705882,0.0,1.0,1.0
0,-1,legitimate_ja_JP,cal,15,,3813,0.855,0.5714285714285715,0.6,0.25,1.0,0.0,0.0,0.0,0.0,0.45,0.0,1.0,0.0
0,-1,legitimate_ko_KR,cal,15,,1463,0.5625,0.3571428571428571,0.625,1.0,1.0,0.0,0.0,0.0,0.0,0.49090909090909085,0.0,0.0,1.0
0,-1,legitimate_tr_TR,cal,15,,127,0.6000000000000001,0.17647058823529405,0.6666666666666667,0.0,1.0,0.0,0.0,0.0,0.0,0.57,0.0,0.0,1.0
0,-1,legitimate_id_ID,cal,15,,567,0.7000000000000002,0.6153846153846154,0.7777777777777779,0.0,1.0,0.0,0.0,0.0,0.0,0.2571428571428572,0.0,0.0,1.0
0,-1,legitimate_en_US,cal,15,,8824,0.855,0.5555555555555556,0.782608695652174,0.5,1.0,0.0,0.0,0.26999999999999996,0.0,0.2,0.0,1.0,0.0
0,-1,legitimate_en_GB,cal,15,,142,0.855,0.6956521739130435,0.8275862068965517,0.5,1.0,0.0,0.0,0.4,0.0,0.57,0.0,1.0,0.0
0,-1,legitimate_es_ES,cal,15,,1630,0.6,0.6,0.6666666666666667,0.0,1.0,0.0,0.0,0.36,0.0,0.57,0.0,1.0,0.0
0,-1,legitimate_fr_FR,cal,15,,245,0.63,0.5,0.7,0.5,1.0,0.0,0.0,0.4153846153846154,0.0,0.57,0.0,1.0,1.0
0,-1,legitimate_de_DE,cal,15,,9845,0.855,0.5384615384615384,0.631578947368421,0.5,1.0,0.0,0.0,0.456,0.0,0.38,0.0,1.0,1.0
0,-1,legitimate_it_IT,cal,15,,16503,0.6650000000000001,0.64,0.7058823529411764,0.5,1.0,0.0,0.0,0.0,0.0,0.57,0.0,0.0,0.0
0,-1,legitimate_pt_BR,cal,15,,11494,0.855,0.8181818181818181,0.8181818181818181,0.5,1.0,0.0,0.0,0.4275,0.0,0.3555555555555555,0.0,1.0,0.0
0,-1,legitimate_ru_RU,cal,15,,15246,0.45,0.4222222222222222,0.5,0.0,1.0,0.0,0.0,0.0,0.0,0.45,0.0,0.0,0.0
0,-1,legitimate_uk_UA,cal,15,,19118,0.8,0.5263157894736842,0.8888888888888888,0.5,1.0,0.0,0.0,0.0,0.0,0.57,0.0,0.0,0.0
0,-1,legitimate_ar_EG,cal,15,,16053,0.855,0.8333333333333333,0.923076923076923,0.5,1.0,0.0,0.0,0.0,0.0,0.57,0.0,0.0,0.0
0,-1,legitimate_fa_IR,cal,15,,175,0.48857142857142855,0.48,0.4705882352941176,0.5,1.0,0.0,0.0,0.0,0.0,0.57,0.0,0.0,1.0
0,-1,legitimate_hi_IN,cal,15,,13894,0.4714285714285715,0.33766233766233766,0.5238095238095238,0.0,1.0,0.0,0.0,0.0,0.0,0.3306122448979592,0.0,0.0,1.0
0,-1,legitimate_zh_CN,cal,15,,17043,0.855,0.6666666666666665,0.6666666666666667,0.5,1.0,0.0,0.0,0.4846153846153846,0.0,0.7578947368421052,0.0,1.0,0.0
0,-1,legitimate_ja_JP,cal,15,,18896,0.7500000000000001,0.4761904761904762,0.8333333333333335,0.25,1.0,0.0,0.0,0.0,0.0,0.49090909090909085,0.0,1.0,0.0
0,-1,legitimate_ko_KR,cal,15,,303,0.7714285714285716,0.4,0.8571428571428572,0.0,1.0,0.0,0.0,0.0,0.0,0.2,0.0,0.0,1.0
0,-1,legitimate_tr_TR,cal,15,,11727,0.5684210526315789,0.5,0.631578947368421,0.0,1.0,0.0,0.0,0.0,0.0,0.855,0.0,1.0,0.0
0,-1,legitimate_id_ID,cal,15,,16469,0.855,0.3272727272727273,0.4285714285714286,0.3333333333333333,1.0,0.0,0.0,0.0,0.0,0.855,0.0,0.0,1.0
0,-1,legitimate_en_US,cal,15,,12789,0.855,0.7333333333333333,0.7333333333333334,0.5,1.0,0.0,0.0,0.3017647058823529,0.0,0.4,0.0,1.0,1.0
0,-1,legitimate_en_GB,cal,15,,11450,0.855,0.625,0.6363636363636364,0.5,1.0,0.0,0.0,0.17999999999999997,0.0,0.4663636363636363,0.0,1.0,1.0
0,-1,legitimate_es_ES,cal,15,,17197,0.5588235294117646,0.5882352941176471,0.6486486486486487,0.3333333333333333,1.0,0.0,0.0,0.0,0.0,0.342,0.0,0.0,0.0
0,-1,legitimate_fr_FR,cal,15,,11179,0.855,0.6363636363636364,0.6,0.5,1.0,0.0,0.0,0.4809375,0.0,0.42857142857142855,0.0,1.0,0.0
0,-1,legitimate_de_DE,cal,15,,11510,0.6000000000000001,0.48648648648648646,0.6666666666666667,0.5,1.0,0.0,0.0,0.0,0.0,0.27118644067796616,0.0,0.0,0.0
0,-1,legitimate_it_IT,cal,15,,6767,0.4651162790697675,0.46511627906976744,0.6206896551724138,0.3333333333333333,1.0,0.0,0.0,0.4705882352941176,0.0,0.475,0.0,1.0,0.0
0,-1,legitimate_pt_BR,cal,15,,17264,0.855,0.5333333333333333,0.5333333333333333,0.5,1.0,0.0,0.0,0.0,0.0,0.57,0.0,1.0,0.0
0,-1,legitimate_ru_RU,cal,15,,3838,0.7142857142857143,0.6785714285714286,0.7058823529411764,0.25,1.0,0.0,0.0,0.4,0.0,0.57,0.0,1.0,0.0
0,-1,legitimate_uk_UA,cal,15,,253,0.72,0.2857142857142857,0.8,0.0,1.0,0.0,0.0,0.0,0.0,0.57,0.0,0.0,1.0
0,-1,legitimate_ar_EG,cal,15,,1031,0.6363636363636364,0.6363636363636364,0.736842105263158,0.5,1.0,0.0,0.0,0.0,0.0,0.35789473684210527,0.0,0.0,0.0
0,-1,legitimate_fa_IR,cal,15,,1980,0.5684210526315789,0.3703703703703704,0.631578947368421,0.5,1.0,0.0,0.0,0.342,0.0,0.2,0.0,1.0,1.0
0,-1,legitimate_hi_IN,cal,15,,4790,0.4809375,0.45,0.4615384615384615,0.5,1.0,0.0,0.0,0.0,0.0,0.30000000000000004,0.0,0.0,1.0
0,-1,legitimate_zh_CN,cal,15,,6709,0.8421052631578947,0.8421052631578948,0.9333333333333332,0.5,1.0,0.0,0.0,0.0,0.0,0.5985,0.0,1.0,0.0
0,-1,legitimate_ja_JP,cal,15,,6260,0.855,0.5714285714285715,0.8,0.25,1.0,0.0,0.0,0.0,0.0,0.3973856209150327,0.0,1.0,0.0
0,-1,legitimate_ko_KR,cal,15,,17622,0.7411764705882352,0.23728813559322035,0.8235294117647058,1.0,1.0,0.0,0.0,0.0,0.0,0.3847499999999999,0.0,0.0,1.0
0,-1,legitimate_tr_TR,cal,15,,2415,0.855,0.42857142857142855,0.5217391304347826,0.25,1.0,0.0,0.0,0.0,0.0,0.3497727272727273,0.0,0.0,1.0
0,-1,legitimate_id_ID,cal,15,,2104,0.6666666666666667,0.6666666666666665,0.5882352941176471,0.5,1.0,0.0,0.0,0.0,0.0,0.855,0.0,0.0,1.0
0,-1,legitimate_en_US,cal,15,,644,0.855,0.625,0.625,1.0,1.0,0.0,0.0,0.28421052631578947,0.0,0.57,0.0,1.0,0.0
0,-1,legitimate_en_GB,cal,15,,13094,0.855,0.625,0.6363636363636364,0.5,1.0,0.0,0.0,0.3157894736842105,0.0,0.4,0.0,1.0,0.0
0,-1,legitimate_es_ES,cal,15,,996,0.76,0.8,0.6666666666666667,0.5,1.0,0.0,0.0,0.342,0.0,0.3877551020408163,0.0,1.0,0.0
0,-1,legitimate_fr_FR,cal,15,,8895,0.5571428571428572,0.36111111111111116,0.6190476190476191,0.3333333333333333,1.0,0.0,0.0,0.0,0.0,0.3507692307692308,0.0,0.0,1.0
0,-1,legitimate_de_DE,cal,15,,9126,0.5472,0.4,0.6,0.5,1.0,0.0,0.0,0.0,0.0,0.57,0.0,1.0,0.0
0,-1,legitimate_it_IT,cal,15,,10832,0.855,0.7,0.7,0.5,1.0,0.0,0.0,0.0,0.0,0.38306451612903225,0.0,1.0,0.0
0,-1,legitimate_pt_BR,cal,15,,18284,0.855,0.5,0.6538461538461539,0.5,1.0,0.0,0.0,0.4375,0.0,0.4663636363636363,0.0,1.0,0.0
0,-1,legitimate_ru_RU,cal,15,,8582,0.75,0.75,0.7692307692307692,0.3333333333333333,1.0,0.0,0.0,0.0,0.0,0.57,0.0,1.0,0.0
0,-1,legitimate_uk_UA,cal,15,,8820,0.63,0.5517241379310345,0.7,0.0,1.0,0.0,0.0,0.0,0.0,0.3058823529411765,0.0,0.0,1.0
0,-1,legitimate_ar_EG,cal,15,,4698,0.855,0.6086956521739131,0.625,0.5,1.0,0.0,0.0,0.4,0.0,0.24000000000000005,0.0,1.0,1.0
0,-1,legitimate_fa_IR,cal,15,,4374,0.6000000000000001,0.26086956521739124,0.6666666666666667,0.5,1.0,0.0,0.0,0.0,0.0,0.36,0.0,1.0,0.0
0,-1,legitimate_hi_IN,cal,15,,1314,0.48275862068965514,0.48275862068965514,0.5263157894736843,0.0,1.0,0.0,0.0,0.0,0.0,0.2548780487804878,0.0,1.0,0.0
0,-1,legitimate_zh_CN,cal,15,,847,0.64,0.64,0.7619047619047619,0.3333333333333333,1.0,0.0,0.0,0.5142857142857142,0.0,0.49090909090909085,0.0,1.0,1.0
0,-1,legitimate_ja_JP,cal,15,,17819,0.855,0.45,0.5185185185185186,0.25,1.0,0.0,0.0,0.0,0.0,0.375,0.0,0.0,0.0
0,-1,legitimate_ko_KR,cal,15,,303,0.7714285714285716,0.42857142857142855,0.8571428571428572,0.0,1.0,0.0,0.0,0.0,0.0,0.2,0.0,0.0,1.0
0,-1,legitimate_tr_TR,cal,15,,14564,0.855,0.5116279069767442,0.5,0.2,1.0,0.0,0.0,0.0,0.0,0.38294573643410856,0.0,0.0,1.0
0,-1,legitimate_id_ID,cal,15,,333,0.855,0.3870967741935484,0.6,0.2,1.0,0.0,0.0,0.0,0.0,0.57,0.0,0.0,1.0
0,-1,legitimate_en_US,cal,15,,3297,0.855,0.7272727272727272,0.8571428571428572,0.5,1.0,0.0,0.0,0.2857142857142857,0.0,0.328395061728395,0.0,1.0,1.0
0,-1,legitimate_en_GB,cal,15,,5774,0.5727272727272728,0.34782608695652173,0.6363636363636364,0.5,1.0,0.0,0.0,0.0,0.0,0.27,0.0,1.0,0.0
0,-1,legitimate_es_ES,cal,15,,4841,0.6211538461538462,0.6538461538461539,0.6341463414634146,0.3333333333333333,1.0,0.0,0.0,0.0,0.0,0.5625,0.0,1.0,0.0
0,-1,legitimate_fr_FR,cal,15,,6185,0.855,0.7,0.7,0.5,1.0,0.0,0.0,0.0,0.0,0.57,0.0,1.0,0.0
0,-1,legitimate_de_DE,cal,15,,7607,0.45714285714285713,0.4,0.5,0.5,1.0,0.0,0.0,0.0,0.0,0.3857142857142858,0.0,0.0,0.0
0,-1,legitimate_it_IT,cal,15,,10820,0.5625,0.46511627906976744,0.625,0.5,1.0,0.0,0.0,0.36,0.0,0.855,0.0,1.0,0.0
0,-1,legitimate_pt_BR,cal,15,,148,0.6545454545454547,0.5806451612903225,0.7272727272727273,0.0,1.0,0.0,0.0,0.3846153846153846,0.0,0.57,0.0,1.0,1.0
0,-1,legitimate_ru_RU,cal,15,,10173,0.6296296296296297,0.6296296296296297,0.6666666666666667,0.3333333333333333,1.0,0.0,0.0,0.4153846153846154,0.0,0.3375,0.0,1.0,0.0
0,-1,legitimate_uk_UA,cal,15,,4639,0.855,0.5925925925925926,0.631578947368421,0.5,1.0,0.0,0.0,0.0,0.0,0.3126582278481013,0.0,1.0,1.0
0,-1,legitimate_ar_EG,cal,15,,9940,0.6545454545454547,0.4615384615384615,0.7272727272727273,0.3333333333333333,1.0,0.0,0.0,0.36,0.0,0.57,0.0,1.0,0.0
0,-1,legitimate_fa_IR,cal,15,,2935,0.5142857142857142,0.3428571428571429,0.5714285714285714,0.2,1.0,0.0,0.0,0.0,0.0,0.57,0.0,0.0,1.0
0,-1,legitimate_hi_IN,cal,15,,1718,0.534375,0.4666666666666666,0.5333333333333333,0.3333333333333333,1.0,0.0,0.0,0.0,0.0,0.32500000000000007,0.0,0.0,1.0
0,-1,legitimate_zh_CN,cal,15,,17907,0.7777777777777779,0.7777777777777777,0.875,0.5,1.0,0.0,0.0,0.0,0.0,0.3735042735042735,0.0,1.0,0.0
0,-1,legitimate_ja_JP,cal,15,,847,0.6514285714285714,0.6857142857142857,0.6666666666666667,0.5,1.0,0.0,0.0,0.45,0.0,0.49090909090909085,0.0,1.0,1.0
0,-1,legitimate_ko_KR,cal,15,,17031,0.5684210526315789,0.25714285714285706,0.631578947368421,1.0,1.0,0.0,0.0,0.0,0.0,0.54,0.0,0.0,0.0
0,-1,legitimate_tr_TR,cal,15,,688,0.855,0.5652173913043478,0.6363636363636364,0.2,1.0,0.0,0.0,0.0,0.0,0.57,0.0,1.0,1.0
0,-1,legitimate_id_ID,cal,15,,1718,0.855,0.3846153846153846,0.5,0.25,1.0,0.0,0.0,0.0,0.0,0.4412903225806451,0.0,0.0,1.0
0,-1,legitimate_en_US,cal,15,,4233,0.855,0.6666666666666665,0.6666666666666667,0.5,1.0,0.0,0.0,0.285,0.0,0.57,0.0,1.0,0.0
0,-1,legitimate_en_GB,cal,15,,2336,0.855,0.7619047619047619,0.6923076923076923,1.0,1.0,0.0,0.0,0.35999999999999993,0.0,0.57,0.0,1.0,0.0
0,-1,legitimate_es_ES,cal,15,,1066,0.855,0.5490196078431372,0.5714285714285714,0.3333333333333333,1.0,0.0,0.0,0.45,0.0,0.39375,0.0,1.0,0.0
0,-1,legitimate_fr_FR,cal,15,,564,0.855,0.3076923076923077,0.4864864864864865,0.3333333333333333,1.0,0.0,0.0,0.0,0.0,0.3220338983050847,0.0,0.0,1.0
0,-1,legitimate_de_DE,cal,15,,14198,0.4446,0.31404958677685957,0.48,0.0,1.0,0.0,0.0,0.0,0.0,0.855,0.0,0.0,0.0
0,-1,legitimate_it_IT,cal,15,,10683,0.5241379310344827,0.5517241379310345,0.5,0.5,1.0,0.0,0.0,0.0,0.0,0.57,0.0,0.0,0.0
0,-1,legitimate_pt_BR,cal,15,,1650,0.5555555555555556,0.5555555555555556,0.5454545454545454,0.0,1.0,0.0,0.0,0.0,0.0,0.3695652173913043,0.0,1.0,1.0
0,-1,legitimate_ru_RU,cal,15,,3142,0.855,0.4210526315789474,0.4117647058823529,0.2,1.0,0.0,0.0,0.0,0.0,0.3551401869158879,0.0,0.0,1.0
0,-1,legitimate_uk_UA,cal,15,,89,0.45714285714285713,0.45714285714285713,0.5,0.0,1.0,0.0,0.0,0.0,0.0,0.57,0.0,0.0,1.0
0,-1,legitimate_ar_EG,cal,15,,1753,0.855,0.6666666666666665,0.7142857142857143,0.5,1.0,0.0,0.0,0.4275,0.0,0.31935483870967746,0.0,1.0,0.0
0,-1,legitimate_fa_IR,cal,15,,2353,0.4736842105263159,0.32258064516129037,0.5263157894736843,0.3333333333333333,1.0,0.0,0.0,0.33333333333333337,0.0,0.57,0.0,1.0,0.0
0,-1,legitimate_hi_IN,cal,15,,11016,0.5365853658536586,0.4390243902439025,0.5,0.3333333333333333,1.0,0.0,0.0,0.0,0.0,0.3272727272727273,0.0,1.0,1.0
0,-1,legitimate_zh_CN,cal,15,,3898,0.9,0.8,1.0,0.5,1.0,0.0,0.0,0.0,0.0,0.57,0.0,1.0,0.0
0,-1,legitimate_ja_JP,cal,15,,10001,0.9,0.6666666666666665,1.0,0.6666666666666666,1.0,0.0,0.0,0.513,0.0,0.57,0.0,1.0,0.0
0,-1,legitimate_ko_KR,cal,15,,1967,0.5,0.5,0.6153846153846154,1.0,1.0,0.0,0.0,0.19999999999999996,0.0,0.57,0.0,1.0,0.0
0,-1,legitimate_tr_TR,cal,15,,2953,0.544090909090909,0.4102564102564103,0.5185185185185186,0.0,1.0,0.0,0.0,0.0,0.0,0.38535211267605624,0.0,0.0,1.0
0,-1,legitimate_id_ID,cal,15,,7663,0.56,0.56,0.6,0.5,1.0,0.0,0.0,0.15384615384615385,0.0,0.57,0.0,1.0,1.0
0,-1,legitimate_en_US,cal,15,,13572,0.57,0.4324324324324324,0.48,0.5,1.0,0.0,0.0,0.4,0.0,0.285,0.0,1.0,0.0
0,-1,legitimate_en_GB,cal,15,,11426,0.855,0.46808510638297873,0.5,0.3333333333333333,1.0,0.0,0.0,0.0,0.0,0.3017647058823529,0.0,0.0,1.0
0,-1,legitimate_es_ES,cal,15,,1259,0.5659574468085107,0.5957446808510638,0.6285714285714286,0.0,1.0,0.0,0.0,0.3109090909090909,0.0,0.855,0.0,1.0,0.0
0,-1,legitimate_fr_FR,cal,15,,2337,0.6147058823529411,0.6470588235294117,0.6428571428571428,0.3333333333333333,1.0,0.0,0.0,0.16000000000000003,0.0,0.2,0.0,1.0,0.0
0,-1,legitimate_de_DE,cal,15,,324,0.855,0.5263157894736842,0.6086956521739131,0.5,1.0,0.0,0.0,0.0,0.0,0.4222222222222222,0.0,0.0,0.0
0,-1,legitimate_it_IT,cal,15,,5109,0.5625,0.4615384615384615,0.625,0.5,1.0,0.0,0.0,0.0,0.0,0.39375,0.0,0.0,0.0
0,-1,legitimate_pt_BR,cal,15,,71,0.855,0.52,0.6060606060606061,0.25,1.0,0.0,0.0,0.0,0.0,0.38,0.0,1.0,0.0
0,-1,legitimate_ru_RU,cal,15,,11773,0.7048387096774192,0.7419354838709676,0.6666666666666667,0.3333333333333333,1.0,0.0,0.0,0.4,0.0,0.3625954198473283,0.0,1.0,1.0
0,-1,legitimate_uk_UA,cal,15,,89,0.9,0.33333333333333326,1.0,0.0,1.0,0.0,0.0,0.0,0.0,0.228,0.0,0.0,1.0
0,-1,legitimate_ar_EG,cal,15,,6603,0.5128205128205128,0.5128205128205129,0.5714285714285714,0.0,1.0,0.0,0.0,0.0,0.0,0.36,0.0,0.0,1.0
0,-1,legitimate_fa_IR,cal,15,,7533,0.5115384615384615,0.5384615384615384,0.5882352941176471,0.5,1.0,0.0,0.0,0.3857142857142858,0.0,0.24428571428571427,0.0,1.0,1.0
0,-1,legitimate_hi_IN,cal,15,,4589,0.6576923076923076,0.5789473684210527,0.6666666666666667,0.3333333333333333,1.0,0.0,0.0,0.4275,0.0,0.57,0.0,1.0,0.0
0,-1,legitimate_zh_CN,cal,15,,10239,0.855,0.6666666666666665,0.6666666666666667,0.5,1.0,0.0,0.0,0.0,0.0,0.3660550458715596,0.0,1.0,0.0
0,-1,legitimate_ja_JP,cal,15,,847,0.855,0.5,0.631578947368421,0.25,1.0,0.0,0.0,0.5142857142857142,0.0,0.5727272727272728,0.0,1.0,1.0
0,-1,legitimate_ko_KR,cal,15,,303,0.7714285714285716,0.6,0.8571428571428572,0.0,1.0,0.0,0.0,0.0,0.0,0.57,0.0,0.0,1.0
0,-1,legitimate_tr_TR,cal,15,,4500,0.4864864864864865,0.4324324324324324,0.5,0.0,1.0,0.0,0.0,0.0,0.0,0.38737864077669903,0.0,0.0,1.0
0,-1,legitimate_id_ID,cal,15,,8194,0.4846153846153846,0.2784810126582279,0.5384615384615384,0.0,1.0,0.0,0.0,0.0,0.0,0.855,0.0,0.0,0.0
0,-1,legitimate_en_US,cal,15,,1280,0.8181818181818181,0.8181818181818181,0.8571428571428572,0.5,1.0,0.0,0.0,0.2375,0.0,0.4153846153846154,0.0,1.0,0.0
0,-1,legitimate_en_GB,cal,15,,11190,0.6155999999999999,0.5,0.5625,0.3333333333333333,1.0,0.0,0.0,0.0,0.0,0.2,0.0,1.0,0.0
0,-1,legitimate_es_ES,cal,15,,12369,0.42903225806451617,0.4516129032258065,0.5,0.5,1.0,0.0,0.0,0.0,0.0,0.37604166666666666,0.0,0.0,0.0
0,-1,legitimate_fr_FR,cal,15,,17570,0.855,0.4411764705882353,0.5641025641025641,0.25,1.0,0.0,0.0,0.0,0.0,0.39230769230769236,0.0,0.0,0.0
0,-1,legitimate_de_DE,cal,15,,89,0.5294117647058824,0.411764705882353,0.6153846153846154,0.0,1.0,0.0,0.0,0.0,0.0,0.2,0.0,0.0,1.0
0,-1,legitimate_it_IT,cal,15,,7967,0.855,0.44,0.5,0.3333333333333333,1.0,0.0,0.0,0.6000000000000001,0.0,0.3497727272727273,0.0,1.0,1.0
0,-1,legitimate_pt_BR,cal,15,,807,0.4878048780487805,0.4878048780487805,0.5454545454545454,0.0,1.0,0.0,0.0,0.0,0.0,0.57,0.0,0.0,1.0
0,-1,legitimate_ru_RU,cal,15,,976,0.5277777777777778,0.5555555555555556,0.5,0.3333333333333333,1.0,0.0,0.0,0.30000000000000004,0.0,0.57,0.0,1.0,1.0
0,-1,legitimate_uk_UA,cal,15,,7277,0.5,0.4,0.5555555555555556,0.0,1.0,0.0,0.0,0.0,0.0,0.855,0.0,0.0,1.0
0,-1,legitimate_ar_EG,cal,15,,2637,0.6000000000000001,0.45,0.6666666666666667,0.0,1.0,0.0,0.0,0.0,0.0,0.4441558441558442,0.0,0.0,0.0
0,-1,legitimate_fa_IR,cal,15,,2384,0.6000000000000001,0.4,0.6666666666666667,0.0,1.0,0.0,0.0,0.0,0.0,0.57,0.0,0.0,0.0
0,-1,legitimate_hi_IN,cal,15,,1819,0.5225806451612902,0.4390243902439025,0.5806451612903225,0.0,1.0,0.0,0.0,0.6428571428571429,0.0,0.57,0.0,1.0,1.0
0,-1,legitimate_zh_CN,cal,15,,847,0.855,0.6666666666666665,0.7692307692307692,0.5,1.0,0.0,0.0,0.5142857142857142,0.0,0.4663636363636363,0.0,1.0,1.0
0,-1,legitimate_ja_JP,cal,15,,16747,0.855,0.7272727272727272,0.7142857142857143,0.25,1.0,0.0,0.0,0.0,0.0,0.2,0.0,0.0,1.0
0,-1,legitimate_ko_KR,cal,15,,1020,0.4275,0.2758620689655173,0.4,1.0,1.0,0.0,0.0,0.4153846153846154,0.0,0.57,0.0,1.0,0.0
0,-1,legitimate_tr_TR,cal,15,,15714,0.855,0.625,0.625,1.0,1.0,0.0,0.0,0.0,0.0,0.35625,0.0,0.0,0.0
0,-1,legitimate_id_ID,cal,15,,1439,0.855,0.6,0.5714285714285714,0.5,1.0,0.0,0.0,0.0,0.0,0.4088607594936709,0.0,0.0,1.0
0,-1,legitimate_en_US,cal,15,,3706,0.855,0.5882352941176471,0.6666666666666667,0.5,1.0,0.0,0.0,0.4090909090909091,0.0,0.2905882352941177,0.0,1.0,0.0
0,-1,legitimate_en_GB,cal,15,,12805,0.63,0.6,0.6363636363636364,0.3333333333333333,1.0,0.0,0.0,0.2571428571428571,0.0,0.30857142857142855,0.0,1.0,1.0
0,-1,legitimate_es_ES,cal,15,,2510,0.5714285714285714,0.5306122448979592,0.6190476190476191,0.3333333333333333,1.0,0.0,0.0,0.54,0.0,0.57,0.0,1.0,0.0
0,-1,legitimate_fr_FR,cal,15,,12582,0.5896551724137931,0.6206896551724138,0.42105263157894735,0.5,1.0,0.0,0.0,0.0,0.0,0.342,0.0,0.0,1.0
0,-1,legitimate_de_DE,cal,15,,6595,0.6000000000000001,0.5,0.6666666666666667,0.0,1.0,0.0,0.0,0.0,0.0,0.3135,0.0,0.0,1.0
0,-1,legitimate_it_IT,cal,15,,848,0.5588235294117647,0.5882352941176471,0.4615384615384615,0.5,1.0,0.0,0.0,0.3448275862068966,0.0,0.28297872340425534,0.0,1.0,1.0
0,-1,legitimate_pt_BR,cal,15,,3753,0.855,0.4,0.5333333333333333,0.25,1.0,0.0,0.0,0.0,0.0,0.57,0.0,0.0,1.0
0,-1,legitimate_ru_RU,cal,15,,12289,0.7475409836065573,0.7868852459016393,0.8235294117647058,0.3333333333333333,1.0,0.0,0.0,0.19999999999999996,0.0,0.40303030303030296,0.0,1.0,0.0
0,-1,legitimate_uk_UA,cal,15,,565,0.5538461538461539,0.4761904761904762,0.6153846153846154,0.0,1.0,0.0,0.0,0.0,0.0,0.28358208955223885,0.0,0.0,0.0
0,-1,legitimate_ar_EG,cal,15,,1292,0.855,0.625,0.6363636363636364,0.5,1.0,0.0,0.0,0.0,0.0,0.285,0.0,1.0,0.0
0,-1,legitimate_fa_IR,cal,15,,13884,0.63,0.3783783783783784,0.7,0.5,1.0,0.0,0.0,0.0,0.0,0.33529411764705885,0.0,0.0,0.0
0,-1,legitimate_hi_IN,cal,15,,15218,0.4736842105263158,0.4210526315789474,0.4615384615384615,0.5,1.0,0.0,0.0,0.45,0.0,0.57,0.0,1.0,1.0
0,-1,legitimate_zh_CN,cal,15,,18924,0.76,0.8,0.6666666666666667,0.6666666666666666,1.0,0.0,0.0,0.27586206896551724,0.0,0.5,0.0,1.0,0.0
0,-1,legitimate_ja_JP,cal,15,,335,0.855,0.3076923076923077,0.4545454545454546,0.5,1.0,0.0,0.0,0.0,0.0,0.855,0.0,0.0,1.0
0,-1,legitimate_ko_KR,cal,15,,8790,0.5142857142857142,0.4,0.5714285714285714,1.0,1.0,0.0,0.0,0.0,0.0,0.25,0.0,0.0,1.0
0,-1,legitimate_tr_TR,cal,15,,1898,0.855,0.6666666666666665,0.9090909090909091,0.3333333333333333,1.0,0.0,0.0,0.3375,0.0,0.57,0.0,1.0,0.0
0,-1,legitimate_id_ID,cal,15,,7426,0.5181818181818182,0.5454545454545454,0.48,0.0,1.0,0.0,0.0,0.33333333333333337,0.0,0.4090909090909091,0.0,1.0,1.0
0,-1,legitimate_en_US,cal,15,,2524,0.54,0.41666666666666663,0.6,0.5,1.0,0.0,0.0,0.3076923076923077,0.0,0.57,0.0,1.0,0.0
0,-1,legitimate_en_GB,cal,15,,17208,0.9,0.7272727272727272,1.0,0.5,1.0,0.0,0.0,0.0,0.0,0.2,0.0,0.0,0.0
0,-1,legitimate_es_ES,cal,15,,11132,0.855,0.5,0.6086956521739131,0.3333333333333333,1.0,0.0,0.0,0.0,0.0,0.35348837209302325,0.0,0.0,1.0
0,-1,legitimate_fr_FR,cal,15,,1647,0.475,0.5,0.5833333333333333,0.5,1.0,0.0,0.0,0.36642857142857144,0.0,0.3492063492063492,0.0,1.0,0.0
0,-1,legitimate_de_DE,cal,15,,15182,0.6966666666666669,0.5,0.5454545454545454,0.5,1.0,0.0,0.0,0.32258064516129037,0.0,0.3017647058823529,0.0,1.0,0.0
0,-1,legitimate_it_IT,cal,15,,1647,0.6600000000000001,0.631578947368421,0.7333333333333334,0.0,1.0,0.0,0.0,0.4,0.0,0.36173076923076924,0.0,1.0,1.0
0,-1,legitimate_pt_BR,cal,15,,1794,0.5241379310344827,0.5517241379310345,0.48,0.5,1.0,0.0,0.0,0.3272727272727273,0.0,0.3308270676691729,0.0,1.0,1.0
0,-1,legitimate_ru_RU,cal,15,,14818,0.855,0.5263157894736842,0.5294117647058824,0.25,1.0,0.0,0.0,0.0,0.0,0.34285714285714286,0.0,0.0,0.0
0,-1,legitimate_uk_UA,cal,15,,7275,0.6705882352941177,0.7058823529411765,0.64,0.5,1.0,0.0,0.0,0.3703703703703704,0.0,0.3857142857142858,0.0,1.0,1.0
0,-1,hard_near_match,cal,15,,6704,0.9818181818181819,0.9818181818181819,1.0,1.0,1.0,0.0,0.0,0.45,0.0,0.3489795918367347,0.0,1.0,0.0
0,-1,hard_near_match,cal,15,,17607,0.9803921568627451,0.9803921568627452,0.96,1.0,1.0,0.0,0.0,0.0,0.0,0.57,0.0,1.0,0.0
0,-1,hard_near_match,cal,15,,13511,0.9855072463768118,0.9855072463768115,0.9705882352941176,1.0,1.0,0.0,0.0,0.0,0.0,0.32626262626262625,0.0,1.0,0.0
0,-1,hard_near_match,cal,15,,9150,0.967741935483871,0.967741935483871,0.967741935483871,0.6666666666666666,1.0,0.0,0.0,0.0,0.0,0.57,0.0,1.0,0.0
0,-1,hard_near_match,cal,15,,2481,0.923076923076923,0.923076923076923,0.923076923076923,1.0,1.0,0.0,0.0,0.25,0.0,0.57,0.0,1.0,0.0
0,-1,hard_near_match,cal,15,,10134,0.9811320754716981,0.9803921568627452,0.9803921568627451,0.8,1.0,0.0,0.0,0.0,0.0,0.35526315789473684,0.0,1.0,0.0
0,-1,hard_near_match,cal,15,,10214,1.0,1.0,1.0,1.0,1.0,0.0,0.0,0.0,0.0,0.3755813953488372,0.0,1.0,0.0
0,-1,hard_near_match,cal,15,,10744,0.8307692307692308,0.3414634146341463,0.923076923076923,0.0,1.0,0.0,0.0,0.36363636363636365,0.0,0.2,0.0,0.0,0.0
0,-1,hard_near_match,cal,15,,102,0.64125,0.6153846153846154,0.6666666666666667,1.0,1.0,0.0,0.0,0.0,0.0,0.2,0.0,0.0,1.0
0,-1,hard_near_match,cal,15,,6995,0.9523809523809522,0.9523809523809524,0.9,1.0,1.0,0.0,0.0,0.0,0.0,0.2,0.0,1.0,0.0
0,-1,hard_near_match,cal,15,,7190,0.8,0.6153846153846154,0.8888888888888888,1.0,1.0,0.0,0.0,0.45,0.0,0.57,0.0,0.0,0.0
0,-1,hard_near_match,cal,15,,10604,0.9830508474576272,0.9830508474576272,0.9824561403508771,1.0,1.0,0.0,0.0,0.0,0.0,0.3078947368421052,0.0,1.0,0.0
0,-1,hard_near_match,cal,15,,9868,0.967741935483871,0.967741935483871,0.9333333333333332,1.0,1.0,0.0,0.0,0.3017647058823529,0.0,0.3692307692307692,0.0,1.0,0.0
0,-1,hard_near_match,cal,15,,8145,0.6923076923076923,0.27272727272727265,0.7692307692307692,0.0,1.0,0.0,0.0,0.0,0.0,0.33529411764705885,0.0,1.0,1.0
0,-1,hard_near_match,cal,15,,17920,0.9411764705882352,0.9411764705882354,0.9333333333333332,1.0,1.0,0.0,0.0,0.2794117647058823,0.0,0.4090909090909091,0.0,1.0,0.0
0,-1,hard_near_match,cal,15,,8163,0.9811320754716981,0.9811320754716981,0.9615384615384616,1.0,1.0,0.0,0.0,0.0,0.0,0.57,0.0,1.0,0.0
0,-1,hard_near_match,cal,15,,8750,0.9642857142857143,0.9642857142857143,0.9642857142857143,1.0,1.0,0.0,0.0,0.0,0.0,0.3673469387755102,0.0,1.0,0.0
0,-1,hard_near_match,cal,15,,16984,0.9615384615384616,0.9615384615384616,0.9615384615384616,1.0,1.0,0.0,0.0,0.0,0.0,0.36,0.0,1.0,0.0
0,-1,hard_near_match,cal,15,,17622,0.9866666666666667,0.9866666666666667,0.9866666666666667,1.0,1.0,0.0,0.0,0.0,0.0,0.37173913043478257,0.0,1.0,0.0
0,-1,hard_near_match,cal,15,,16738,0.972972972972973,0.9729729729729729,0.9444444444444444,1.0,1.0,0.0,0.0,0.45,0.0,0.36642857142857144,0.0,1.0,0.0
0,-1,hard_near_match,cal,15,,116,0.9873417721518988,0.9873417721518988,0.9743589743589743,0.875,1.0,0.0,0.0,0.0,0.0,0.26666666666666666,0.0,1.0,0.0
0,-1,hard_near_match,cal,15,,11720,0.972972972972973,0.9729729729729729,0.9444444444444444,1.0,1.0,0.0,0.0,0.17391304347826086,0.0,0.45,0.0,1.0,0.0
0,-1,hard_near_match,cal,15,,13623,0.972972972972973,0.9729729729729729,0.9444444444444444,0.75,1.0,0.0,0.0,0.0,0.0,0.3857142857142858,0.0,1.0,0.0
0,-1,hard_near_match,cal,15,,1402,0.9850746268656717,0.9850746268656717,0.9696969696969697,1.0,1.0,0.0,0.0,0.0,0.0,0.3638297872340426,0.0,1.0,0.0
0,-1,hard_near_match,cal,15,,16994,0.9722222222222221,0.9722222222222223,0.9859154929577465,1.0,1.0,0.0,0.0,0.0,0.0,0.38,0.0,1.0,0.0
0,-1,hard_near_match,cal,15,,14492,0.9767441860465115,0.9767441860465117,0.9882352941176471,0.8,1.0,0.0,0.0,0.0,0.0,0.342,0.0,1.0,0.0
0,-1,hard_near_match,cal,15,,12364,0.9863013698630136,0.9863013698630136,0.9722222222222221,1.0,1.0,0.0,0.0,0.0,0.0,0.3058823529411765,0.0,1.0,0.0
0,-1,hard_near_match,cal,15,,5983,0.9166666666666665,0.9166666666666667,0.9565217391304348,1.0,1.0,0.0,0.0,0.0,0.0,0.39390243902439026,0.0,1.0,0.0
0,-1,hard_near_match,cal,15,,11263,0.9411764705882352,0.9411764705882354,0.9333333333333332,1.0,1.0,0.0,0.0,0.0,0.0,0.57,0.0,1.0,0.0
0,-1,hard_near_match,cal,15,,1201,0.9666666666666667,0.9666666666666667,0.9666666666666667,1.0,1.0,0.0,0.0,0.30000000000000004,0.0,0.36,0.0,1.0,0.0
0,-1,hard_near_match,cal,15,,1287,0.9615384615384616,0.9615384615384616,0.9615384615384616,0.6666666666666666,1.0,0.0,0.0,0.36363636363636365,0.0,0.2,0.0,1.0,0.0
0,-1,hard_near_match,cal,15,,18420,0.9900990099009901,0.9900990099009901,0.98,1.0,1.0,0.0,0.0,0.0,0.0,0.3857142857142858,0.0,1.0,0.0
0,-1,hard_near_match,cal,15,,6069,0.9803921568627451,0.9803921568627452,0.96,1.0,1.0,0.0,0.0,0.0,0.0,0.34615384615384615,0.0,1.0,0.0
0,-1,hard_near_match,cal,15,,11140,0.96,0.96,0.96,0.75,1.0,0.0,0.0,0.0,0.0,0.33835616438356164,0.0,1.0,0.0
0,-1,hard_near_match,cal,15,,18001,0.9761904761904762,0.9761904761904762,0.9761904761904762,1.0,1.0,0.0,0.0,0.0,0.0,0.4663636363636363,0.0,1.0,0.0
0,-1,hard_near_match,cal,15,,5961,0.9473684210526316,0.9473684210526315,0.8888888888888888,1.0,1.0,0.0,0.0,0.0,0.0,0.45,0.0,1.0,0.0
0,-1,hard_near_match,cal,15,,16475,0.9876543209876543,0.9876543209876543,0.975,0.8571428571428571,1.0,0.0,0.0,0.0,0.0,0.41052631578947363,0.0,1.0,0.0
0,-1,hard_near_match,cal,15,,15555,0.9583333333333335,0.9583333333333333,0.9583333333333335,0.6666666666666666,1.0,0.0,0.0,0.0,0.0,0.33333333333333337,0.0,1.0,0.0
0,-1,hard_near_match,cal,15,,8776,0.9883720930232558,0.9879518072289157,0.9883720930232558,0.9090909090909091,1.0,0.0,0.0,0.0,0.0,0.3670454545454545,0.0,1.0,0.0
0,-1,hard_near_match,cal,15,,5538,0.9841269841269842,0.9841269841269842,1.0,1.0,1.0,0.0,0.0,0.0,0.0,0.2,0.0,1.0,0.0
0,-1,hard_near_match,cal,15,,6554,0.9743589743589743,0.9743589743589743,1.0,1.0,1.0,0.0,0.0,0.19999999999999996,0.0,0.2,0.0,1.0,0.0
0,-1,hard_near_match,cal,15,,16807,0.9333333333333332,0.9333333333333332,1.0,1.0,1.0,0.0,0.0,0.0,0.0,0.2,0.0,1.0,0.0
0,-1,hard_near_match,cal,15,,842,0.9411764705882352,0.9411764705882354,0.875,1.0,1.0,0.0,0.0,0.0,0.0,0.32608695652173914,0.0,1.0,0.0
0,-1,hard_near_match,cal,15,,2687,0.9583333333333335,0.9583333333333333,0.9583333333333335,1.0,1.0,0.0,0.0,0.0,0.0,0.4235294117647059,0.0,1.0,0.0
0,-1,hard_near_match,cal,15,,11090,0.9166666666666665,0.9166666666666667,0.9166666666666665,0.5,1.0,0.0,0.0,0.2142857142857143,0.0,0.45,0.0,1.0,0.0
0,-1,hard_near_match,cal,15,,12695,0.9803921568627451,0.9803921568627452,0.96,1.0,1.0,0.0,0.0,0.0,0.0,0.2,0.0,1.0,0.0
0,-1,hard_near_match,cal,15,,17252,0.9915966386554622,0.9915966386554622,0.9830508474576272,1.0,1.0,0.0,0.0,0.0,0.0,0.45,0.0,1.0,0.0
0,-1,hard_near_match,cal,15,,18710,0.9444444444444444,0.9444444444444444,0.9444444444444444,0.6666666666666666,1.0,0.0,0.0,0.42105263157894735,0.0,0.57,0.0,1.0,0.0
0,-1,hard_near_match,cal,15,,11811,0.9333333333333332,0.9333333333333332,0.9333333333333332,0.6666666666666666,1.0,0.0,0.0,0.0,0.0,0.35999999999999993,0.0,1.0,0.0
0,-1,hard_near_match,cal,15,,8055,0.990990990990991,0.990990990990991,0.9908256880733946,1.0,1.0,0.0,0.0,0.0,0.0,0.3370786516853933,0.0,1.0,0.0
0,-1,hard_near_match,cal,15,,12994,0.9846153846153847,0.9846153846153847,1.0,0.8,1.0,0.0,0.0,0.0,0.0,0.285,0.0,1.0,0.0
0,-1,hard_near_match,cal,15,,5049,0.9696969696969697,0.9696969696969697,0.9375,1.0,1.0,0.0,0.0,0.2962962962962963,0.0,0.2,0.0,1.0,0.0
0,-1,hard_near_match,cal,15,,635,0.9642857142857143,0.9642857142857143,0.9642857142857143,0.75,1.0,0.0,0.0,0.0,0.0,0.36363636363636365,0.0,1.0,0.0
0,-1,hard_near_match,cal,15,,5539,0.9333333333333332,0.9333333333333332,0.8571428571428572,1.0,1.0,0.0,0.0,0.0,0.0,0.2,0.0,1.0,0.0
0,-1,hard_near_match,cal,15,,1462,0.9836065573770492,0.9836065573770492,0.9666666666666667,1.0,1.0,0.0,0.0,0.3272727272727273,0.0,0.2,0.0,1.0,0.0
0,-1,hard_near_match,cal,15,,7684,0.9736842105263157,0.9736842105263157,0.9736842105263157,1.0,1.0,0.0,0.0,0.0,0.0,0.3272727272727273,0.0,1.0,0.0
0,-1,hard_near_match,cal,15,,3791,0.967741935483871,0.967741935483871,0.9333333333333332,1.0,1.0,0.0,0.0,0.48,0.0,0.57,0.0,1.0,0.0
0,-1,hard_near_match,cal,15,,1926,0.9375,0.9375,0.9375,0.5,1.0,0.0,0.0,0.31666666666666665,0.0,0.2,0.0,1.0,0.0
0,-1,hard_near_match,cal,15,,4673,0.9795918367346939,0.9795918367346939,0.9583333333333335,0.75,1.0,0.0,0.0,0.285,0.0,0.45,0.0,1.0,0.0
0,-1,hard_near_match,cal,15,,19064,0.96,0.96,0.96,0.75,1.0,0.0,0.0,0.0,0.0,0.34615384615384615,0.0,1.0,0.0
0,-1,hard_near_match,cal,15,,11645,0.9565217391304348,0.9565217391304348,0.9565217391304348,1.0,1.0,0.0,0.0,0.0,0.0,0.3694444444444444,0.0,1.0,0.0
0,-1,hard_near_match,cal,15,,2628,0.9473684210526316,0.9473684210526315,0.8888888888888888,0.6666666666666666,1.0,0.0,0.0,0.0,0.0,0.4153846153846154,0.0,1.0,0.0
0,-1,hard_near_match,cal,15,,12487,0.9893617021276596,0.9893617021276596,0.9893617021276596,1.0,1.0,0.0,0.0,0.0,0.0,0.31746031746031744,0.0,1.0,0.0
0,-1,hard_near_match,cal,15,,13650,0.9333333333333332,0.9333333333333332,1.0,1.0,1.0,0.0,0.0,0.0,0.0,0.57,0.0,1.0,0.0
0,-1,hard_near_match,cal,15,,925,0.9859154929577465,0.9859154929577465,0.9714285714285714,1.0,1.0,0.0,0.0,0.0,0.0,0.30000000000000004,0.0,1.0,0.0
0,-1,hard_near_match,cal,15,,10517,0.962962962962963,0.9629629629629629,0.962962962962963,1.0,1.0,0.0,0.0,0.3272727272727273,0.0,0.57,0.0,1.0,0.0
0,-1,hard_near_match,cal,15,,2107,0.9818181818181819,0.9818181818181819,0.962962962962963,0.75,1.0,0.0,0.0,0.296875,0.0,0.30000000000000004,0.0,1.0,0.0
0,-1,hard_near_match,cal,15,,2896,0.475,0.5,0.5714285714285714,0.0,1.0,0.0,0.0,0.0,0.0,0.361,0.0,0.0,1.0
0,-1,hard_near_match,cal,15,,11484,0.9777777777777777,0.9777777777777777,1.0,1.0,1.0,0.0,0.0,0.304,0.0,0.31813953488372093,0.0,1.0,0.0
0,-1,hard_near_match,cal,15,,7651,0.9545454545454546,0.7272727272727272,0.9545454545454546,0.3333333333333333,1.0,0.0,0.0,0.3076923076923077,0.0,0.33928571428571425,0.0,1.0,0.0
0,-1,hard_near_match,cal,15,,15440,0.9411764705882352,0.9411764705882354,0.9411764705882352,0.6666666666666666,1.0,0.0,0.0,0.0,0.0,0.4090909090909091,0.0,1.0,0.0
0,-1,hard_near_match,cal,15,,15114,0.9833333333333333,0.9833333333333333,0.9833333333333333,1.0,1.0,0.0,0.0,0.0,0.0,0.342,0.0,1.0,0.0
0,-1,hard_near_match,cal,15,,15150,0.9929078014184397,0.9929078014184397,0.9857142857142859,1.0,1.0,0.0,0.0,0.0,0.0,0.285,0.0,1.0,0.0
0,-1,hard_near_match,cal,15,,7077,0.9565217391304348,0.9565217391304348,0.9565217391304348,1.0,1.0,0.0,0.0,0.0,0.0,0.57,0.0,1.0,0.0
0,-1,hard_near_match,cal,15,,14407,0.9705882352941176,0.9705882352941176,0.9850746268656717,0.75,1.0,0.0,0.0,0.0,0.0,0.3202247191011236,0.0,1.0,0.0
0,-1,hard_near_match,cal,15,,6575,0.9615384615384616,0.9615384615384616,0.9615384615384616,0.75,1.0,0.0,0.0,0.2068965517241379,0.0,0.34545454545454546,0.0,1.0,0.0
0,-1,hard_near_match,cal,15,,15745,0.9666666666666667,0.9666666666666667,0.9830508474576272,1.0,1.0,0.0,0.0,0.10526315789473684,0.0,0.57,0.0,1.0,0.0
0,-1,hard_near_match,cal,15,,11203,0.9767441860465115,0.9767441860465117,0.9523809523809522,1.0,1.0,0.0,0.0,0.0,0.0,0.4275,0.0,1.0,0.0
0,-1,hard_near_match,cal,15,,13725,0.9911504424778761,0.9911504424778761,0.9821428571428571,1.0,1.0,0.0,0.0,0.0,0.0,0.32112676056338024,0.0,1.0,0.0
0,-1,hard_near_match,cal,15,,1980,0.9714285714285714,0.9714285714285714,0.9411764705882352,1.0,1.0,0.0,0.0,0.4615384615384615,0.0,0.57,0.0,1.0,0.0
0,-1,legitimate_en_US,test,15,,17208,0.9,0.6153846153846154,1.0,0.5,1.0,0.0,0.0,0.0,0.0,0.57,0.0,0.0,0.0
0,-1,legitimate_en_GB,test,15,,4855,0.64125,0.3571428571428571,0.6666666666666667,0.0,1.0,0.0,0.0,0.0,0.0,0.24,0.0,0.0,0.0
0,-1,legitimate_es_ES,test,15,,1602,0.855,0.5142857142857143,0.8181818181818181,0.3333333333333333,1.0,0.0,0.0,0.0,0.0,0.43428571428571433,0.0,0.0,0.0
0,-1,legitimate_fr_FR,test,15,,1003,0.5947826086956521,0.42857142857142855,0.5263157894736843,0.5,1.0,0.0,0.0,0.4663636363636363,0.0,0.855,0.0,1.0,0.0
0,-1,legitimate_de_DE,test,15,,1473,0.4987499999999999,0.4444444444444444,0.4545454545454546,0.0,1.0,0.0,0.0,0.0,0.0,0.3028985507246377,0.0,1.0,0.0
0,-1,legitimate_it_IT,test,15,,18282,0.5351351351351351,0.5531914893617021,0.5945945945945945,0.5,1.0,0.0,0.0,0.0,0.0,0.4736842105263159,0.0,0.0,0.0
0,-1,legitimate_pt_BR,test,15,,4673,0.855,0.625,0.7,0.5,1.0,0.0,0.0,0.3783783783783784,0.0,0.45,0.0,1.0,0.0
0,-1,legitimate_ru_RU,test,15,,8669,0.6785714285714286,0.6785714285714286,0.6785714285714286,0.3333333333333333,1.0,0.0,0.0,0.0,0.0,0.57,0.0,1.0,0.0
0,-1,legitimate_uk_UA,test,15,,1112,0.5714285714285714,0.5238095238095238,0.631578947368421,0.0,1.0,0.0,0.0,0.28125,0.0,0.4275,0.0,1.0,1.0
0,-1,legitimate_ar_EG,test,15,,17170,0.48,0.48,0.5555555555555556,0.5,1.0,0.0,0.0,0.0,0.0,0.57,0.0,0.0,1.0
0,-1,legitimate_fa_IR,test,15,,5654,0.4090909090909091,0.2857142857142857,0.4545454545454546,1.0,1.0,0.0,0.0,0.342,0.0,0.57,0.0,1.0,1.0
0,-1,legitimate_hi_IN,test,15,,1895,0.6107142857142858,0.5,0.5555555555555556,0.0,1.0,0.0,0.0,0.0,0.0,0.57,0.0,1.0,1.0
0,-1,legitimate_zh_CN,test,15,,4366,0.855,0.6666666666666665,0.8333333333333335,0.5,1.0,0.0,0.0,0.0,0.0,0.24428571428571427,0.0,1.0,0.0
0,-1,legitimate_ja_JP,test,15,,10323,0.855,0.3950617283950617,0.6111111111111112,0.5,1.0,0.0,0.0,0.0,0.0,0.3821656050955414,0.0,0.0,1.0
0,-1,legitimate_ko_KR,test,15,,3876,0.4444444444444444,0.4444444444444444,0.6153846153846154,1.0,1.0,0.0,0.0,0.2571428571428571,0.0,0.2,0.0,1.0,1.0
0,-1,legitimate_tr_TR,test,15,,3019,0.5490196078431373,0.5490196078431372,0.5833333333333333,0.25,1.0,0.0,0.0,0.30000000000000004,0.0,0.57,0.0,1.0,1.0
0,-1,legitimate_id_ID,test,15,,18153,0.855,0.45283018867924524,0.4761904761904761,0.5,1.0,0.0,0.0,0.0,0.0,0.45,0.0,0.0,0.0
0,-1,legitimate_en_US,test,15,,3000,0.855,0.5882352941176471,0.5,0.5,1.0,0.0,0.0,0.0,0.0,0.855,0.0,1.0,1.0
0,-1,legitimate_en_GB,test,15,,8057,0.6785714285714286,0.7142857142857143,0.5555555555555556,0.5,1.0,0.0,0.0,0.3272727272727273,0.0,0.38,0.0,1.0,0.0
0,-1,legitimate_es_ES,test,15,,4683,0.855,0.5172413793103449,0.7058823529411764,0.3333333333333333,1.0,0.0,0.0,0.0,0.0,0.3544303797468354,0.0,0.0,0.0
0,-1,legitimate_fr_FR,test,15,,847,0.855,0.4516129032258065,0.5,0.25,1.0,0.0,0.0,0.36,0.0,0.4090909090909091,0.0,1.0,1.0
0,-1,legitimate_de_DE,test,15,,5467,0.534375,0.5,0.5555555555555556,0.5,1.0,0.0,0.0,0.0,0.0,0.36,0.0,0.0,1.0
0,-1,legitimate_it_IT,test,15,,14930,0.4714285714285715,0.2741935483870968,0.5238095238095238,0.3333333333333333,1.0,0.0,0.0,0.0,0.0,0.855,0.0,0.0,0.0
0,-1,legitimate_pt_BR,test,15,,17339,0.855,0.6666666666666665,0.6666666666666667,1.0,1.0,0.0,0.0,0.36,0.0,0.57,0.0,1.0,0.0
0,-1,legitimate_ru_RU,test,15,,11359,0.7241379310344827,0.6206896551724138,0.7241379310344827,0.6666666666666666,1.0,0.0,0.0,0.0,0.0,0.40111111111111114,0.0,1.0,1.0
0,-1,legitimate_uk_UA,test,15,,15888,0.5161290322580645,0.5161290322580645,0.5217391304347826,0.5,1.0,0.0,0.0,0.0,0.0,0.2,0.0,0.0,0.0
0,-1,legitimate_ar_EG,test,15,,2169,0.855,0.5882352941176471,0.6666666666666667,0.5,1.0,0.0,0.0,0.3076923076923077,0.0,0.3375,0.0,1.0,0.0
0,-1,legitimate_fa_IR,test,15,,10348,0.49090909090909085,0.48275862068965514,0.5454545454545454,1.0,1.0,0.0,0.0,0.0,0.0,0.30000000000000004,0.0,1.0,1.0
0,-1,legitimate_hi_IN,test,15,,148,0.54,0.29629629629629634,0.6,0.3333333333333333,1.0,0.0,0.0,0.19999999999999996,0.0,0.24,0.0,1.0,1.0
0,-1,legitimate_zh_CN,test,15,,19167,0.8235294117647058,0.8235294117647058,0.9333333333333332,0.5,1.0,0.0,0.0,0.0,0.0,0.57,0.0,1.0,0.0
0,-1,legitimate_ja_JP,test,15,,3670,0.855,0.6666666666666665,0.625,0.3333333333333333,1.0,0.0,0.0,0.0,0.0,0.2,0.0,0.0,0.0
0,-1,legitimate_ko_KR,test,15,,268,0.5538461538461539,0.4444444444444444,0.6153846153846154,1.0,1.0,0.0,0.0,0.45,0.0,0.36972972972972973,0.0,1.0,0.0
0,-1,legitimate_tr_TR,test,15,,571,0.5833333333333333,0.5833333333333334,0.7058823529411764,0.5,1.0,0.0,0.0,0.33333333333333337,0.0,0.57,0.0,1.0,1.0
0,-1,legitimate_id_ID,test,15,,119,0.855,0.4615384615384615,0.75,0.5,1.0,0.0,0.0,0.0,0.0,0.57,0.0,0.0,1.0
0,-1,legitimate_en_US,test,15,,11707,0.855,0.5555555555555556,0.5555555555555556,0.5,1.0,0.0,0.0,0.0,0.0,0.45,0.0,0.0,0.0
0,-1,legitimate_en_GB,test,15,,16787,0.6,0.6,0.6666666666666667,0.5,1.0,0.0,0.0,0.0,0.0,0.2,0.0,0.0,0.0
0,-1,legitimate_es_ES,test,15,,1072,0.5846153846153846,0.6153846153846154,0.5714285714285714,0.25,1.0,0.0,0.0,0.0,0.0,0.36363636363636365,0.0,0.0,1.0
0,-1,legitimate_fr_FR,test,15,,5756,0.675,0.4878048780487805,0.75,0.5,1.0,0.0,0.0,0.3109090909090909,0.0,0.33,0.0,1.0,1.0
0,-1,legitimate_de_DE,test,15,,274,0.855,0.4074074074074074,0.4615384615384615,0.4,1.0,0.0,0.0,0.0,0.0,0.36,0.0,0.0,1.0
0,-1,legitimate_it_IT,test,15,,18026,0.855,0.42857142857142855,0.5333333333333333,0.5,1.0,0.0,0.0,0.0,0.0,0.37216494845360826,0.0,0.0,0.0
0,-1,legitimate_pt_BR,test,15,,18189,0.855,0.7272727272727272,0.7272727272727273,0.5,1.0,0.0,0.0,0.4275,0.0,0.4,0.0,1.0,0.0
0,-1,legitimate_ru_RU,test,15,,8266,0.6551724137931035,0.689655172413793,0.6666666666666667,0.25,1.0,0.0,0.0,0.0,0.0,0.57,0.0,1.0,0.0
0,-1,legitimate_uk_UA,test,15,,3010,0.855,0.6486486486486487,0.6666666666666667,0.5,1.0,0.0,0.0,0.36,0.0,0.57,0.0,1.0,0.0
0,-1,legitimate_ar_EG,test,15,,7562,0.855,0.5555555555555556,0.5555555555555556,0.5,1.0,0.0,0.0,0.45,0.0,0.57,0.0,1.0,0.0
0,-1,legitimate_fa_IR,test,15,,2520,0.5294117647058824,0.32432432432432434,0.5882352941176471,0.0,1.0,0.0,0.0,0.0,0.0,0.27184466019417475,0.0,0.0,0.0
0,-1,legitimate_hi_IN,test,15,,2343,0.54,0.4666666666666666,0.6,0.0,1.0,0.0,0.0,0.24,0.0,0.57,0.0,1.0,1.0
0,-1,legitimate_zh_CN,test,15,,6508,0.923076923076923,0.6923076923076923,0.8695652173913043,0.3333333333333333,1.0,0.0,0.0,0.0,0.0,0.3859375,0.0,1.0,0.0
0,-1,legitimate_ja_JP,test,15,,13684,0.855,0.5,0.7586206896551724,0.25,1.0,0.0,0.0,0.0,0.0,0.3714285714285714,0.0,0.0,1.0
0,-1,legitimate_ko_KR,test,15,,303,0.7714285714285716,0.4,0.8571428571428572,0.0,1.0,0.0,0.0,0.0,0.0,0.2,0.0,0.0,1.0
0,-1,legitimate_tr_TR,test,15,,9506,0.736842105263158,0.736842105263158,0.8,0.5,0.5,0.0,0.0,0.0,0.0,0.3612676056338028,0.0,0.0,1.0
0,-1,legitimate_id_ID,test,15,,12428,0.855,0.410958904109589,0.6285714285714286,0.5,1.0,0.0,0.0,0.0,0.0,0.4071428571428571,0.0,0.0,0.0
0,-1,legitimate_en_US,test,15,,9464,0.855,0.6666666666666665,0.6956521739130435,0.5,1.0,0.0,0.0,0.0,0.0,0.57,0.0,1.0,0.0
0,-1,legitimate_en_GB,test,15,,12794,0.855,0.6666666666666665,0.75,0.5,1.0,0.0,0.0,0.0,0.0,0.3384615384615385,0.0,0.0,0.0
0,-1,legitimate_es_ES,test,15,,1429,0.855,0.5416666666666666,0.6206896551724138,0.3333333333333333,1.0,0.0,0.0,0.0,0.0,0.351219512195122,0.0,1.0,0.0
0,-1,legitimate_fr_FR,test,15,,2601,0.6333333333333333,0.6666666666666665,0.6666666666666667,0.5,1.0,0.0,0.0,0.36,0.0,0.57,0.0,1.0,0.0
0,-1,legitimate_de_DE,test,15,,856,0.5727272727272728,0.3,0.6363636363636364,0.5,1.0,0.0,0.0,0.0,0.0,0.24489795918367352,0.0,0.0,1.0
0,-1,legitimate_it_IT,test,15,,10541,0.5985,0.4102564102564103,0.5833333333333333,0.0,1.0,0.0,0.0,0.0,0.0,0.57,0.0,1.0,0.0
0,-1,legitimate_pt_BR,test,15,,17416,0.5517241379310345,0.5517241379310345,0.5925925925925926,0.0,1.0,0.0,0.0,0.36,0.0,0.34285714285714286,0.0,1.0,1.0
0,-1,legitimate_ru_RU,test,15,,4229,0.5496428571428571,0.5,0.5,0.0,1.0,0.0,0.0,0.0,0.0,0.57,0.0,1.0,0.0
0,-1,legitimate_uk_UA,test,15,,16767,0.7714285714285716,0.5185185185185186,0.8571428571428572,0.5,1.0,0.0,0.0,0.0,0.0,0.57,0.0,0.0,0.0
0,-1,legitimate_ar_EG,test,15,,2524,0.855,0.6956521739130435,0.6956521739130435,0.5,1.0,0.0,0.0,0.15384615384615385,0.0,0.57,0.0,1.0,0.0
0,-1,legitimate_fa_IR,test,15,,15171,0.49565217391304345,0.5217391304347826,0.5,0.3333333333333333,1.0,0.0,0.0,0.3,0.0,0.33333333333333337,0.0,1.0,0.0
0,-1,legitimate_hi_IN,test,15,,12105,0.6333333333333333,0.6666666666666665,0.5454545454545454,0.0,1.0,0.0,0.0,0.285,0.0,0.57,0.0,1.0,1.0
0,-1,legitimate_zh_CN,test,15,,847,0.855,0.7692307692307692,0.8571428571428572,0.5,1.0,0.0,0.0,0.5142857142857142,0.0,0.49090909090909085,0.0,1.0,1.0
0,-1,legitimate_ja_JP,test,15,,6743,0.855,0.4615384615384615,0.5,0.6666666666666666,1.0,0.0,0.0,0.2181818181818182,0.0,0.37398373983739847,0.0,1.0,0.0
0,-1,legitimate_ko_KR,test,15,,12411,0.7692307692307692,0.6153846153846154,0.7619047619047619,0.0,1.0,0.0,0.0,0.0,0.0,0.54,0.0,1.0,0.0
0,-1,legitimate_tr_TR,test,15,,9969,0.57,0.4,0.5555555555555556,0.5,1.0,0.0,0.0,0.0,0.0,0.57,0.0,0.0,0.0
0,-1,legitimate_id_ID,test,15,,175,0.855,0.5128205128205129,0.5333333333333333,0.2,1.0,0.0,0.0,0.0,0.0,0.57,0.0,0.0,1.0
0,-1,legitimate_en_US,test,15,,5084,0.7692307692307692,0.7692307692307692,0.7692307692307692,0.5,1.0,0.0,0.0,0.0,0.0,0.57,0.0,1.0,1.0
0,-1,legitimate_en_GB,test,15,,18142,0.855,0.6666666666666665,0.6666666666666667,0.5,1.0,0.0,0.0,0.0,0.0,0.5142857142857142,0.0,0.0,1.0
0,-1,legitimate_es_ES,test,15,,2512,0.855,0.576923076923077,0.6060606060606061,0.3333333333333333,1.0,0.0,0.0,0.0,0.0,0.39375,0.0,1.0,0.0
0,-1,legitimate_fr_FR,test,15,,2249,0.7714285714285716,0.375,0.8571428571428572,0.5,1.0,0.0,0.0,0.0,0.0,0.2,0.0,0.0,0.0
0,-1,legitimate_de_DE,test,15,,1240,0.675,0.2857142857142857,0.75,0.0,1.0,0.0,0.0,0.0,0.0,0.3055555555555556,0.0,0.0,1.0
0,-1,legitimate_it_IT,test,15,,2269,0.855,0.8333333333333333,0.923076923076923,0.5,1.0,0.0,0.0,0.0,0.0,0.57,0.0,0.0,0.0
0,-1,legitimate_pt_BR,test,15,,7270,0.855,0.45454545454545453,0.5294117647058824,0.25,1.0,0.0,0.0,0.0,0.0,0.57,0.0,0.0,0.0
0,-1,legitimate_ru_RU,test,15,,8271,0.7241379310344827,0.5862068965517241,0.75,0.3333333333333333,1.0,0.0,0.0,0.0,0.0,0.57,0.0,1.0,0.0
0,-1,legitimate_uk_UA,test,15,,2075,0.6650000000000001,0.5185185185185186,0.736842105263158,0.0,1.0,0.0,0.0,0.4,0.0,0.57,0.0,1.0,1.0
0,-1,legitimate_ar_EG,test,15,,1954,0.5833333333333333,0.5833333333333334,0.6,0.0,1.0,0.0,0.0,0.38,0.0,0.57,0.0,1.0,0.0
0,-1,legitimate_fa_IR,test,15,,979,0.5538461538461539,0.45,0.6153846153846154,0.0,1.0,0.0,0.0,0.23076923076923073,0.0,0.57,0.0,1.0,1.0
0,-1,legitimate_hi_IN,test,15,,7450,0.4925925925925926,0.5185185185185186,0.6363636363636364,0.5,1.0,0.0,0.0,0.0,0.0,0.855,0.0,1.0,0.0
0,-1,legitimate_zh_CN,test,15,,10790,0.7142857142857143,0.7142857142857143,0.8333333333333335,1.0,1.0,0.0,0.0,0.5142857142857142,0.0,0.49090909090909085,0.0,1.0,0.0
0,-1,legitimate_ja_JP,test,15,,6695,0.855,0.4444444444444444,0.7142857142857143,0.3333333333333333,1.0,0.0,0.0,0.0,0.0,0.513,0.0,0.0,0.0
0,-1,legitimate_ko_KR,test,15,,303,0.7714285714285716,0.4,0.8571428571428572,0.0,1.0,0.0,0.0,0.0,0.0,0.2,0.0,0.0,1.0
0,-1,legitimate_tr_TR,test,15,,2648,0.57,0.4444444444444444,0.5833333333333333,0.5,1.0,0.0,0.0,0.36,0.0,0.57,0.0,1.0,0.0
0,-1,legitimate_id_ID,test,15,,15272,0.6428571428571429,0.5,0.7142857142857143,0.5,1.0,0.0,0.0,0.0,0.0,0.33333333333333337,0.0,0.0,1.0
0,-1,legitimate_en_US,test,15,,3367,0.6086956521739131,0.6086956521739131,0.7,0.0,1.0,0.0,0.0,0.0,0.0,0.31666666666666665,0.0,0.0,1.0
0,-1,legitimate_en_GB,test,15,,4902,0.5882352941176471,0.5882352941176471,0.5806451612903225,0.0,1.0,0.0,0.0,0.0,0.0,0.30000000000000004,0.0,1.0,1.0
0,-1,legitimate_es_ES,test,15,,7093,0.5115384615384615,0.5384615384615384,0.5714285714285714,0.0,1.0,0.0,0.0,0.0,0.0,0.4,0.0,1.0,0.0
0,-1,legitimate_fr_FR,test,15,,245,0.855,0.7272727272727272,0.7272727272727273,0.6666666666666666,1.0,0.0,0.0,0.23076923076923073,0.0,0.2,0.0,1.0,0.0
0,-1,legitimate_de_DE,test,15,,2760,0.5161290322580645,0.5161290322580645,0.5925925925925926,0.0,1.0,0.0,0.0,0.0,0.0,0.2,0.0,0.0,1.0
0,-1,legitimate_it_IT,test,15,,2637,0.675,0.5581395348837209,0.75,0.5,1.0,0.0,0.0,0.0,0.0,0.40714285714285714,0.0,0.0,1.0
0,-1,legitimate_pt_BR,test,15,,3753,0.855,0.4210526315789474,0.5,0.25,1.0,0.0,0.0,0.0,0.0,0.2,0.0,0.0,1.0
0,-1,legitimate_ru_RU,test,15,,8582,0.6333333333333333,0.6666666666666665,0.5652173913043479,0.3333333333333333,1.0,0.0,0.0,0.0,0.0,0.24,0.0,1.0,0.0
0,-1,legitimate_uk_UA,test,15,,4530,0.6428571428571428,0.6428571428571428,0.75,0.5,1.0,0.0,0.0,0.2941176470588235,0.0,0.3337837837837837,0.0,1.0,1.0
0,-1,legitimate_ar_EG,test,15,,3924,0.6000000000000001,0.37209302325581395,0.6666666666666667,0.5,1.0,0.0,0.0,0.0,0.0,0.3135,0.0,0.0,1.0
0,-1,legitimate_fa_IR,test,15,,2728,0.4,0.4210526315789474,0.4285714285714286,0.5,1.0,0.0,0.0,0.320625,0.0,0.57,0.0,1.0,0.0
0,-1,legitimate_hi_IN,test,15,,2034,0.6000000000000001,0.42857142857142855,0.6666666666666667,0.0,1.0,0.0,0.0,0.0,0.0,0.3384615384615385,0.0,0.0,0.0
0,-1,legitimate_zh_CN,test,15,,11442,0.88,0.88,0.8333333333333335,0.3333333333333333,1.0,0.0,0.0,0.5142857142857142,0.0,0.31318681318681313,0.0,1.0,0.0
0,-1,legitimate_ja_JP,test,15,,4707,0.855,0.5,0.736842105263158,0.3333333333333333,1.0,0.0,0.0,0.0,0.0,0.39310344827586213,0.0,0.0,1.0
0,-1,legitimate_ko_KR,test,15,,847,0.5,0.5,0.625,0.0,1.0,0.0,0.0,0.4,0.0,0.4663636363636363,0.0,1.0,1.0
0,-1,legitimate_tr_TR,test,15,,176,0.4275,0.45,0.5,0.25,1.0,0.0,0.0,0.0,0.0,0.57,0.0,0.0,1.0
0,-1,legitimate_id_ID,test,15,,8616,0.6000000000000001,0.5,0.6666666666666667,0.0,1.0,0.0,0.0,0.0,0.0,0.57,0.0,1.0,0.0
0,-1,legitimate_en_US,test,15,,4858,0.855,0.6,0.6,0.5,1.0,0.0,0.0,0.375,0.0,0.45,0.0,1.0,0.0
0,-1,legitimate_en_GB,test,15,,5697,0.855,0.6363636363636364,0.6666666666666667,0.3333333333333333,1.0,0.0,0.0,0.36,0.0,0.45,0.0,1.0,1.0
0,-1,legitimate_es_ES,test,15,,2524,0.855,0.6,0.5454545454545454,0.3333333333333333,1.0,0.0,0.0,0.45,0.0,0.57,0.0,1.0,0.0
0,-1,legitimate_fr_FR,test,15,,17176,0.855,0.6875,0.6666666666666667,0.75,1.0,0.0,0.0,0.0,0.0,0.33333333333333337,0.0,0.0,0.0
0,-1,legitimate_de_DE,test,15,,17266,0.675,0.31578947368421056,0.75,0.5,1.0,0.0,0.0,0.0,0.0,0.57,0.0,0.0,1.0
0,-1,legitimate_it_IT,test,15,,2347,0.855,0.6,0.6,0.5,1.0,0.0,0.0,0.0,0.0,0.57,0.0,1.0,1.0
0,-1,legitimate_pt_BR,test,15,,333,0.4736842105263158,0.4210526315789474,0.5294117647058824,0.0,1.0,0.0,0.0,0.0,0.0,0.57,0.0,0.0,1.0
0,-1,legitimate_ru_RU,test,15,,8240,0.7540983606557377,0.7540983606557377,0.8070175438596492,0.5,1.0,0.0,0.0,0.4275,0.0,0.57,0.0,1.0,0.0
0,-1,legitimate_uk_UA,test,15,,9881,0.7000000000000002,0.6222222222222222,0.7777777777777779,0.5,1.0,0.0,0.0,0.0,0.0,0.37126436781609196,0.0,1.0,1.0
0,-1,legitimate_ar_EG,test,15,,9464,0.855,0.631578947368421,0.75,0.5,1.0,0.0,0.0,0.0,0.0,0.57,0.0,1.0,1.0
0,-1,legitimate_fa_IR,test,15,,2384,0.6000000000000001,0.31578947368421056,0.6666666666666667,0.0,1.0,0.0,0.0,0.0,0.0,0.57,0.0,0.0,0.0
0,-1,legitimate_hi_IN,test,15,,12553,0.5333333333333333,0.5333333333333333,0.6153846153846154,1.0,1.0,0.0,0.0,0.0,0.0,0.36363636363636365,0.0,0.0,0.0
0,-1,legitimate_zh_CN,test,15,,10773,0.855,0.6666666666666665,0.8571428571428572,0.5,1.0,0.0,0.0,0.0,0.0,0.4347457627118644,0.0,1.0,0.0
0,-1,legitimate_ja_JP,test,15,,7806,0.855,0.9090909090909091,0.6956521739130435,0.5,1.0,0.0,0.0,0.0,0.0,0.57,0.0,0.0,0.0
0,-1,legitimate_ko_KR,test,15,,17167,0.48,0.42857142857142855,0.5333333333333333,1.0,1.0,0.0,0.0,0.0,0.0,0.3111111111111111,0.0,0.0,1.0
0,-1,legitimate_tr_TR,test,15,,5178,0.5985,0.4516129032258065,0.4615384615384615,0.3333333333333333,1.0,0.0,0.0,0.0,0.0,0.57,0.0,0.0,1.0
0,-1,legitimate_id_ID,test,15,,1744,0.855,0.3561643835616438,0.5185185185185186,0.5,1.0,0.0,0.0,0.0,0.0,0.3313953488372093,0.0,0.0,1.0
0,-1,legitimate_en_US,test,15,,19129,0.5727272727272728,0.4516129032258065,0.6363636363636364,0.0,1.0,0.0,0.0,0.0,0.0,0.57,0.0,0.0,1.0
0,-1,legitimate_en_GB,test,15,,1358,0.675,0.35294117647058826,0.75,0.0,1.0,0.0,0.0,0.0,0.0,0.36642857142857144,0.0,0.0,1.0
0,-1,legitimate_es_ES,test,15,,102,0.5625,0.4516129032258065,0.625,0.25,1.0,0.0,0.0,0.0,0.0,0.57,0.0,0.0,1.0
0,-1,legitimate_fr_FR,test,15,,17176,0.5496428571428571,0.3673469387755102,0.5,0.5,1.0,0.0,0.0,0.0,0.0,0.45,0.0,0.0,0.0
0,-1,legitimate_de_DE,test,15,,16212,0.5142857142857142,0.4,0.6153846153846154,0.3333333333333333,1.0,0.0,0.0,0.0,0.0,0.29454545454545455,0.0,0.0,1.0
0,-1,legitimate_it_IT,test,15,,3229,0.5785714285714285,0.5641025641025641,0.6428571428571428,0.0,1.0,0.0,0.0,0.36,0.0,0.57,0.0,1.0,0.0
0,-1,legitimate_pt_BR,test,15,,1538,0.5238095238095238,0.5238095238095238,0.6,0.0,1.0,0.0,0.0,0.3857142857142858,0.0,0.38,0.0,1.0,0.0
0,-1,legitimate_ru_RU,test,15,,14396,0.5981481481481481,0.6296296296296297,0.4864864864864865,0.3333333333333333,1.0,0.0,0.0,0.0,0.0,0.5,0.0,1.0,0.0
0,-1,legitimate_uk_UA,test,15,,2483,0.855,0.5454545454545454,0.5,0.5,1.0,0.0,0.0,0.3703703703703704,0.0,0.3469565217391304,0.0,1.0,1.0
0,-1,legitimate_ar_EG,test,15,,565,0.6000000000000001,0.4888888888888889,0.6666666666666667,0.0,1.0,0.0,0.0,0.0,0.0,0.26865671641791045,0.0,0.0,1.0
0,-1,legitimate_fa_IR,test,15,,16783,0.855,0.32432432432432434,0.5263157894736843,0.3333333333333333,1.0,0.0,0.0,0.0,0.0,0.34102564102564104,0.0,0.0,1.0
0,-1,legitimate_hi_IN,test,15,,2271,0.54,0.36363636363636365,0.6,0.5,0.5,0.0,0.0,0.0,0.0,0.57,0.0,0.0,1.0
0,-1,legitimate_zh_CN,test,15,,17074,0.855,0.5454545454545454,0.6666666666666667,1.0,1.0,0.0,0.0,0.0,0.0,0.4576642335766423,0.0,0.0,0.0
0,-1,legitimate_ja_JP,test,15,,927,0.855,0.4,0.6666666666666667,0.6666666666666666,1.0,0.0,0.0,0.0,0.0,0.43846153846153846,0.0,0.0,1.0
0,-1,legitimate_ko_KR,test,15,,3084,0.6333333333333333,0.6666666666666665,0.5,0.0,1.0,0.0,0.0,0.0,0.0,0.57,0.0,0.0,0.0
0,-1,legitimate_tr_TR,test,15,,2867,0.6576923076923076,0.6923076923076923,0.5555555555555556,0.0,1.0,0.0,0.0,0.2142857142857143,0.0,0.2,0.0,1.0,1.0
0,-1,legitimate_id_ID,test,15,,16469,0.855,0.41269841269841273,0.4736842105263158,0.25,1.0,0.0,0.0,0.0,0.0,0.4035398230088496,0.0,0.0,1.0
0,-1,legitimate_en_US,test,15,,12816,0.855,0.625,0.631578947368421,0.25,1.0,0.0,0.0,0.36,0.0,0.2,0.0,1.0,1.0
0,-1,legitimate_en_GB,test,15,,8211,0.855,0.6666666666666665,0.6666666666666667,0.5,1.0,0.0,0.0,0.49090909090909085,0.0,0.3686567164179105,0.0,1.0,0.0
0,-1,legitimate_es_ES,test,15,,3614,0.6363636363636364,0.6363636363636364,0.6896551724137931,0.3333333333333333,1.0,0.0,0.0,0.225,0.0,0.57,0.0,1.0,0.0
0,-1,legitimate_fr_FR,test,15,,564,0.855,0.42666666666666664,0.52,0.25,1.0,0.0,0.0,0.0,0.0,0.3732142857142858,0.0,0.0,1.0
0,-1,legitimate_de_DE,test,15,,640,0.6,0.6,0.625,0.0,1.0,0.0,0.0,0.27692307692307694,0.0,0.57,0.0,1.0,0.0
0,-1,legitimate_it_IT,test,15,,99,0.57,0.48648648648648646,0.5217391304347826,0.0,1.0,0.0,0.0,0.0,0.0,0.6,0.0,0.0,1.0
0,-1,legitimate_pt_BR,test,15,,7016,0.855,0.3428571428571429,0.5,0.3333333333333333,1.0,0.0,0.0,0.0,0.0,0.3398373983739837,0.0,0.0,1.0
0,-1,legitimate_ru_RU,test,15,,7209,0.6206896551724138,0.5517241379310345,0.6666666666666667,0.25,1.0,0.0,0.0,0.0,0.0,0.34285714285714286,0.0,1.0,0.0
0,-1,legitimate_uk_UA,test,15,,8100,0.855,0.6363636363636364,0.7333333333333334,0.5,1.0,0.0,0.0,0.43999999999999995,0.0,0.57,0.0,1.0,0.0
0,-1,legitimate_ar_EG,test,15,,1420,0.5555555555555556,0.5555555555555556,0.5454545454545454,0.5,1.0,0.0,0.0,0.0,0.0,0.57,0.0,1.0,1.0
0,-1,legitimate_fa_IR,test,15,,9718,0.525,0.3902439024390244,0.5833333333333333,1.0,1.0,0.0,0.0,0.31999999999999995,0.0,0.3857142857142858,0.0,1.0,1.0
0,-1,legitimate_hi_IN,test,15,,189,0.57,0.14814814814814808,0.5,0.3333333333333333,1.0,0.0,0.0,0.0,0.0,0.4371428571428572,0.0,0.0,1.0
0,-1,legitimate_zh_CN,test,15,,2757,0.855,0.7142857142857143,0.8235294117647058,0.3333333333333333,1.0,0.0,0.0,0.534375,0.0,0.2,0.0,1.0,0.0
0,-1,legitimate_ja_JP,test,15,,14028,0.76,0.8,0.6451612903225806,0.5,1.0,0.0,0.0,0.0,0.0,0.57,0.0,0.0,0.0
0,-1,legitimate_ko_KR,test,15,,4698,0.6923076923076923,0.5,0.7692307692307692,0.0,1.0,0.0,0.0,0.4235294117647059,0.0,0.342,0.0,1.0,0.0
0,-1,legitimate_tr_TR,test,15,,344,0.4864864864864865,0.4324324324324324,0.4666666666666666,0.3333333333333333,1.0,0.0,0.0,0.0,0.0,0.57,0.0,0.0,0.0
0,-1,legitimate_id_ID,test,15,,2830,0.6333333333333333,0.6666666666666665,0.56,0.3333333333333333,1.0,0.0,0.0,0.0,0.0,0.57,0.0,1.0,1.0
0,-1,legitimate_en_US,test,15,,16567,0.855,0.6666666666666665,0.6666666666666667,0.5,1.0,0.0,0.0,0.27,0.0,0.57,0.0,1.0,0.0
0,-1,legitimate_en_GB,test,15,,3989,0.5454545454545454,0.5454545454545454,0.6470588235294117,0.3333333333333333,1.0,0.0,0.0,0.34615384615384615,0.0,0.38775510204081626,0.0,1.0,1.0
0,-1,legitimate_es_ES,test,15,,7056,0.855,0.75,0.6206896551724138,0.6666666666666666,1.0,0.0,0.0,0.57,0.0,0.3943661971830986,0.0,1.0,0.0
0,-1,legitimate_fr_FR,test,15,,10543,0.855,0.5,0.5,0.5,1.0,0.0,0.0,0.0,0.0,0.2,0.0,1.0,0.0
0,-1,legitimate_de_DE,test,15,,89,0.54,0.36363636363636365,0.6,0.0,1.0,0.0,0.0,0.0,0.0,0.57,0.0,0.0,1.0
0,-1,legitimate_it_IT,test,15,,6057,0.49271186440677966,0.5316455696202531,0.48,0.3333333333333333,1.0,0.0,0.0,0.0,0.0,0.4153846153846154,0.0,0.0,1.0
0,-1,legitimate_pt_BR,test,15,,1551,0.56,0.56,0.5454545454545454,0.0,1.0,0.0,0.0,0.1428571428571429,0.0,0.3272727272727273,0.0,1.0,1.0
0,-1,legitimate_ru_RU,test,15,,10642,0.75,0.75,0.75,0.3333333333333333,1.0,0.0,0.0,0.48,0.0,0.4736842105263159,0.0,1.0,0.0
0,-1,legitimate_uk_UA,test,15,,5816,0.6576923076923076,0.4761904761904762,0.5384615384615384,0.5,1.0,0.0,0.0,0.3109090909090909,0.0,0.2,0.0,1.0,1.0
0,-1,legitimate_ar_EG,test,15,,2624,0.7714285714285716,0.4705882352941177,0.8571428571428572,0.5,1.0,0.0,0.0,0.0,0.0,0.5625,0.0,0.0,1.0
0,-1,legitimate_fa_IR,test,15,,17545,0.6576923076923076,0.4615384615384615,0.6666666666666667,0.5,1.0,0.0,0.0,0.0,0.0,0.31666666666666665,0.0,0.0,1.0
0,-1,legitimate_hi_IN,test,15,,84,0.6107142857142858,0.4242424242424242,0.625,0.0,1.0,0.0,0.0,0.0,0.0,0.57,0.0,0.0,1.0
0,-1,legitimate_zh_CN,test,15,,7614,0.855,0.5882352941176471,0.5714285714285714,0.3333333333333333,1.0,0.0,0.0,0.0,0.0,0.38169642857142855,0.0,0.0,0.0
0,-1,legitimate_ja_JP,test,15,,10001,0.9,0.6666666666666665,1.0,0.6666666666666666,1.0,0.0,0.0,0.42622950819672134,0.0,0.2,0.0,1.0,0.0
0,-1,legitimate_ko_KR,test,15,,2974,0.675,0.30434782608695654,0.75,0.0,1.0,0.0,0.0,0.0,0.0,0.36642857142857144,0.0,0.0,0.0
0,-1,legitimate_tr_TR,test,15,,11838,0.6153846153846154,0.6153846153846154,0.6956521739130435,0.5,0.5,0.0,0.0,0.0,0.0,0.3119402985074627,0.0,0.0,1.0
0,-1,legitimate_id_ID,test,15,,512,0.47647058823529415,0.4067796610169491,0.5294117647058824,0.0,1.0,0.0,0.0,0.4663636363636363,0.0,0.57,0.0,1.0,0.0
0,-1,legitimate_en_US,test,15,,215,0.855,0.5555555555555556,0.6153846153846154,0.5,1.0,0.0,0.0,0.27692307692307694,0.0,0.57,0.0,1.0,0.0
0,-1,legitimate_en_GB,test,15,,19123,0.5365853658536586,0.4878048780487805,0.6060606060606061,0.3333333333333333,1.0,0.0,0.0,0.0,0.0,0.38095238095238093,0.0,0.0,0.0
0,-1,legitimate_es_ES,test,15,,1532,0.6666666666666667,0.5454545454545454,0.6206896551724138,0.3333333333333333,1.0,0.0,0.0,0.0,0.0,0.57,0.0,0.0,1.0
0,-1,legitimate_fr_FR,test,15,,99,0.5,0.5,0.5238095238095238,0.0,1.0,0.0,0.0,0.0,0.0,0.57,0.0,0.0,1.0
0,-1,legitimate_de_DE,test,15,,89,0.4586206896551724,0.48275862068965514,0.4705882352941176,0.0,1.0,0.0,0.0,0.0,0.0,0.57,0.0,0.0,1.0
0,-1,legitimate_it_IT,test,15,,2269,0.7916666666666665,0.8333333333333333,0.923076923076923,0.5,1.0,0.0,0.0,0.0,0.0,0.57,0.0,0.0,0.0
0,-1,legitimate_pt_BR,test,15,,18624,0.855,0.6363636363636364,0.6363636363636364,0.3333333333333333,1.0,0.0,0.0,0.30000000000000004,0.0,0.48,0.0,1.0,0.0
0,-1,legitimate_ru_RU,test,15,,977,0.6206896551724138,0.48275862068965514,0.64,0.0,1.0,0.0,0.0,0.375,0.0,0.57,0.0,1.0,1.0
0,-1,legitimate_uk_UA,test,15,,1194,0.48484848484848486,0.48484848484848486,0.5833333333333333,0.5,1.0,0.0,0.0,0.25,0.0,0.4,0.0,1.0,1.0
0,-1,legitimate_ar_EG,test,15,,6349,0.855,0.7,0.7,0.5,1.0,0.0,0.0,0.0,0.0,0.342,0.0,1.0,1.0
0,-1,legitimate_fa_IR,test,15,,1028,0.475,0.5,0.4705882352941176,0.0,1.0,0.0,0.0,0.24242424242424243,0.0,0.3130985915492957,0.0,1.0,1.0
0,-1,legitimate_hi_IN,test,15,,220,0.4851063829787235,0.5106382978723404,0.41025641025641024,0.0,1.0,0.0,0.0,0.36,0.0,0.57,0.0,1.0,0.0
0,-1,legitimate_zh_CN,test,15,,10226,0.855,0.4444444444444444,0.6086956521739131,0.6666666666666666,1.0,0.0,0.0,0.0,0.0,0.3660550458715596,0.0,0.0,0.0
0,-1,legitimate_ja_JP,test,15,,10323,0.855,0.4705882352941177,0.6153846153846154,0.5,1.0,0.0,0.0,0.0,0.0,0.36363636363636365,0.0,0.0,1.0
0,-1,legitimate_ko_KR,test,15,,896,0.6352941176470588,0.4324324324324324,0.7058823529411764,1.0,1.0,0.0,0.0,0.0,0.0,0.45,0.0,0.0,0.0
0,-1,legitimate_tr_TR,test,15,,13310,0.45614035087719296,0.456140350877193,0.46808510638297873,0.0,1.0,0.0,0.0,0.0,0.0,0.37173913043478257,0.0,0.0,1.0
0,-1,legitimate_id_ID,test,15,,1240,0.525,0.4186046511627907,0.5833333333333333,0.0,1.0,0.0,0.0,0.0,0.0,0.3245901639344262,0.0,0.0,1.0
0,-1,legitimate_en_US,test,15,,1822,0.5384615384615384,0.5384615384615384,0.6363636363636364,0.5,1.0,0.0,0.0,0.0,0.0,0.2,0.0,1.0,1.0
0,-1,legitimate_en_GB,test,15,,16053,0.855,0.8333333333333333,0.923076923076923,0.5,1.0,0.0,0.0,0.0,0.0,0.2,0.0,0.0,0.0
0,-1,legitimate_es_ES,test,15,,7558,0.5964912280701755,0.5614035087719298,0.64,0.25,1.0,0.0,0.0,0.0,0.0,0.57,0.0,1.0,0.0
0,-1,legitimate_fr_FR,test,15,,6037,0.5496428571428571,0.4186046511627907,0.5263157894736843,0.0,1.0,0.0,0.0,0.0,0.0,0.3377777777777778,0.0,0.0,1.0
0,-1,legitimate_de_DE,test,15,,1089,0.475,0.5,0.5,0.3333333333333333,1.0,0.0,0.0,0.42903225806451617,0.0,0.45783132530120485,0.0,1.0,0.0
0,-1,legitimate_it_IT,test,15,,14881,0.525,0.42857142857142855,0.5833333333333333,0.5,1.0,0.0,0.0,0.54,0.0,0.2,0.0,1.0,1.0
0,-1,legitimate_pt_BR,test,15,,3753,0.855,0.4736842105263158,0.5384615384615384,0.3333333333333333,1.0,0.0,0.0,0.0,0.0,0.2,0.0,0.0,1.0
0,-1,legitimate_ru_RU,test,15,,8698,0.6785714285714286,0.6785714285714286,0.6122448979591837,0.3333333333333333,1.0,0.0,0.0,0.0,0.0,0.57,0.0,1.0,0.0
0,-1,legitimate_uk_UA,test,15,,8743,0.855,0.6,0.5714285714285714,0.5,1.0,0.0,0.0,0.4275,0.0,0.855,0.0,1.0,0.0
0,-1,legitimate_ar_EG,test,15,,3034,0.57,0.48,0.5882352941176471,0.5,1.0,0.0,0.0,0.0,0.0,0.33043478260869563,0.0,0.0,1.0
0,-1,legitimate_fa_IR,test,15,,2829,0.855,0.4,0.38095238095238093,0.5,1.0,0.0,0.0,0.0,0.0,0.1853658536585366,0.0,0.0,1.0
0,-1,legitimate_hi_IN,test,15,,7134,0.5142857142857142,0.339622641509434,0.5714285714285714,0.5,1.0,0.0,0.0,0.0,0.0,0.35999999999999993,0.0,0.0,0.0
0,-1,legitimate_zh_CN,test,15,,1326,0.6666666666666667,0.5714285714285715,0.631578947368421,1.0,1.0,0.0,0.0,0.0,0.0,0.855,0.0,1.0,0.0
0,-1,legitimate_ja_JP,test,15,,4707,0.855,0.6470588235294117,0.6923076923076923,0.3333333333333333,1.0,0.0,0.0,0.0,0.0,0.4275,0.0,0.0,1.0
0,-1,legitimate_ko_KR,test,15,,8459,0.4695652173913043,0.32432432432432434,0.5217391304347826,1.0,1.0,0.0,0.0,0.0,0.0,0.2,0.0,1.0,0.0
0,-1,legitimate_tr_TR,test,15,,10968,0.4275,0.40909090909090906,0.4375,0.3333333333333333,1.0,0.0,0.0,0.0,0.0,0.30000000000000004,0.0,0.0,1.0
0,-1,legitimate_id_ID,test,15,,8114,0.5919230769230769,0.2619047619047619,0.5384615384615384,0.5,1.0,0.0,0.0,0.0,0.0,0.33333333333333337,0.0,0.0,1.0
0,-1,legitimate_en_US,test,15,,2941,0.855,0.5405405405405406,0.7407407407407408,0.3333333333333333,0.5,0.0,0.0,0.0,0.0,0.33333333333333337,0.0,0.0,1.0
0,-1,legitimate_en_GB,test,15,,2010,0.5806451612903225,0.5161290322580645,0.6363636363636364,0.3333333333333333,1.0,0.0,0.0,0.13793103448275867,0.0,0.228,0.0,1.0,1.0
0,-1,legitimate_es_ES,test,15,,7967,0.855,0.4888888888888889,0.5925925925925926,0.6666666666666666,1.0,0.0,0.0,0.3375,0.0,0.475,0.0,1.0,1.0
0,-1,legitimate_fr_FR,test,15,,6185,0.855,0.6666666666666665,0.75,0.5,1.0,0.0,0.0,0.0,0.0,0.57,0.0,1.0,0.0
0,-1,legitimate_de_DE,test,15,,3782,0.5882352941176471,0.5882352941176471,0.6153846153846154,1.0,1.0,0.0,0.0,0.0,0.0,0.2,0.0,1.0,1.0
0,-1,legitimate_it_IT,test,15,,1815,0.534375,0.5625,0.5714285714285714,0.5,1.0,0.0,0.0,0.49090909090909085,0.0,0.3325,0.0,1.0,0.0
0,-1,legitimate_pt_BR,test,15,,18145,0.855,0.6363636363636364,0.6666666666666667,0.5,1.0,0.0,0.0,0.45,0.0,0.4,0.0,1.0,0.0
0,-1,legitimate_ru_RU,test,15,,8553,0.722,0.76,0.6341463414634146,0.3333333333333333,1.0,0.0,0.0,0.0,0.0,0.57,0.0,1.0,0.0
0,-1,legitimate_uk_UA,test,15,,4444,0.855,0.5454545454545454,0.6153846153846154,0.5,1.0,0.0,0.0,0.0,0.0,0.57,0.0,0.0,0.0
0,-1,legitimate_ar_EG,test,15,,1214,0.5384615384615384,0.5384615384615384,0.736842105263158,0.5,1.0,0.0,0.0,0.2571428571428571,0.0,0.36464646464646466,0.0,1.0,1.0
0,-1,legitimate_fa_IR,test,15,,1087,0.44999999999999996,0.45,0.5294117647058824,0.25,1.0,0.0,0.0,0.1894736842105263,0.0,0.3857142857142858,0.0,1.0,1.0
0,-1,legitimate_hi_IN,test,15,,12156,0.5,0.4375,0.6666666666666667,0.3333333333333333,1.0,0.0,0.0,0.0,0.0,0.34285714285714286,0.0,0.0,1.0
0,-1,legitimate_zh_CN,test,15,,4109,0.855,0.6,0.7692307692307692,1.0,1.0,0.0,0.0,0.0,0.0,0.2,0.0,1.0,1.0
0,-1,legitimate_ja_JP,test,15,,234,0.855,0.5,0.6153846153846154,0.6666666666666666,1.0,0.0,0.0,0.45,0.0,0.3666666666666667,0.0,1.0,1.0
0,-1,legitimate_ko_KR,test,15,,16369,0.6,0.4666666666666666,0.6923076923076923,0.0,1.0,0.0,0.0,0.0,0.0,0.2,0.0,1.0,1.0
0,-1,legitimate_tr_TR,test,15,,507,0.5,0.5,0.5,0.3333333333333333,1.0,0.0,0.0,0.3243902439024389,0.0,0.2,0.0,1.0,1.0
0,-1,legitimate_id_ID,test,15,,1961,0.675,0.375,0.75,0.0,1.0,0.0,0.0,0.0,0.0,0.57,0.0,0.0,1.0
0,-1,legitimate_en_US,test,15,,11221,0.855,0.5454545454545454,0.64,0.5,1.0,0.0,0.0,0.0,0.0,0.57,0.0,1.0,0.0
0,-1,legitimate_en_GB,test,15,,14666,0.855,0.6666666666666665,0.6666666666666667,0.5,1.0,0.0,0.0,0.19999999999999996,0.0,0.4090909090909091,0.0,1.0,0.0
0,-1,legitimate_es_ES,test,15,,1170,0.855,0.5714285714285715,0.6666666666666667,0.3333333333333333,1.0,0.0,0.0,0.342,0.0,0.42035398230088494,0.0,1.0,0.0
0,-1,legitimate_fr_FR,test,15,,1302,0.5641025641025641,0.5641025641025641,0.6451612903225806,0.3333333333333333,1.0,0.0,0.0,0.0,0.0,0.39701492537313426,0.0,1.0,1.0
0,-1,legitimate_de_DE,test,15,,14821,0.855,0.5882352941176471,0.5833333333333333,0.5,1.0,0.0,0.0,0.0,0.0,0.34734375,0.0,0.0,0.0
0,-1,legitimate_it_IT,test,15,,11475,0.5369565217391304,0.5652173913043478,0.5161290322580645,0.3333333333333333,1.0,0.0,0.0,0.24,0.0,0.57,0.0,1.0,0.0
0,-1,legitimate_pt_BR,test,15,,3864,0.4987499999999999,0.5,0.5,0.0,1.0,0.0,0.0,0.0,0.0,0.2,0.0,0.0,1.0
0,-1,legitimate_ru_RU,test,15,,18115,0.7796610169491526,0.7796610169491526,0.8,0.6666666666666666,1.0,0.0,0.0,0.0,0.0,0.2,0.0,1.0,0.0
0,-1,legitimate_uk_UA,test,15,,9667,0.7125,0.75,0.48,0.5,1.0,0.0,0.0,0.4444444444444444,0.0,0.57,0.0,1.0,1.0
0,-1,legitimate_ar_EG,test,15,,688,0.684,0.5333333333333333,0.6,1.0,1.0,0.0,0.0,0.0,0.0,0.57,0.0,1.0,1.0
0,-1,legitimate_fa_IR,test,15,,127,0.57,0.3,0.5,0.0,1.0,0.0,0.0,0.0,0.0,0.2,0.0,0.0,1.0
0,-1,legitimate_hi_IN,test,15,,18623,0.5089285714285714,0.5357142857142857,0.44999999999999996,0.0,1.0,0.0,0.0,0.3375,0.0,0.2,0.0,1.0,0.0
0,-1,legitimate_zh_CN,test,15,,1319,0.855,0.7692307692307692,0.7692307692307692,0.5,1.0,0.0,0.0,0.0,0.0,0.855,0.0,1.0,0.0
0,-1,legitimate_ja_JP,test,15,,1331,0.855,0.5806451612903225,0.782608695652174,0.5,1.0,0.0,0.0,0.0,0.0,0.3789473684210526,0.0,1.0,0.0
0,-1,legitimate_ko_KR,test,15,,5573,0.5714285714285714,0.38095238095238093,0.6153846153846154,1.0,1.0,0.0,0.0,0.0,0.0,0.2,0.0,0.0,1.0
0,-1,legitimate_tr_TR,test,15,,3440,0.54,0.375,0.6,0.0,1.0,0.0,0.0,0.4603846153846154,0.0,0.57,0.0,1.0,1.0
0,-1,legitimate_id_ID,test,15,,18670,0.855,0.6,0.7142857142857143,0.5,1.0,0.0,0.0,0.0,0.0,0.2,0.0,1.0,1.0
0,-1,legitimate_en_US,test,15,,6349,0.855,0.6666666666666665,0.6666666666666667,0.5,1.0,0.0,0.0,0.0,0.0,0.5,0.0,1.0,1.0
0,-1,legitimate_en_GB,test,15,,3713,0.855,0.7,0.6923076923076923,0.5,1.0,0.0,0.0,0.0,0.0,0.34545454545454546,0.0,1.0,0.0
0,-1,legitimate_es_ES,test,15,,12531,0.855,0.4489795918367347,0.5714285714285714,0.6666666666666666,1.0,0.0,0.0,0.3946153846153846,0.0,0.57,0.0,1.0,0.0
0,-1,legitimate_fr_FR,test,15,,18632,0.5066666666666666,0.4705882352941177,0.5294117647058824,0.5,1.0,0.0,0.0,0.0,0.0,0.3969642857142857,0.0,0.0,1.0
0,-1,legitimate_de_DE,test,15,,14307,0.5,0.4,0.5555555555555556,0.3333333333333333,1.0,0.0,0.0,0.0,0.0,0.38,0.0,0.0,1.0
0,-1,legitimate_it_IT,test,15,,2714,0.7125,0.75,0.6666666666666667,0.5,1.0,0.0,0.0,0.35,0.0,0.57,0.0,1.0,1.0
0,-1,legitimate_pt_BR,test,15,,1436,0.5727272727272728,0.358974358974359,0.6363636363636364,0.5,1.0,0.0,0.0,0.4275,0.0,0.41860465116279066,0.0,1.0,0.0
0,-1,legitimate_ru_RU,test,15,,9661,0.855,0.6153846153846154,0.6153846153846154,0.3333333333333333,1.0,0.0,0.0,0.5,0.0,0.57,0.0,1.0,1.0
0,-1,legitimate_uk_UA,test,15,,2768,0.855,0.625,0.5555555555555556,0.5,1.0,0.0,0.0,0.4057627118644067,0.0,0.57,0.0,1.0,0.0
0,-1,legitimate_ar_EG,test,15,,12508,0.8461538461538461,0.8461538461538461,0.8461538461538461,0.5,1.0,0.0,0.0,0.45,0.0,0.36,0.0,1.0,0.0
0,-1,legitimate_fa_IR,test,15,,3711,0.48,0.41666666666666663,0.5333333333333333,0.0,1.0,0.0,0.0,0.0,0.0,0.26190476190476186,0.0,0.0,0.0
0,-1,legitimate_hi_IN,test,15,,11182,0.5714285714285714,0.5714285714285715,0.5833333333333333,0.5,1.0,0.0,0.0,0.0,0.0,0.34833333333333344,0.0,0.0,1.0
0,-1,legitimate_zh_CN,test,15,,10789,0.9,1.0,1.0,1.0,1.0,0.0,0.0,0.5185185185185186,0.0,0.5029411764705882,0.0,1.0,1.0
0,-1,legitimate_ja_JP,test,15,,3813,0.855,0.5714285714285715,0.6,0.25,1.0,0.0,0.0,0.0,0.0,0.45,0.0,1.0,0.0
0,-1,legitimate_ko_KR,test,15,,1463,0.5625,0.3571428571428571,0.625,1.0,1.0,0.0,0.0,0.0,0.0,0.49090909090909085,0.0,0.0,1.0
0,-1,legitimate_tr_TR,test,15,,127,0.6000000000000001,0.17647058823529405,0.6666666666666667,0.0,1.0,0.0,0.0,0.0,0.0,0.57,0.0,0.0,1.0
0,-1,legitimate_id_ID,test,15,,567,0.7000000000000002,0.6153846153846154,0.7777777777777779,0.0,1.0,0.0,0.0,0.0,0.0,0.2571428571428572,0.0,0.0,1.0
0,-1,legitimate_en_US,test,15,,8824,0.855,0.5555555555555556,0.782608695652174,0.5,1.0,0.0,0.0,0.26999999999999996,0.0,0.2,0.0,1.0,0.0
0,-1,legitimate_en_GB,test,15,,142,0.855,0.6956521739130435,0.8275862068965517,0.5,1.0,0.0,0.0,0.4,0.0,0.57,0.0,1.0,0.0
0,-1,legitimate_es_ES,test,15,,1630,0.6,0.6,0.6666666666666667,0.0,1.0,0.0,0.0,0.36,0.0,0.57,0.0,1.0,0.0
0,-1,legitimate_fr_FR,test,15,,245,0.63,0.5,0.7,0.5,1.0,0.0,0.0,0.4153846153846154,0.0,0.57,0.0,1.0,1.0
0,-1,legitimate_de_DE,test,15,,9845,0.855,0.5384615384615384,0.631578947368421,0.5,1.0,0.0,0.0,0.456,0.0,0.38,0.0,1.0,1.0
0,-1,legitimate_it_IT,test,15,,16503,0.6650000000000001,0.64,0.7058823529411764,0.5,1.0,0.0,0.0,0.0,0.0,0.57,0.0,0.0,0.0
0,-1,legitimate_pt_BR,test,15,,11494,0.855,0.8181818181818181,0.8181818181818181,0.5,1.0,0.0,0.0,0.4275,0.0,0.3555555555555555,0.0,1.0,0.0
0,-1,legitimate_ru_RU,test,15,,15246,0.45,0.4222222222222222,0.5,0.0,1.0,0.0,0.0,0.0,0.0,0.45,0.0,0.0,0.0
0,-1,legitimate_uk_UA,test,15,,19118,0.8,0.5263157894736842,0.8888888888888888,0.5,1.0,0.0,0.0,0.0,0.0,0.57,0.0,0.0,0.0
0,-1,legitimate_ar_EG,test,15,,16053,0.855,0.8333333333333333,0.923076923076923,0.5,1.0,0.0,0.0,0.0,0.0,0.57,0.0,0.0,0.0
0,-1,legitimate_fa_IR,test,15,,175,0.48857142857142855,0.48,0.4705882352941176,0.5,1.0,0.0,0.0,0.0,0.0,0.57,0.0,0.0,1.0
0,-1,legitimate_hi_IN,test,15,,13894,0.4714285714285715,0.33766233766233766,0.5238095238095238,0.0,1.0,0.0,0.0,0.0,0.0,0.3306122448979592,0.0,0.0,1.0
0,-1,legitimate_zh_CN,test,15,,17043,0.855,0.6666666666666665,0.6666666666666667,0.5,1.0,0.0,0.0,0.4846153846153846,0.0,0.7578947368421052,0.0,1.0,0.0
0,-1,legitimate_ja_JP,test,15,,18896,0.7500000000000001,0.4761904761904762,0.8333333333333335,0.25,1.0,0.0,0.0,0.0,0.0,0.49090909090909085,0.0,1.0,0.0
0,-1,legitimate_ko_KR,test,15,,303,0.7714285714285716,0.4,0.8571428571428572,0.0,1.0,0.0,0.0,0.0,0.0,0.2,0.0,0.0,1.0
0,-1,legitimate_tr_TR,test,15,,11727,0.5684210526315789,0.5,0.631578947368421,0.0,1.0,0.0,0.0,0.0,0.0,0.855,0.0,1.0,0.0
0,-1,legitimate_id_ID,test,15,,16469,0.855,0.3272727272727273,0.4285714285714286,0.3333333333333333,1.0,0.0,0.0,0.0,0.0,0.855,0.0,0.0,1.0
0,-1,legitimate_en_US,test,15,,12789,0.855,0.7333333333333333,0.7333333333333334,0.5,1.0,0.0,0.0,0.3017647058823529,0.0,0.4,0.0,1.0,1.0
0,-1,legitimate_en_GB,test,15,,11450,0.855,0.625,0.6363636363636364,0.5,1.0,0.0,0.0,0.17999999999999997,0.0,0.4663636363636363,0.0,1.0,1.0
0,-1,legitimate_es_ES,test,15,,17197,0.5588235294117646,0.5882352941176471,0.6486486486486487,0.3333333333333333,1.0,0.0,0.0,0.0,0.0,0.342,0.0,0.0,0.0
0,-1,legitimate_fr_FR,test,15,,11179,0.855,0.6363636363636364,0.6,0.5,1.0,0.0,0.0,0.4809375,0.0,0.42857142857142855,0.0,1.0,0.0
0,-1,legitimate_de_DE,test,15,,11510,0.6000000000000001,0.48648648648648646,0.6666666666666667,0.5,1.0,0.0,0.0,0.0,0.0,0.27118644067796616,0.0,0.0,0.0
0,-1,legitimate_it_IT,test,15,,6767,0.4651162790697675,0.46511627906976744,0.6206896551724138,0.3333333333333333,1.0,0.0,0.0,0.4705882352941176,0.0,0.475,0.0,1.0,0.0
0,-1,legitimate_pt_BR,test,15,,17264,0.855,0.5333333333333333,0.5333333333333333,0.5,1.0,0.0,0.0,0.0,0.0,0.57,0.0,1.0,0.0
0,-1,legitimate_ru_RU,test,15,,3838,0.7142857142857143,0.6785714285714286,0.7058823529411764,0.25,1.0,0.0,0.0,0.4,0.0,0.57,0.0,1.0,0.0
0,-1,legitimate_uk_UA,test,15,,253,0.72,0.2857142857142857,0.8,0.0,1.0,0.0,0.0,0.0,0.0,0.57,0.0,0.0,1.0
0,-1,legitimate_ar_EG,test,15,,1031,0.6363636363636364,0.6363636363636364,0.736842105263158,0.5,1.0,0.0,0.0,0.0,0.0,0.35789473684210527,0.0,0.0,0.0
0,-1,legitimate_fa_IR,test,15,,1980,0.5684210526315789,0.3703703703703704,0.631578947368421,0.5,1.0,0.0,0.0,0.342,0.0,0.2,0.0,1.0,1.0
0,-1,legitimate_hi_IN,test,15,,4790,0.4809375,0.45,0.4615384615384615,0.5,1.0,0.0,0.0,0.0,0.0,0.30000000000000004,0.0,0.0,1.0
0,-1,legitimate_zh_CN,test,15,,6709,0.8421052631578947,0.8421052631578948,0.9333333333333332,0.5,1.0,0.0,0.0,0.0,0.0,0.5985,0.0,1.0,0.0
0,-1,legitimate_ja_JP,test,15,,6260,0.855,0.5714285714285715,0.8,0.25,1.0,0.0,0.0,0.0,0.0,0.3973856209150327,0.0,1.0,0.0
0,-1,legitimate_ko_KR,test,15,,17622,0.7411764705882352,0.23728813559322035,0.8235294117647058,1.0,1.0,0.0,0.0,0.0,0.0,0.3847499999999999,0.0,0.0,1.0
0,-1,legitimate_tr_TR,test,15,,2415,0.855,0.42857142857142855,0.5217391304347826,0.25,1.0,0.0,0.0,0.0,0.0,0.3497727272727273,0.0,0.0,1.0
0,-1,legitimate_id_ID,test,15,,2104,0.6666666666666667,0.6666666666666665,0.5882352941176471,0.5,1.0,0.0,0.0,0.0,0.0,0.855,0.0,0.0,1.0
0,-1,legitimate_en_US,test,15,,644,0.855,0.625,0.625,1.0,1.0,0.0,0.0,0.28421052631578947,0.0,0.57,0.0,1.0,0.0
0,-1,legitimate_en_GB,test,15,,13094,0.855,0.625,0.6363636363636364,0.5,1.0,0.0,0.0,0.3157894736842105,0.0,0.4,0.0,1.0,0.0
0,-1,legitimate_es_ES,test,15,,996,0.76,0.8,0.6666666666666667,0.5,1.0,0.0,0.0,0.342,0.0,0.3877551020408163,0.0,1.0,0.0
0,-1,legitimate_fr_FR,test,15,,8895,0.5571428571428572,0.36111111111111116,0.6190476190476191,0.3333333333333333,1.0,0.0,0.0,0.0,0.0,0.3507692307692308,0.0,0.0,1.0
0,-1,legitimate_de_DE,test,15,,9126,0.5472,0.4,0.6,0.5,1.0,0.0,0.0,0.0,0.0,0.57,0.0,1.0,0.0
0,-1,legitimate_it_IT,test,15,,10832,0.855,0.7,0.7,0.5,1.0,0.0,0.0,0.0,0.0,0.38306451612903225,0.0,1.0,0.0
0,-1,legitimate_pt_BR,test,15,,18284,0.855,0.5,0.6538461538461539,0.5,1.0,0.0,0.0,0.4375,0.0,0.4663636363636363,0.0,1.0,0.0
0,-1,legitimate_ru_RU,test,15,,8582,0.75,0.75,0.7692307692307692,0.3333333333333333,1.0,0.0,0.0,0.0,0.0,0.57,0.0,1.0,0.0
0,-1,legitimate_uk_UA,test,15,,8820,0.63,0.5517241379310345,0.7,0.0,1.0,0.0,0.0,0.0,0.0,0.3058823529411765,0.0,0.0,1.0
0,-1,legitimate_ar_EG,test,15,,4698,0.855,0.6086956521739131,0.625,0.5,1.0,0.0,0.0,0.4,0.0,0.24000000000000005,0.0,1.0,1.0
0,-1,legitimate_fa_IR,test,15,,4374,0.6000000000000001,0.26086956521739124,0.6666666666666667,0.5,1.0,0.0,0.0,0.0,0.0,0.36,0.0,1.0,0.0
0,-1,legitimate_hi_IN,test,15,,1314,0.48275862068965514,0.48275862068965514,0.5263157894736843,0.0,1.0,0.0,0.0,0.0,0.0,0.2548780487804878,0.0,1.0,0.0
0,-1,legitimate_zh_CN,test,15,,847,0.64,0.64,0.7619047619047619,0.3333333333333333,1.0,0.0,0.0,0.5142857142857142,0.0,0.49090909090909085,0.0,1.0,1.0
0,-1,legitimate_ja_JP,test,15,,17819,0.855,0.45,0.5185185185185186,0.25,1.0,0.0,0.0,0.0,0.0,0.375,0.0,0.0,0.0
0,-1,legitimate_ko_KR,test,15,,303,0.7714285714285716,0.42857142857142855,0.8571428571428572,0.0,1.0,0.0,0.0,0.0,0.0,0.2,0.0,0.0,1.0
0,-1,legitimate_tr_TR,test,15,,14564,0.855,0.5116279069767442,0.5,0.2,1.0,0.0,0.0,0.0,0.0,0.38294573643410856,0.0,0.0,1.0
0,-1,legitimate_id_ID,test,15,,333,0.855,0.3870967741935484,0.6,0.2,1.0,0.0,0.0,0.0,0.0,0.57,0.0,0.0,1.0
0,-1,legitimate_en_US,test,15,,3297,0.855,0.7272727272727272,0.8571428571428572,0.5,1.0,0.0,0.0,0.2857142857142857,0.0,0.328395061728395,0.0,1.0,1.0
0,-1,legitimate_en_GB,test,15,,5774,0.5727272727272728,0.34782608695652173,0.6363636363636364,0.5,1.0,0.0,0.0,0.0,0.0,0.27,0.0,1.0,0.0
0,-1,legitimate_es_ES,test,15,,4841,0.6211538461538462,0.6538461538461539,0.6341463414634146,0.3333333333333333,1.0,0.0,0.0,0.0,0.0,0.5625,0.0,1.0,0.0
0,-1,legitimate_fr_FR,test,15,,6185,0.855,0.7,0.7,0.5,1.0,0.0,0.0,0.0,0.0,0.57,0.0,1.0,0.0
0,-1,legitimate_de_DE,test,15,,7607,0.45714285714285713,0.4,0.5,0.5,1.0,0.0,0.0,0.0,0.0,0.3857142857142858,0.0,0.0,0.0
0,-1,legitimate_it_IT,test,15,,10820,0.5625,0.46511627906976744,0.625,0.5,1.0,0.0,0.0,0.36,0.0,0.855,0.0,1.0,0.0
0,-1,legitimate_pt_BR,test,15,,148,0.6545454545454547,0.5806451612903225,0.7272727272727273,0.0,1.0,0.0,0.0,0.3846153846153846,0.0,0.57,0.0,1.0,1.0
0,-1,legitimate_ru_RU,test,15,,10173,0.6296296296296297,0.6296296296296297,0.6666666666666667,0.3333333333333333,1.0,0.0,0.0,0.4153846153846154,0.0,0.3375,0.0,1.0,0.0
0,-1,legitimate_uk_UA,test,15,,4639,0.855,0.5925925925925926,0.631578947368421,0.5,1.0,0.0,0.0,0.0,0.0,0.3126582278481013,0.0,1.0,1.0
0,-1,legitimate_ar_EG,test,15,,9940,0.6545454545454547,0.4615384615384615,0.7272727272727273,0.3333333333333333,1.0,0.0,0.0,0.36,0.0,0.57,0.0,1.0,0.0
0,-1,legitimate_fa_IR,test,15,,2935,0.5142857142857142,0.3428571428571429,0.5714285714285714,0.2,1.0,0.0,0.0,0.0,0.0,0.57,0.0,0.0,1.0
0,-1,legitimate_hi_IN,test,15,,1718,0.534375,0.4666666666666666,0.5333333333333333,0.3333333333333333,1.0,0.0,0.0,0.0,0.0,0.32500000000000007,0.0,0.0,1.0
0,-1,legitimate_zh_CN,test,15,,17907,0.7777777777777779,0.7777777777777777,0.875,0.5,1.0,0.0,0.0,0.0,0.0,0.3735042735042735,0.0,1.0,0.0
0,-1,legitimate_ja_JP,test,15,,847,0.6514285714285714,0.6857142857142857,0.6666666666666667,0.5,1.0,0.0,0.0,0.45,0.0,0.49090909090909085,0.0,1.0,1.0
0,-1,legitimate_ko_KR,test,15,,17031,0.5684210526315789,0.25714285714285706,0.631578947368421,1.0,1.0,0.0,0.0,0.0,0.0,0.54,0.0,0.0,0.0
0,-1,legitimate_tr_TR,test,15,,688,0.855,0.5652173913043478,0.6363636363636364,0.2,1.0,0.0,0.0,0.0,0.0,0.57,0.0,1.0,1.0
0,-1,legitimate_id_ID,test,15,,1718,0.855,0.3846153846153846,0.5,0.25,1.0,0.0,0.0,0.0,0.0,0.4412903225806451,0.0,0.0,1.0
0,-1,legitimate_en_US,test,15,,4233,0.855,0.6666666666666665,0.6666666666666667,0.5,1.0,0.0,0.0,0.285,0.0,0.57,0.0,1.0,0.0
0,-1,legitimate_en_GB,test,15,,2336,0.855,0.7619047619047619,0.6923076923076923,1.0,1.0,0.0,0.0,0.35999999999999993,0.0,0.57,0.0,1.0,0.0
0,-1,legitimate_es_ES,test,15,,1066,0.855,0.5490196078431372,0.5714285714285714,0.3333333333333333,1.0,0.0,0.0,0.45,0.0,0.39375,0.0,1.0,0.0
0,-1,legitimate_fr_FR,test,15,,564,0.855,0.3076923076923077,0.4864864864864865,0.3333333333333333,1.0,0.0,0.0,0.0,0.0,0.3220338983050847,0.0,0.0,1.0
0,-1,legitimate_de_DE,test,15,,14198,0.4446,0.31404958677685957,0.48,0.0,1.0,0.0,0.0,0.0,0.0,0.855,0.0,0.0,0.0
0,-1,legitimate_it_IT,test,15,,10683,0.5241379310344827,0.5517241379310345,0.5,0.5,1.0,0.0,0.0,0.0,0.0,0.57,0.0,0.0,0.0
0,-1,legitimate_pt_BR,test,15,,1650,0.5555555555555556,0.5555555555555556,0.5454545454545454,0.0,1.0,0.0,0.0,0.0,0.0,0.3695652173913043,0.0,1.0,1.0
0,-1,legitimate_ru_RU,test,15,,3142,0.855,0.4210526315789474,0.4117647058823529,0.2,1.0,0.0,0.0,0.0,0.0,0.3551401869158879,0.0,0.0,1.0
0,-1,legitimate_uk_UA,test,15,,89,0.45714285714285713,0.45714285714285713,0.5,0.0,1.0,0.0,0.0,0.0,0.0,0.57,0.0,0.0,1.0
0,-1,legitimate_ar_EG,test,15,,1753,0.855,0.6666666666666665,0.7142857142857143,0.5,1.0,0.0,0.0,0.4275,0.0,0.31935483870967746,0.0,1.0,0.0
0,-1,legitimate_fa_IR,test,15,,2353,0.4736842105263159,0.32258064516129037,0.5263157894736843,0.3333333333333333,1.0,0.0,0.0,0.33333333333333337,0.0,0.57,0.0,1.0,0.0
0,-1,legitimate_hi_IN,test,15,,11016,0.5365853658536586,0.4390243902439025,0.5,0.3333333333333333,1.0,0.0,0.0,0.0,0.0,0.3272727272727273,0.0,1.0,1.0
0,-1,legitimate_zh_CN,test,15,,3898,0.9,0.8,1.0,0.5,1.0,0.0,0.0,0.0,0.0,0.57,0.0,1.0,0.0
0,-1,legitimate_ja_JP,test,15,,10001,0.9,0.6666666666666665,1.0,0.6666666666666666,1.0,0.0,0.0,0.513,0.0,0.57,0.0,1.0,0.0
0,-1,legitimate_ko_KR,test,15,,1967,0.5,0.5,0.6153846153846154,1.0,1.0,0.0,0.0,0.19999999999999996,0.0,0.57,0.0,1.0,0.0
0,-1,legitimate_tr_TR,test,15,,2953,0.544090909090909,0.4102564102564103,0.5185185185185186,0.0,1.0,0.0,0.0,0.0,0.0,0.38535211267605624,0.0,0.0,1.0
0,-1,legitimate_id_ID,test,15,,7663,0.56,0.56,0.6,0.5,1.0,0.0,0.0,0.15384615384615385,0.0,0.57,0.0,1.0,1.0
0,-1,legitimate_en_US,test,15,,13572,0.57,0.4324324324324324,0.48,0.5,1.0,0.0,0.0,0.4,0.0,0.285,0.0,1.0,0.0
0,-1,legitimate_en_GB,test,15,,11426,0.855,0.46808510638297873,0.5,0.3333333333333333,1.0,0.0,0.0,0.0,0.0,0.3017647058823529,0.0,0.0,1.0
0,-1,legitimate_es_ES,test,15,,1259,0.5659574468085107,0.5957446808510638,0.6285714285714286,0.0,1.0,0.0,0.0,0.3109090909090909,0.0,0.855,0.0,1.0,0.0
0,-1,legitimate_fr_FR,test,15,,2337,0.6147058823529411,0.6470588235294117,0.6428571428571428,0.3333333333333333,1.0,0.0,0.0,0.16000000000000003,0.0,0.2,0.0,1.0,0.0
0,-1,legitimate_de_DE,test,15,,324,0.855,0.5263157894736842,0.6086956521739131,0.5,1.0,0.0,0.0,0.0,0.0,0.4222222222222222,0.0,0.0,0.0
0,-1,legitimate_it_IT,test,15,,5109,0.5625,0.4615384615384615,0.625,0.5,1.0,0.0,0.0,0.0,0.0,0.39375,0.0,0.0,0.0
0,-1,legitimate_pt_BR,test,15,,71,0.855,0.52,0.6060606060606061,0.25,1.0,0.0,0.0,0.0,0.0,0.38,0.0,1.0,0.0
0,-1,legitimate_ru_RU,test,15,,11773,0.7048387096774192,0.7419354838709676,0.6666666666666667,0.3333333333333333,1.0,0.0,0.0,0.4,0.0,0.3625954198473283,0.0,1.0,1.0
0,-1,legitimate_uk_UA,test,15,,89,0.9,0.33333333333333326,1.0,0.0,1.0,0.0,0.0,0.0,0.0,0.228,0.0,0.0,1.0
0,-1,legitimate_ar_EG,test,15,,6603,0.5128205128205128,0.5128205128205129,0.5714285714285714,0.0,1.0,0.0,0.0,0.0,0.0,0.36,0.0,0.0,1.0
0,-1,legitimate_fa_IR,test,15,,7533,0.5115384615384615,0.5384615384615384,0.5882352941176471,0.5,1.0,0.0,0.0,0.3857142857142858,0.0,0.24428571428571427,0.0,1.0,1.0
0,-1,legitimate_hi_IN,test,15,,4589,0.6576923076923076,0.5789473684210527,0.6666666666666667,0.3333333333333333,1.0,0.0,0.0,0.4275,0.0,0.57,0.0,1.0,0.0
0,-1,legitimate_zh_CN,test,15,,10239,0.855,0.6666666666666665,0.6666666666666667,0.5,1.0,0.0,0.0,0.0,0.0,0.3660550458715596,0.0,1.0,0.0
0,-1,legitimate_ja_JP,test,15,,847,0.855,0.5,0.631578947368421,0.25,1.0,0.0,0.0,0.5142857142857142,0.0,0.5727272727272728,0.0,1.0,1.0
0,-1,legitimate_ko_KR,test,15,,303,0.7714285714285716,0.6,0.8571428571428572,0.0,1.0,0.0,0.0,0.0,0.0,0.57,0.0,0.0,1.0
0,-1,legitimate_tr_TR,test,15,,4500,0.4864864864864865,0.4324324324324324,0.5,0.0,1.0,0.0,0.0,0.0,0.0,0.38737864077669903,0.0,0.0,1.0
0,-1,legitimate_id_ID,test,15,,8194,0.4846153846153846,0.2784810126582279,0.5384615384615384,0.0,1.0,0.0,0.0,0.0,0.0,0.855,0.0,0.0,0.0
0,-1,legitimate_en_US,test,15,,1280,0.8181818181818181,0.8181818181818181,0.8571428571428572,0.5,1.0,0.0,0.0,0.2375,0.0,0.4153846153846154,0.0,1.0,0.0
0,-1,legitimate_en_GB,test,15,,11190,0.6155999999999999,0.5,0.5625,0.3333333333333333,1.0,0.0,0.0,0.0,0.0,0.2,0.0,1.0,0.0
0,-1,legitimate_es_ES,test,15,,12369,0.42903225806451617,0.4516129032258065,0.5,0.5,1.0,0.0,0.0,0.0,0.0,0.37604166666666666,0.0,0.0,0.0
0,-1,legitimate_fr_FR,test,15,,17570,0.855,0.4411764705882353,0.5641025641025641,0.25,1.0,0.0,0.0,0.0,0.0,0.39230769230769236,0.0,0.0,0.0
0,-1,legitimate_de_DE,test,15,,89,0.5294117647058824,0.411764705882353,0.6153846153846154,0.0,1.0,0.0,0.0,0.0,0.0,0.2,0.0,0.0,1.0
0,-1,legitimate_it_IT,test,15,,7967,0.855,0.44,0.5,0.3333333333333333,1.0,0.0,0.0,0.6000000000000001,0.0,0.3497727272727273,0.0,1.0,1.0
0,-1,legitimate_pt_BR,test,15,,807,0.4878048780487805,0.4878048780487805,0.5454545454545454,0.0,1.0,0.0,0.0,0.0,0.0,0.57,0.0,0.0,1.0
0,-1,legitimate_ru_RU,test,15,,976,0.5277777777777778,0.5555555555555556,0.5,0.3333333333333333,1.0,0.0,0.0,0.30000000000000004,0.0,0.57,0.0,1.0,1.0
0,-1,legitimate_uk_UA,test,15,,7277,0.5,0.4,0.5555555555555556,0.0,1.0,0.0,0.0,0.0,0.0,0.855,0.0,0.0,1.0
0,-1,legitimate_ar_EG,test,15,,2637,0.6000000000000001,0.45,0.6666666666666667,0.0,1.0,0.0,0.0,0.0,0.0,0.4441558441558442,0.0,0.0,0.0
0,-1,legitimate_fa_IR,test,15,,2384,0.6000000000000001,0.4,0.6666666666666667,0.0,1.0,0.0,0.0,0.0,0.0,0.57,0.0,0.0,0.0
0,-1,legitimate_hi_IN,test,15,,1819,0.5225806451612902,0.4390243902439025,0.5806451612903225,0.0,1.0,0.0,0.0,0.6428571428571429,0.0,0.57,0.0,1.0,1.0
0,-1,legitimate_zh_CN,test,15,,847,0.855,0.6666666666666665,0.7692307692307692,0.5,1.0,0.0,0.0,0.5142857142857142,0.0,0.4663636363636363,0.0,1.0,1.0
0,-1,legitimate_ja_JP,test,15,,16747,0.855,0.7272727272727272,0.7142857142857143,0.25,1.0,0.0,0.0,0.0,0.0,0.2,0.0,0.0,1.0
0,-1,legitimate_ko_KR,test,15,,1020,0.4275,0.2758620689655173,0.4,1.0,1.0,0.0,0.0,0.4153846153846154,0.0,0.57,0.0,1.0,0.0
0,-1,legitimate_tr_TR,test,15,,15714,0.855,0.625,0.625,1.0,1.0,0.0,0.0,0.0,0.0,0.35625,0.0,0.0,0.0
0,-1,legitimate_id_ID,test,15,,1439,0.855,0.6,0.5714285714285714,0.5,1.0,0.0,0.0,0.0,0.0,0.4088607594936709,0.0,0.0,1.0
0,-1,legitimate_en_US,test,15,,3706,0.855,0.5882352941176471,0.6666666666666667,0.5,1.0,0.0,0.0,0.4090909090909091,0.0,0.2905882352941177,0.0,1.0,0.0
0,-1,legitimate_en_GB,test,15,,12805,0.63,0.6,0.6363636363636364,0.3333333333333333,1.0,0.0,0.0,0.2571428571428571,0.0,0.30857142857142855,0.0,1.0,1.0
0,-1,legitimate_es_ES,test,15,,2510,0.5714285714285714,0.5306122448979592,0.6190476190476191,0.3333333333333333,1.0,0.0,0.0,0.54,0.0,0.57,0.0,1.0,0.0
0,-1,legitimate_fr_FR,test,15,,12582,0.5896551724137931,0.6206896551724138,0.42105263157894735,0.5,1.0,0.0,0.0,0.0,0.0,0.342,0.0,0.0,1.0
0,-1,legitimate_de_DE,test,15,,6595,0.6000000000000001,0.5,0.6666666666666667,0.0,1.0,0.0,0.0,0.0,0.0,0.3135,0.0,0.0,1.0
0,-1,legitimate_it_IT,test,15,,848,0.5588235294117647,0.5882352941176471,0.4615384615384615,0.5,1.0,0.0,0.0,0.3448275862068966,0.0,0.28297872340425534,0.0,1.0,1.0
0,-1,legitimate_pt_BR,test,15,,3753,0.855,0.4,0.5333333333333333,0.25,1.0,0.0,0.0,0.0,0.0,0.57,0.0,0.0,1.0
0,-1,legitimate_ru_RU,test,15,,12289,0.7475409836065573,0.7868852459016393,0.8235294117647058,0.3333333333333333,1.0,0.0,0.0,0.19999999999999996,0.0,0.40303030303030296,0.0,1.0,0.0
0,-1,legitimate_uk_UA,test,15,,565,0.5538461538461539,0.4761904761904762,0.6153846153846154,0.0,1.0,0.0,0.0,0.0,0.0,0.28358208955223885,0.0,0.0,0.0
0,-1,legitimate_ar_EG,test,15,,1292,0.855,0.625,0.6363636363636364,0.5,1.0,0.0,0.0,0.0,0.0,0.285,0.0,1.0,0.0
0,-1,legitimate_fa_IR,test,15,,13884,0.63,0.3783783783783784,0.7,0.5,1.0,0.0,0.0,0.0,0.0,0.33529411764705885,0.0,0.0,0.0
0,-1,legitimate_hi_IN,test,15,,15218,0.4736842105263158,0.4210526315789474,0.4615384615384615,0.5,1.0,0.0,0.0,0.45,0.0,0.57,0.0,1.0,1.0
0,-1,legitimate_zh_CN,test,15,,18924,0.76,0.8,0.6666666666666667,0.6666666666666666,1.0,0.0,0.0,0.27586206896551724,0.0,0.5,0.0,1.0,0.0
0,-1,legitimate_ja_JP,test,15,,335,0.855,0.3076923076923077,0.4545454545454546,0.5,1.0,0.0,0.0,0.0,0.0,0.855,0.0,0.0,1.0
0,-1,legitimate_ko_KR,test,15,,8790,0.5142857142857142,0.4,0.5714285714285714,1.0,1.0,0.0,0.0,0.0,0.0,0.25,0.0,0.0,1.0
0,-1,legitimate_tr_TR,test,15,,1898,0.855,0.6666666666666665,0.9090909090909091,0.3333333333333333,1.0,0.0,0.0,0.3375,0.0,0.57,0.0,1.0,0.0
0,-1,legitimate_id_ID,test,15,,7426,0.5181818181818182,0.5454545454545454,0.48,0.0,1.0,0.0,0.0,0.33333333333333337,0.0,0.4090909090909091,0.0,1.0,1.0
0,-1,legitimate_en_US,test,15,,2524,0.54,0.41666666666666663,0.6,0.5,1.0,0.0,0.0,0.3076923076923077,0.0,0.57,0.0,1.0,0.0
0,-1,legitimate_en_GB,test,15,,17208,0.9,0.7272727272727272,1.0,0.5,1.0,0.0,0.0,0.0,0.0,0.2,0.0,0.0,0.0
0,-1,legitimate_es_ES,test,15,,11132,0.855,0.5,0.6086956521739131,0.3333333333333333,1.0,0.0,0.0,0.0,0.0,0.35348837209302325,0.0,0.0,1.0
0,-1,legitimate_fr_FR,test,15,,1647,0.475,0.5,0.5833333333333333,0.5,1.0,0.0,0.0,0.36642857142857144,0.0,0.3492063492063492,0.0,1.0,0.0
0,-1,legitimate_de_DE,test,15,,15182,0.6966666666666669,0.5,0.5454545454545454,0.5,1.0,0.0,0.0,0.32258064516129037,0.0,0.3017647058823529,0.0,1.0,0.0
0,-1,legitimate_it_IT,test,15,,1647,0.6600000000000001,0.631578947368421,0.7333333333333334,0.0,1.0,0.0,0.0,0.4,0.0,0.36173076923076924,0.0,1.0,1.0
0,-1,legitimate_pt_BR,test,15,,1794,0.5241379310344827,0.5517241379310345,0.48,0.5,1.0,0.0,0.0,0.3272727272727273,0.0,0.3308270676691729,0.0,1.0,1.0
0,-1,legitimate_ru_RU,test,15,,14818,0.855,0.5263157894736842,0.5294117647058824,0.25,1.0,0.0,0.0,0.0,0.0,0.34285714285714286,0.0,0.0,0.0
0,-1,legitimate_uk_UA,test,15,,7275,0.6705882352941177,0.7058823529411765,0.64,0.5,1.0,0.0,0.0,0.3703703703703704,0.0,0.3857142857142858,0.0,1.0,1.0
0,-1,legitimate_ar_EG,test,15,,10539,0.6428571428571428,0.6428571428571428,0.6666666666666667,0.0,1.0,0.0,0.0,0.3272727272727273,0.0,0.3295918367346939,0.0,1.0,0.0
0,-1,legitimate_fa_IR,test,15,,17960,0.6000000000000001,0.21212121212121218,0.6666666666666667,0.5,1.0,0.0,0.0,0.0,0.0,0.30925531914893617,0.0,0.0,0.0
0,-1,legitimate_hi_IN,test,15,,1358,0.7714285714285716,0.2,0.8571428571428572,0.0,1.0,0.0,0.0,0.0,0.0,0.3857142857142858,0.0,0.0,1.0
0,-1,legitimate_zh_CN,test,15,,6935,0.855,0.6666666666666665,0.8333333333333335,0.5,1.0,0.0,0.0,0.49090909090909085,0.0,0.38655462184873945,0.0,1.0,0.0
0,-1,legitimate_ja_JP,test,15,,847,0.855,0.5714285714285715,0.7777777777777779,0.25,1.0,0.0,0.0,0.36,0.0,0.4090909090909091,0.0,1.0,1.0
0,-1,legitimate_ko_KR,test,15,,303,0.7714285714285716,0.4,0.8571428571428572,0.0,1.0,0.0,0.0,0.0,0.0,0.2,0.0,0.0,1.0
0,-1,legitimate_tr_TR,test,15,,12962,0.6000000000000001,0.303030303030303,0.6666666666666667,0.2,1.0,0.0,0.0,0.0,0.0,0.57,0.0,0.0,0.0
0,-1,legitimate_id_ID,test,15,,13654,0.5181818181818182,0.5454545454545454,0.5,0.3333333333333333,1.0,0.0,0.0,0.0,0.0,0.855,0.0,0.0,0.0
0,-1,legitimate_en_US,test,15,,4233,0.6691304347826086,0.5263157894736842,0.7272727272727273,0.5,1.0,0.0,0.0,0.16216216216216217,0.0,0.57,0.0,1.0,0.0
0,-1,legitimate_en_GB,test,15,,9022,0.72,0.2105263157894737,0.8,0.3333333333333333,1.0,0.0,0.0,0.0,0.0,0.31707317073170727,0.0,0.0,1.0
0,-1,legitimate_es_ES,test,15,,11100,0.6909090909090909,0.7272727272727272,0.6111111111111112,0.3333333333333333,1.0,0.0,0.0,0.30000000000000004,0.0,0.57,0.0,1.0,0.0
0,-1,legitimate_fr_FR,test,15,,18321,0.5538461538461539,0.4615384615384615,0.6153846153846154,0.5,1.0,0.0,0.0,0.0,0.0,0.29032258064516137,0.0,0.0,1.0
0,-1,legitimate_de_DE,test,15,,1166,0.8,0.4210526315789474,0.8888888888888888,0.5,1.0,0.0,0.0,0.2,0.0,0.324,0.0,1.0,0.0
0,-1,legitimate_it_IT,test,15,,5679,0.855,0.6956521739130435,0.7333333333333334,0.5,1.0,0.0,0.0,0.45,0.0,0.57,0.0,1.0,0.0
0,-1,legitimate_pt_BR,test,15,,3439,0.855,0.8,0.9090909090909091,0.5,1.0,0.0,0.0,0.0,0.0,0.57,0.0,0.0,1.0
0,-1,legitimate_ru_RU,test,15,,9789,0.5555555555555556,0.5555555555555556,0.56,0.3333333333333333,1.0,0.0,0.0,0.25909090909090904,0.0,0.57,0.0,1.0,0.0
0,-1,legitimate_uk_UA,test,15,,9524,0.5474576271186441,0.576271186440678,0.5128205128205128,0.3333333333333333,1.0,0.0,0.0,0.33333333333333337,0.0,0.2,0.0,1.0,1.0
0,-1,legitimate_ar_EG,test,15,,12804,0.855,0.7,0.7692307692307692,0.5,1.0,0.0,0.0,0.1636363636363636,0.0,0.45,0.0,1.0,0.0
0,-1,legitimate_fa_IR,test,15,,15186,0.3870967741935484,0.3870967741935484,0.4285714285714286,0.0,1.0,0.0,0.0,0.0,0.0,0.375,0.0,1.0,0.0
0,-1,legitimate_hi_IN,test,15,,7517,0.5,0.5,0.631578947368421,0.0,0.5,0.0,0.0,0.0,0.0,0.33096774193548384,0.0,0.0,1.0
0,-1,legitimate_zh_CN,test,15,,4269,0.7777777777777779,0.7777777777777777,0.9333333333333332,1.0,1.0,0.0,0.0,0.0,0.0,0.57,0.0,1.0,0.0
0,-1,legitimate_ja_JP,test,15,,10323,0.855,0.4705882352941177,0.6923076923076923,0.3333333333333333,1.0,0.0,0.0,0.0,0.0,0.34873417721518984,0.0,0.0,1.0
0,-1,legitimate_ko_KR,test,15,,303,0.7714285714285716,0.5,0.8571428571428572,0.0,1.0,0.0,0.0,0.0,0.0,0.228,0.0,0.0,1.0
0,-1,legitimate_tr_TR,test,15,,7282,0.4653061224489795,0.4897959183673469,0.5128205128205128,0.25,1.0,0.0,0.0,0.4,0.0,0.57,0.0,1.0,1.0
0,-1,legitimate_id_ID,test,15,,16071,0.9,0.4705882352941177,1.0,0.5,1.0,0.0,0.0,0.0,0.0,0.57,0.0,0.0,0.0
0,-1,legitimate_en_US,test,15,,3537,0.855,0.6666666666666665,0.8333333333333335,0.5,1.0,0.0,0.0,0.18181818181818177,0.0,0.57,0.0,1.0,1.0
0,-1,legitimate_en_GB,test,15,,14464,0.855,0.631578947368421,0.631578947368421,0.5,1.0,0.0,0.0,0.0,0.0,0.33559322033898303,0.0,0.0,0.0
0,-1,legitimate_es_ES,test,15,,1436,0.4925925925925927,0.5185185185185186,0.5416666666666667,0.0,1.0,0.0,0.0,0.4275,0.0,0.42105263157894735,0.0,1.0,0.0
0,-1,legitimate_fr_FR,test,15,,5719,0.855,0.4931506849315068,0.5490196078431373,0.4,1.0,0.0,0.0,0.0,0.0,0.39876543209876547,0.0,1.0,1.0
0,-1,legitimate_de_DE,test,15,,1294,0.48484848484848486,0.48484848484848486,0.5333333333333333,0.0,1.0,0.0,0.0,0.0,0.0,0.34615384615384615,0.0,0.0,1.0
0,-1,legitimate_it_IT,test,15,,6131,0.475,0.5,0.5,0.0,1.0,0.0,0.0,0.36,0.0,0.45,0.0,1.0,0.0
0,-1,legitimate_pt_BR,test,15,,9863,0.5516129032258065,0.46808510638297873,0.41379310344827597,0.3333333333333333,1.0,0.0,0.0,0.0,0.0,0.3492647058823529,0.0,0.0,1.0
0,-1,legitimate_ru_RU,test,15,,13281,0.6430769230769231,0.676923076923077,0.6808510638297872,0.3333333333333333,1.0,0.0,0.0,0.0,0.0,0.57,0.0,1.0,0.0
0,-1,legitimate_uk_UA,test,15,,5274,0.675,0.4444444444444444,0.75,0.0,1.0,0.0,0.0,0.0,0.0,0.34285714285714286,0.0,0.0,1.0
0,-1,legitimate_ar_EG,test,15,,5071,0.5454545454545454,0.33846153846153837,0.6060606060606061,0.3333333333333333,1.0,0.0,0.0,0.0,0.0,0.38,0.0,0.0,0.0
0,-1,legitimate_fa_IR,test,15,,5233,0.6218181818181818,0.4444444444444444,0.6666666666666667,0.5,1.0,0.0,0.0,0.0,0.0,0.57,0.0,0.0,0.0
0,-1,legitimate_hi_IN,test,15,,175,0.6060606060606061,0.5454545454545454,0.6666666666666667,0.0,1.0,0.0,0.0,0.0,0.0,0.57,0.0,0.0,1.0
0,-1,legitimate_zh_CN,test,15,,10019,0.855,0.736842105263158,0.7142857142857143,0.6666666666666666,1.0,0.0,0.0,0.0,0.0,0.2,0.0,1.0,1.0
0,-1,legitimate_ja_JP,test,15,,4707,0.855,0.4705882352941177,0.6666666666666667,0.3333333333333333,1.0,0.0,0.0,0.0,0.0,0.4151260504201681,0.0,0.0,1.0
0,-1,legitimate_ko_KR,test,15,,5130,0.5142857142857142,0.2857142857142857,0.5714285714285714,0.0,1.0,0.0,0.0,0.0,0.0,0.32520325203252026,0.0,0.0,0.0
0,-1,legitimate_tr_TR,test,15,,7581,0.5333333333333333,0.5333333333333333,0.5454545454545454,0.0,1.0,0.0,0.0,0.0,0.0,0.57,0.0,1.0,1.0
0,-1,legitimate_id_ID,test,15,,12561,0.855,0.3870967741935484,0.5769230769230769,0.3333333333333333,1.0,0.0,0.0,0.0,0.0,0.33043478260869563,0.0,0.0,1.0
0,-1,legitimate_en_US,test,15,,1884,0.6428571428571429,0.5185185185185186,0.7142857142857143,0.0,1.0,0.0,0.0,0.0,0.0,0.37173913043478257,0.0,0.0,0.0
0,-1,legitimate_en_GB,test,15,,5064,0.5181818181818182,0.5454545454545454,0.5333333333333333,0.3333333333333333,1.0,0.0,0.0,0.3272727272727273,0.0,0.2,0.0,1.0,1.0
0,-1,legitimate_es_ES,test,15,,17510,0.855,0.5581395348837209,0.5882352941176471,0.3333333333333333,1.0,0.0,0.0,0.4275,0.0,0.4104,0.0,1.0,0.0
0,-1,legitimate_fr_FR,test,15,,2483,0.5516129032258064,0.5806451612903225,0.6363636363636364,0.5,1.0,0.0,0.0,0.285,0.0,0.3489795918367347,0.0,1.0,1.0
0,-1,legitimate_de_DE,test,15,,293,0.57,0.4390243902439025,0.5625,0.3333333333333333,1.0,0.0,0.0,0.0,0.0,0.391304347826087,0.0,1.0,0.0
0,-1,legitimate_it_IT,test,15,,1222,0.5727272727272728,0.33333333333333326,0.6363636363636364,0.0,1.0,0.0,0.0,0.36,0.0,0.57,0.0,1.0,1.0
0,-1,legitimate_pt_BR,test,15,,122,0.5181818181818182,0.5454545454545454,0.5925925925925926,0.0,1.0,0.0,0.0,0.30000000000000004,0.0,0.2,0.0,1.0,1.0
0,-1,legitimate_ru_RU,test,15,,11540,0.855,0.3111111111111111,0.45945945945945943,0.2,1.0,0.0,0.0,0.0,0.0,0.855,0.0,0.0,1.0
0,-1,legitimate_uk_UA,test,15,,123,0.855,0.5142857142857143,0.6086956521739131,0.5,1.0,0.0,0.0,0.3076923076923077,0.0,0.57,0.0,1.0,0.0
0,-1,legitimate_ar_EG,test,15,,1475,0.855,0.7619047619047619,0.7692307692307692,0.5,1.0,0.0,0.0,0.25,0.0,0.379746835443038,0.0,1.0,0.0
0,-1,legitimate_fa_IR,test,15,,6845,0.4925925925925927,0.5185185185185186,0.4761904761904761,0.5,1.0,0.0,0.0,0.45,0.0,0.4235294117647059,0.0,1.0,1.0
0,-1,legitimate_hi_IN,test,15,,17398,0.63,0.3181818181818181,0.7,0.5,1.0,0.0,0.0,0.6000000000000001,0.0,0.48857142857142855,0.0,1.0,0.0
0,-1,legitimate_zh_CN,test,15,,17155,0.855,0.7,0.8571428571428572,1.0,1.0,0.0,0.0,0.0,0.0,0.57,0.0,0.0,1.0
0,-1,legitimate_ja_JP,test,15,,10324,0.855,0.38888888888888884,0.5882352941176471,0.3333333333333333,1.0,0.0,0.0,0.0,0.0,0.3525773195876289,0.0,0.0,1.0
0,-1,legitimate_ko_KR,test,15,,3399,0.6909090909090909,0.7272727272727272,0.736842105263158,0.0,1.0,0.0,0.0,0.0,0.0,0.2,0.0,1.0,1.0
0,-1,legitimate_tr_TR,test,15,,1552,0.5,0.4375,0.6153846153846154,0.0,1.0,0.0,0.0,0.0,0.0,0.4090909090909091,0.0,1.0,1.0
0,-1,legitimate_id_ID,test,15,,6075,0.855,0.5833333333333334,0.6206896551724138,0.25,1.0,0.0,0.0,0.342,0.0,0.57,0.0,1.0,1.0
0,-1,legitimate_en_US,test,15,,11251,0.64125,0.4516129032258065,0.5714285714285714,0.0,0.5,0.0,0.0,0.0,0.0,0.37720588235294117,0.0,0.0,1.0
0,-1,legitimate_en_GB,test,15,,1452,0.855,0.4516129032258065,0.5,0.3333333333333333,1.0,0.0,0.0,0.0,0.0,0.3857142857142858,0.0,1.0,1.0
0,-1,legitimate_es_ES,test,15,,6772,0.57,0.5,0.5882352941176471,0.5,1.0,0.0,0.0,0.0,0.0,0.34734375,0.0,0.0,1.0
0,-1,legitimate_fr_FR,test,15,,17448,0.855,0.7272727272727272,0.782608695652174,0.5,1.0,0.0,0.0,0.45,0.0,0.57,0.0,1.0,0.0
0,-1,legitimate_de_DE,test,15,,6236,0.6545454545454547,0.4,0.7272727272727273,0.0,1.0,0.0,0.0,0.0,0.0,0.26125000000000004,0.0,0.0,0.0
0,-1,legitimate_it_IT,test,15,,1218,0.4878048780487805,0.4878048780487805,0.5714285714285714,0.3333333333333333,1.0,0.0,0.0,0.320625,0.0,0.4,0.0,1.0,1.0
0,-1,legitimate_pt_BR,test,15,,17486,0.855,0.6,0.6153846153846154,0.5,1.0,0.0,0.0,0.48857142857142855,0.0,0.45,0.0,1.0,0.0
0,-1,legitimate_ru_RU,test,15,,9524,0.7169811320754716,0.7547169811320755,0.6046511627906976,0.3333333333333333,1.0,0.0,0.0,0.5142857142857142,0.0,0.57,0.0,1.0,1.0
0,-1,legitimate_uk_UA,test,15,,13240,0.855,0.5777777777777778,0.6666666666666667,0.5,1.0,0.0,0.0,0.3157894736842105,0.0,0.38863636363636367,0.0,1.0,0.0
0,-1,legitimate_ar_EG,test,15,,6253,0.855,0.6956521739130435,0.6956521739130435,0.5,1.0,0.0,0.0,0.3125,0.0,0.3342592592592593,0.0,1.0,0.0
0,-1,legitimate_fa_IR,test,15,,971,0.5727272727272728,0.2666666666666667,0.6363636363636364,0.0,1.0,0.0,0.0,0.3375,0.0,0.324,0.0,1.0,1.0
0,-1,legitimate_hi_IN,test,15,,6114,0.5066666666666666,0.45,0.4666666666666666,0.0,1.0,0.0,0.0,0.0,0.0,0.4075471698113208,0.0,0.0,1.0
0,-1,legitimate_zh_CN,test,15,,1324,0.76,0.8,0.7058823529411764,1.0,1.0,0.0,0.0,0.0,0.0,0.4,0.0,1.0,0.0
0,-1,legitimate_ja_JP,test,15,,10001,0.9,0.6666666666666665,1.0,0.6666666666666666,1.0,0.0,0.0,0.48857142857142855,0.0,0.2,0.0,1.0,0.0
0,-1,legitimate_ko_KR,test,15,,303,0.7714285714285716,0.5,0.8571428571428572,0.0,1.0,0.0,0.0,0.0,0.0,0.57,0.0,0.0,1.0
0,-1,legitimate_tr_TR,test,15,,14564,0.855,0.5,0.5,0.25,1.0,0.0,0.0,0.0,0.0,0.3417721518987342,0.0,0.0,1.0
0,-1,legitimate_id_ID,test,15,,659,0.6000000000000001,0.45454545454545453,0.6666666666666667,0.0,1.0,0.0,0.0,0.45,0.0,0.34285714285714286,0.0,1.0,0.0
0,-1,legitimate_en_US,test,15,,1366,0.855,0.7272727272727272,0.7272727272727273,0.5,1.0,0.0,0.0,0.0,0.0,0.2,0.0,1.0,0.0
0,-1,legitimate_en_GB,test,15,,3425,0.855,0.736842105263158,0.736842105263158,0.5,1.0,0.0,0.0,0.28787878787878785,0.0,0.2,0.0,1.0,0.0
0,-1,legitimate_es_ES,test,15,,4421,0.5377358490566038,0.5660377358490566,0.5263157894736843,0.3333333333333333,1.0,0.0,0.0,0.0,0.0,0.3946153846153846,0.0,1.0,0.0
0,-1,legitimate_fr_FR,test,15,,2526,0.7578947368421052,0.6153846153846154,0.8421052631578947,0.5,1.0,0.0,0.0,0.0,0.0,0.30493827160493825,0.0,0.0,1.0
0,-1,legitimate_de_DE,test,15,,333,0.5066666666666666,0.4324324324324324,0.4545454545454546,0.0,1.0,0.0,0.0,0.0,0.0,0.57,0.0,0.0,1.0
0,-1,legitimate_it_IT,test,15,,1650,0.5365853658536586,0.3902439024390244,0.56,0.0,1.0,0.0,0.0,0.0,0.0,0.4,0.0,1.0,1.0
0,-1,legitimate_pt_BR,test,15,,70,0.5945945945945945,0.5945945945945946,0.5217391304347826,0.3333333333333333,1.0,0.0,0.0,0.342,0.0,0.57,0.0,1.0,1.0
0,-1,legitimate_ru_RU,test,15,,2483,0.855,0.5714285714285715,0.7333333333333334,0.2,1.0,0.0,0.0,0.27,0.0,0.3320388349514563,0.0,1.0,1.0
0,-1,legitimate_uk_UA,test,15,,9380,0.55,0.5416666666666666,0.6111111111111112,0.5,1.0,0.0,0.0,0.0,0.0,0.57,0.0,1.0,0.0
0,-1,legitimate_ar_EG,test,15,,2202,0.57,0.4390243902439025,0.4444444444444444,0.5,1.0,0.0,0.0,0.18181818181818177,0.0,0.3053571428571428,0.0,1.0,0.0
0,-1,legitimate_fa_IR,test,15,,9984,0.54,0.2926829268292683,0.6,1.0,1.0,0.0,0.0,0.2,0.0,0.4090909090909091,0.0,1.0,0.0
0,-1,legitimate_hi_IN,test,15,,1895,0.5181818181818182,0.5454545454545454,0.6666666666666667,0.0,1.0,0.0,0.0,0.0,0.0,0.57,0.0,1.0,1.0
0,-1,legitimate_zh_CN,test,15,,17905,0.95,1.0,0.8333333333333335,1.0,1.0,0.0,0.0,0.475,0.0,0.34615384615384615,0.0,1.0,1.0
0,-1,legitimate_ja_JP,test,15,,6695,0.855,0.4788732394366197,0.5909090909090908,0.4,1.0,0.0,0.0,0.0,0.0,0.48,0.0,0.0,0.0
0,-1,legitimate_ko_KR,test,15,,3813,0.6666666666666667,0.6666666666666665,0.736842105263158,1.0,1.0,0.0,0.0,0.0,0.0,0.4002127659574468,0.0,1.0,1.0
0,-1,legitimate_tr_TR,test,15,,5650,0.486046511627907,0.5116279069767442,0.5263157894736843,0.3333333333333333,1.0,0.0,0.0,0.0,0.0,0.57,0.0,1.0,0.0
0,-1,legitimate_id_ID,test,15,,6973,0.54,0.3846153846153846,0.6,0.5,1.0,0.0,0.0,0.0,0.0,0.855,0.0,0.0,1.0
0,-1,legitimate_en_US,test,15,,10494,0.9,1.0,1.0,0.5,1.0,0.0,0.0,0.0,0.0,0.57,0.0,0.0,0.0
0,-1,legitimate_en_GB,test,15,,1663,0.59375,0.625,0.6923076923076923,0.0,1.0,0.0,0.0,0.3272727272727273,0.0,0.2,0.0,1.0,1.0
0,-1,legitimate_es_ES,test,15,,203,0.6428571428571429,0.4782608695652174,0.7142857142857143,0.5,1.0,0.0,0.0,0.3857142857142858,0.0,0.855,0.0,1.0,0.0
0,-1,legitimate_fr_FR,test,15,,11681,0.5769230769230769,0.4615384615384615,0.6046511627906976,0.3333333333333333,1.0,0.0,0.0,0.4153846153846154,0.0,0.4090909090909091,0.0,1.0,0.0
0,-1,legitimate_de_DE,test,15,,2205,0.6857142857142857,0.48484848484848486,0.7619047619047619,0.3333333333333333,1.0,0.0,0.0,0.13846153846153847,0.0,0.2,0.0,1.0,1.0
0,-1,legitimate_it_IT,test,15,,15125,0.5294117647058824,0.3448275862068965,0.5882352941176471,0.0,1.0,0.0,0.0,0.0,0.0,0.57,0.0,0.0,1.0
0,-1,legitimate_pt_BR,test,15,,9353,0.627,0.5333333333333333,0.5714285714285714,0.5,1.0,0.0,0.0,0.4242424242424242,0.0,0.57,0.0,1.0,0.0
0,-1,legitimate_ru_RU,test,15,,7430,0.6,0.631578947368421,0.6956521739130435,0.3333333333333333,1.0,0.0,0.0,0.35999999999999993,0.0,0.3857142857142858,0.0,1.0,1.0
0,-1,legitimate_uk_UA,test,15,,8341,0.6446428571428571,0.6785714285714286,0.7692307692307692,0.3333333333333333,1.0,0.0,0.0,0.3703703703703704,0.0,0.2,0.0,1.0,0.0
0,-1,legitimate_ar_EG,test,15,,19005,0.6000000000000001,0.3783783783783784,0.6666666666666667,1.0,1.0,0.0,0.0,0.25,0.0,0.342,0.0,1.0,0.0
0,-1,legitimate_fa_IR,test,15,,3853,0.54,0.4,0.6,0.0,1.0,0.0,0.0,0.0,0.0,0.25909090909090904,0.0,0.0,0.0
0,-1,legitimate_hi_IN,test,15,,148,0.54,0.4516129032258065,0.6,0.0,1.0,0.0,0.0,0.09090909090909094,0.0,0.57,0.0,1.0,1.0
0,-1,legitimate_zh_CN,test,15,,6959,0.8,0.72,0.9,0.6666666666666666,1.0,0.0,0.0,0.45,0.0,0.2,0.0,1.0,1.0
0,-1,legitimate_ja_JP,test,15,,927,0.855,0.4615384615384615,0.6,0.3333333333333333,1.0,0.0,0.0,0.0,0.0,0.40375,0.0,0.0,1.0
0,-1,legitimate_ko_KR,test,15,,4429,0.6000000000000001,0.3571428571428571,0.6666666666666667,1.0,1.0,0.0,0.0,0.0,0.0,0.4816901408450704,0.0,0.0,0.0
0,-1,legitimate_tr_TR,test,15,,9291,0.855,0.6153846153846154,0.7777777777777779,0.3333333333333333,1.0,0.0,0.0,0.0,0.0,0.57,0.0,0.0,1.0
0,-1,legitimate_id_ID,test,15,,11441,0.6,0.631578947368421,0.5454545454545454,0.5,1.0,0.0,0.0,0.2571428571428571,0.0,0.45599999999999996,0.0,1.0,1.0
0,-1,legitimate_en_US,test,15,,3250,0.855,0.6923076923076923,0.7058823529411764,0.5,1.0,0.0,0.0,0.36,0.0,0.2,0.0,1.0,0.0
0,-1,legitimate_en_GB,test,15,,3395,0.855,0.5714285714285715,0.736842105263158,0.5,1.0,0.0,0.0,0.3272727272727273,0.0,0.3896103896103897,0.0,1.0,1.0
0,-1,legitimate_es_ES,test,15,,2103,0.5727272727272728,0.5161290322580645,0.6363636363636364,0.0,1.0,0.0,0.0,0.0,0.0,0.57,0.0,1.0,1.0
0,-1,legitimate_fr_FR,test,15,,2532,0.5777777777777777,0.5777777777777778,0.631578947368421,0.3333333333333333,1.0,0.0,0.0,0.30000000000000004,0.0,0.57,0.0,1.0,1.0
0,-1,legitimate_de_DE,test,15,,1093,0.5714285714285714,0.5714285714285715,0.6153846153846154,0.0,1.0,0.0,0.0,0.0,0.0,0.36642857142857144,0.0,0.0,1.0
0,-1,legitimate_it_IT,test,15,,3807,0.855,0.7272727272727272,0.7142857142857143,0.5,0.5,0.0,0.0,0.0,0.0,0.3288461538461538,0.0,0.0,1.0
0,-1,legitimate_pt_BR,test,15,,4643,0.6923076923076923,0.45454545454545453,0.7692307692307692,0.5,1.0,0.0,0.0,0.0,0.0,0.31666666666666665,0.0,0.0,1.0
0,-1,legitimate_ru_RU,test,15,,8006,0.855,0.5714285714285715,0.6,0.3333333333333333,1.0,0.0,0.0,0.3176470588235294,0.0,0.3325,0.0,1.0,1.0
0,-1,legitimate_uk_UA,test,15,,11914,0.4897959183673469,0.4897959183673469,0.5405405405405406,0.5,1.0,0.0,0.0,0.0,0.0,0.4098039215686275,0.0,0.0,1.0
0,-1,legitimate_ar_EG,test,15,,12762,0.6000000000000001,0.28,0.6666666666666667,0.5,1.0,0.0,0.0,0.0,0.0,0.57,0.0,1.0,1.0
0,-1,legitimate_fa_IR,test,15,,18630,0.855,0.32558139534883723,0.5,0.5,1.0,0.0,0.0,0.0,0.0,0.3257142857142857,0.0,0.0,0.0
0,-1,legitimate_hi_IN,test,15,,254,0.5625,0.5625,0.5806451612903225,0.0,1.0,0.0,0.0,0.30000000000000004,0.0,0.57,0.0,1.0,0.0
0,-1,legitimate_zh_CN,test,15,,4377,0.7916666666666667,0.8333333333333333,0.8421052631578947,0.5,1.0,0.0,0.0,0.0,0.0,0.3375,0.0,1.0,0.0
0,-1,legitimate_ja_JP,test,15,,7812,0.855,0.875,0.8888888888888888,0.5,1.0,0.0,0.0,0.0,0.0,0.57,0.0,0.0,0.0
0,-1,legitimate_ko_KR,test,15,,10425,0.48,0.22857142857142862,0.5333333333333333,1.0,1.0,0.0,0.0,0.4761904761904761,0.0,0.2,0.0,1.0,1.0
0,-1,legitimate_tr_TR,test,15,,1041,0.6333333333333333,0.6666666666666665,0.6428571428571428,0.0,1.0,0.0,0.0,0.48857142857142855,0.0,0.34337349397590367,0.0,1.0,1.0
0,-1,legitimate_id_ID,test,15,,15362,0.8181818181818181,0.5263157894736842,0.9090909090909091,0.5,1.0,0.0,0.0,0.0,0.0,0.228,0.0,0.0,0.0
0,-1,legitimate_en_US,test,15,,19089,0.6956521739130435,0.7058823529411765,0.7777777777777779,0.5,1.0,0.0,0.0,0.32258064516129037,0.0,0.57,0.0,1.0,0.0
0,-1,legitimate_en_GB,test,15,,11484,0.855,0.5714285714285715,0.6,0.5,1.0,0.0,0.0,0.2222222222222222,0.0,0.855,0.0,1.0,0.0
0,-1,legitimate_es_ES,test,15,,254,0.855,0.4761904761904762,0.4761904761904761,0.25,1.0,0.0,0.0,0.45,0.0,0.57,0.0,1.0,0.0
0,-1,legitimate_fr_FR,test,15,,2650,0.5399999999999999,0.34782608695652173,0.5714285714285714,0.5,1.0,0.0,0.0,0.4,0.0,0.57,0.0,1.0,0.0
0,-1,legitimate_de_DE,test,15,,7310,0.5294117647058824,0.5294117647058824,0.6,0.5,1.0,0.0,0.0,0.45,0.0,0.4,0.0,1.0,1.0
0,-1,legitimate_it_IT,test,15,,10316,0.4586206896551724,0.48275862068965514,0.4615384615384615,0.3333333333333333,1.0,0.0,0.0,0.0,0.0,0.57,0.0,1.0,1.0
0,-1,legitimate_pt_BR,test,15,,1212,0.7407407407407408,0.7407407407407408,0.6956521739130435,0.5,1.0,0.0,0.0,0.3109090909090909,0.0,0.32758620689655177,0.0,1.0,1.0
0,-1,legitimate_ru_RU,test,15,,8715,0.6879310344827587,0.7241379310344829,0.6,0.3333333333333333,1.0,0.0,0.0,0.0,0.0,0.2,0.0,1.0,0.0
0,-1,legitimate_uk_UA,test,15,,11712,0.855,0.7,0.7692307692307692,0.5,1.0,0.0,0.0,0.36,0.0,0.3375,0.0,1.0,1.0
0,-1,legitimate_ar_EG,test,15,,5697,0.855,0.6363636363636364,0.7333333333333334,0.5,1.0,0.0,0.0,0.17999999999999997,0.0,0.4275,0.0,1.0,1.0
0,-1,legitimate_fa_IR,test,15,,7533,0.48,0.4,0.5333333333333333,0.2,1.0,0.0,0.0,0.285,0.0,0.3857142857142858,0.0,1.0,1.0
0,-1,legitimate_hi_IN,test,15,,11945,0.5472,0.4102564102564103,0.5925925925925926,0.3333333333333333,1.0,0.0,0.0,0.0,0.0,0.391304347826087,0.0,0.0,1.0
0,-1,legitimate_zh_CN,test,15,,847,0.855,0.5333333333333333,0.7272727272727273,0.5,1.0,0.0,0.0,0.45,0.0,0.5727272727272728,0.0,1.0,1.0
0,-1,legitimate_ja_JP,test,15,,601,0.855,0.4444444444444444,0.56,0.5,1.0,0.0,0.0,0.4,0.0,0.855,0.0,1.0,0.0
0,-1,legitimate_ko_KR,test,15,,10348,0.5538461538461539,0.34782608695652173,0.6153846153846154,1.0,1.0,0.0,0.0,0.0,0.0,0.3705882352941176,0.0,1.0,1.0
0,-1,legitimate_tr_TR,test,15,,1934,0.4663636363636363,0.42857142857142855,0.5161290322580645,0.3333333333333333,1.0,0.0,0.0,0.285,0.0,0.57,0.0,1.0,0.0
0,-1,legitimate_id_ID,test,15,,17057,0.3847499999999999,0.35294117647058826,0.35,0.3333333333333333,1.0,0.0,0.0,0.0,0.0,0.855,0.0,0.0,0.0
0,-1,legitimate_en_US,test,15,,3979,0.855,0.625,0.7272727272727273,0.5,1.0,0.0,0.0,0.3857142857142858,0.0,0.57,0.0,1.0,0.0
0,-1,legitimate_en_GB,test,15,,8215,0.6000000000000001,0.4705882352941177,0.6666666666666667,0.5,1.0,0.0,0.0,0.0,0.0,0.39512195121951216,0.0,1.0,0.0
0,-1,legitimate_es_ES,test,15,,1094,0.72,0.41666666666666663,0.8,0.0,1.0,0.0,0.0,0.0,0.0,0.3414634146341463,0.0,0.0,1.0
0,-1,legitimate_fr_FR,test,15,,19034,0.855,0.4810126582278481,0.53125,0.4,1.0,0.0,0.0,0.0,0.0,0.3375,0.0,0.0,1.0
0,-1,legitimate_de_DE,test,15,,6078,0.855,0.6857142857142857,0.72,0.5,1.0,0.0,0.0,0.0,0.0,0.30158730158730157,0.0,1.0,1.0
0,-1,legitimate_it_IT,test,15,,15651,0.6067741935483871,0.5,0.6666666666666667,0.3333333333333333,1.0,0.0,0.0,0.25,0.0,0.57,0.0,1.0,0.0
0,-1,legitimate_pt_BR,test,15,,2351,0.855,0.5714285714285715,0.5714285714285714,0.5,1.0,0.0,0.0,0.34615384615384615,0.0,0.57,0.0,1.0,0.0
0,-1,legitimate_ru_RU,test,15,,14105,0.6446428571428571,0.6785714285714286,0.6808510638297872,0.5,1.0,0.0,0.0,0.0,0.0,0.24,0.0,1.0,1.0
0,-1,legitimate_uk_UA,test,15,,9881,0.6882352941176471,0.5909090909090909,0.7647058823529411,0.5,1.0,0.0,0.0,0.0,0.0,0.33043478260869563,0.0,1.0,1.0
0,-1,legitimate_ar_EG,test,15,,10366,0.5625,0.31578947368421056,0.625,0.0,1.0,0.0,0.0,0.0,0.0,0.38915662650602406,0.0,0.0,0.0
0,-1,legitimate_fa_IR,test,15,,102,0.6428571428571429,0.2553191489361703,0.7142857142857143,0.0,1.0,0.0,0.0,0.0,0.0,0.57,0.0,0.0,1.0
0,-1,legitimate_hi_IN,test,15,,16520,0.513,0.38888888888888884,0.5,0.0,1.0,0.0,0.0,0.0,0.0,0.3740625,0.0,0.0,0.0
0,-1,legitimate_zh_CN,test,15,,847,0.855,0.72,0.8,0.5,1.0,0.0,0.0,0.6000000000000001,0.0,0.49090909090909085,0.0,1.0,1.0
0,-1,legitimate_ja_JP,test,15,,6695,0.855,0.38095238095238093,0.6470588235294117,0.5,1.0,0.0,0.0,0.0,0.0,0.48,0.0,0.0,0.0
0,-1,legitimate_ko_KR,test,15,,303,0.7714285714285716,0.4,0.8571428571428572,0.0,1.0,0.0,0.0,0.0,0.0,0.2,0.0,0.0,1.0
0,-1,legitimate_tr_TR,test,15,,15148,0.6600000000000001,0.4705882352941177,0.7333333333333334,0.0,1.0,0.0,0.0,0.0,0.0,0.34411764705882353,0.0,0.0,0.0
0,-1,legitimate_id_ID,test,15,,7866,0.855,0.41379310344827586,0.4516129032258065,0.4,1.0,0.0,0.0,0.0,0.0,0.3908571428571429,0.0,0.0,0.0
0,-1,legitimate_en_US,test,15,,14081,0.855,0.6666666666666665,0.6470588235294117,1.0,1.0,0.0,0.0,0.0,0.0,0.57,0.0,1.0,0.0
0,-1,legitimate_en_GB,test,15,,173,0.855,0.368421052631579,0.4,0.3333333333333333,1.0,0.0,0.0,0.0,0.0,0.3402985074626866,0.0,1.0,1.0
0,-1,legitimate_es_ES,test,15,,15817,0.6666666666666667,0.5882352941176471,0.7391304347826086,0.3333333333333333,1.0,0.0,0.0,0.45,0.0,0.57,0.0,1.0,0.0
0,-1,legitimate_fr_FR,test,15,,1379,0.855,0.6808510638297872,0.8387096774193549,0.3333333333333333,1.0,0.0,0.0,0.36,0.0,0.38,0.0,1.0,1.0
0,-1,legitimate_de_DE,test,15,,6764,0.57,0.5416666666666666,0.5384615384615384,0.0,1.0,0.0,0.0,0.37254901960784315,0.0,0.57,0.0,1.0,0.0
0,-1,legitimate_it_IT,test,15,,17075,0.6631578947368422,0.4444444444444444,0.736842105263158,0.5,1.0,0.0,0.0,0.0,0.0,0.36337500000000006,0.0,0.0,0.0
0,-1,legitimate_pt_BR,test,15,,14761,0.45,0.37209302325581395,0.5,0.0,1.0,0.0,0.0,0.0,0.0,0.855,0.0,0.0,1.0
0,-1,legitimate_ru_RU,test,15,,8457,0.6666666666666667,0.6666666666666665,0.5957446808510638,0.3333333333333333,1.0,0.0,0.0,0.0,0.0,0.57,0.0,1.0,0.0
0,-1,legitimate_uk_UA,test,15,,9370,0.5878125,0.5909090909090909,0.6206896551724138,0.0,1.0,0.0,0.0,0.0,0.0,0.2,0.0,1.0,0.0
0,-1,legitimate_ar_EG,test,15,,14877,0.5727272727272728,0.42857142857142855,0.6363636363636364,0.0,1.0,0.0,0.0,0.30000000000000004,0.0,0.855,0.0,1.0,1.0
0,-1,legitimate_fa_IR,test,15,,2384,0.6218181818181818,0.4210526315789474,0.6666666666666667,0.0,1.0,0.0,0.0,0.0,0.0,0.2,0.0,0.0,0.0
0,-1,legitimate_hi_IN,test,15,,1138,0.5947826086956521,0.48484848484848486,0.5,0.3333333333333333,1.0,0.0,0.0,0.3272727272727273,0.0,0.32432432432432434,0.0,1.0,0.0
0,-1,legitimate_zh_CN,test,15,,17045,0.8421052631578947,0.8421052631578948,0.9411764705882352,0.5,1.0,0.0,0.0,0.45,0.0,0.54,0.0,1.0,0.0
0,-1,legitimate_ja_JP,test,15,,7812,0.855,0.875,0.8888888888888888,0.5,1.0,0.0,0.0,0.0,0.0,0.57,0.0,0.0,0.0
0,-1,legitimate_ko_KR,test,15,,1810,0.5217391304347826,0.5217391304347826,0.5714285714285714,0.0,1.0,0.0,0.0,0.0,0.0,0.4144144144144144,0.0,0.0,1.0
0,-1,legitimate_tr_TR,test,15,,1745,0.4705882352941176,0.35294117647058826,0.5517241379310345,0.3333333333333333,1.0,0.0,0.0,0.39899999999999997,0.0,0.57,0.0,1.0,0.0
0,-1,legitimate_id_ID,test,15,,149,0.5516129032258064,0.5806451612903225,0.4761904761904761,0.0,1.0,0.0,0.0,0.57,0.0,0.57,0.0,1.0,1.0
0,-1,legitimate_en_US,test,15,,8232,0.5066666666666666,0.5333333333333333,0.5384615384615384,0.5,1.0,0.0,0.0,0.0,0.0,0.4042553191489361,0.0,0.0,0.0
0,-1,legitimate_en_GB,test,15,,18092,0.665,0.7,0.7,0.5,1.0,0.0,0.0,0.0,0.0,0.35379310344827597,0.0,1.0,0.0
0,-1,legitimate_es_ES,test,15,,122,0.855,0.6666666666666665,0.782608695652174,0.3333333333333333,1.0,0.0,0.0,0.4,0.0,0.2,0.0,1.0,1.0
0,-1,legitimate_fr_FR,test,15,,18568,0.8708333333333332,0.9166666666666667,0.6666666666666667,0.5,1.0,0.0,0.0,0.4,0.0,0.3135,0.0,1.0,1.0
0,-1,legitimate_de_DE,test,15,,14019,0.525,0.5,0.5833333333333333,0.0,1.0,0.0,0.0,0.0,0.0,0.32264150943396225,0.0,0.0,1.0
0,-1,legitimate_it_IT,test,15,,9391,0.855,0.5,0.6666666666666667,0.5,1.0,0.0,0.0,0.0,0.0,0.57,0.0,1.0,0.0
0,-1,legitimate_pt_BR,test,15,,3705,0.675,0.5142857142857143,0.75,0.5,1.0,0.0,0.0,0.0,0.0,0.3703389830508474,0.0,0.0,1.0
0,-1,legitimate_ru_RU,test,15,,8553,0.7659574468085107,0.6382978723404256,0.8,0.3333333333333333,1.0,0.0,0.0,0.0,0.0,0.57,0.0,1.0,0.0
0,-1,legitimate_uk_UA,test,15,,14802,0.65,0.4727272727272727,0.7222222222222221,0.5,1.0,0.0,0.0,0.0,0.0,0.3375,0.0,1.0,0.0
0,-1,legitimate_ar_EG,test,15,,17019,0.855,0.736842105263158,0.736842105263158,0.5,1.0,0.0,0.0,0.4987499999999999,0.0,0.39599999999999996,0.0,1.0,0.0
0,-1,legitimate_fa_IR,test,15,,2384,0.6000000000000001,0.4705882352941177,0.6666666666666667,0.0,1.0,0.0,0.0,0.0,0.0,0.57,0.0,0.0,0.0
0,-1,legitimate_hi_IN,test,15,,4606,0.5333333333333333,0.46511627906976744,0.5925925925925926,0.0,1.0,0.0,0.0,0.0,0.0,0.35294117647058826,0.0,0.0,0.0
0,-1,legitimate_zh_CN,test,15,,1324,0.6785714285714286,0.7142857142857143,0.5,0.6666666666666666,1.0,0.0,0.0,0.0,0.0,0.6000000000000001,0.0,1.0,0.0
0,-1,legitimate_ja_JP,test,15,,3670,0.855,0.6666666666666665,0.875,0.25,1.0,0.0,0.0,0.0,0.0,0.57,0.0,0.0,0.0
0,-1,legitimate_ko_KR,test,15,,4554,0.4545454545454546,0.45454545454545453,0.5333333333333333,0.0,1.0,0.0,0.0,0.0,0.0,0.31666666666666665,0.0,1.0,1.0
0,-1,legitimate_tr_TR,test,15,,2101,0.47647058823529415,0.456140350877193,0.5294117647058824,0.0,1.0,0.0,0.0,0.0,0.0,0.36642857142857144,0.0,0.0,1.0
0,-1,legitimate_id_ID,test,15,,1017,0.5641025641025641,0.5128205128205129,0.5454545454545454,0.3333333333333333,1.0,0.0,0.0,0.36,0.0,0.2,0.0,1.0,1.0
0,-1,legitimate_en_US,test,15,,3255,0.7071428571428571,0.391304347826087,0.7857142857142857,0.5,1.0,0.0,0.0,0.2068965517241379,0.0,0.57,0.0,1.0,0.0
0,-1,legitimate_en_GB,test,15,,5875,0.49090909090909085,0.4666666666666666,0.5454545454545454,0.0,1.0,0.0,0.0,0.0,0.0,0.855,0.0,0.0,1.0
0,-1,legitimate_es_ES,test,15,,5783,0.855,0.6037735849056604,0.6060606060606061,0.3333333333333333,1.0,0.0,0.0,0.0,0.0,0.37241379310344835,0.0,1.0,0.0
0,-1,legitimate_fr_FR,test,15,,847,0.855,0.4242424242424242,0.631578947368421,0.25,1.0,0.0,0.0,0.45,0.0,0.24545454545454543,0.0,1.0,1.0
0,-1,legitimate_de_DE,test,15,,6078,0.855,0.5714285714285715,0.6666666666666667,0.5,1.0,0.0,0.0,0.0,0.0,0.3,0.0,1.0,0.0
0,-1,legitimate_it_IT,test,15,,11307,0.4864864864864865,0.29166666666666674,0.5405405405405406,0.0,1.0,0.0,0.0,0.0,0.0,0.855,0.0,0.0,0.0
0,-1,legitimate_pt_BR,test,15,,4524,0.855,0.8,0.8695652173913043,0.3333333333333333,1.0,0.0,0.0,0.1636363636363636,0.0,0.32432432432432434,0.0,1.0,1.0
0,-1,legitimate_ru_RU,test,15,,4667,0.7407407407407408,0.5555555555555556,0.6923076923076923,0.25,1.0,0.0,0.0,0.0,0.0,0.38095238095238093,0.0,1.0,0.0
0,-1,legitimate_uk_UA,test,15,,787,0.7328571428571429,0.4705882352941177,0.75,0.0,1.0,0.0,0.0,0.0,0.0,0.38636363636363635,0.0,0.0,1.0
0,-1,legitimate_ar_EG,test,15,,14768,0.59375,0.625,0.5,0.5,1.0,0.0,0.0,0.0,0.0,0.57,0.0,1.0,0.0
0,-1,legitimate_fa_IR,test,15,,979,0.5333333333333333,0.4390243902439025,0.5925925925925926,0.0,1.0,0.0,0.0,0.2222222222222222,0.0,0.57,0.0,1.0,1.0
0,-1,legitimate_hi_IN,test,15,,2352,0.513,0.4736842105263158,0.43478260869565216,0.0,1.0,0.0,0.0,0.36,0.0,0.57,0.0,1.0,1.0
0,-1,legitimate_zh_CN,test,15,,11441,0.7777777777777779,0.7777777777777777,0.875,1.0,1.0,0.0,0.0,0.5217391304347826,0.0,0.33928571428571425,0.0,1.0,0.0
0,-1,legitimate_ja_JP,test,15,,17142,0.855,0.5833333333333334,0.75,0.5,1.0,0.0,0.0,0.39344262295081966,0.0,0.45000000000000007,0.0,1.0,0.0
0,-1,legitimate_ko_KR,test,15,,1696,0.6000000000000001,0.4761904761904762,0.6666666666666667,1.0,1.0,0.0,0.0,0.26086956521739135,0.0,0.31666666666666665,0.0,1.0,1.0
0,-1,legitimate_tr_TR,test,15,,1488,0.5428571428571428,0.5714285714285715,0.56,0.0,1.0,0.0,0.0,0.0,0.0,0.24545454545454543,0.0,0.0,1.0
0,-1,legitimate_id_ID,test,15,,11747,0.5727272727272728,0.4489795918367347,0.6363636363636364,0.5,1.0,0.0,0.0,0.5538461538461539,0.0,0.45,0.0,1.0,1.0
0,-1,legitimate_en_US,test,15,,11761,0.855,0.5714285714285715,0.6,0.5,1.0,0.0,0.0,0.0,0.0,0.28205128205128205,0.0,0.0,0.0
0,-1,legitimate_en_GB,test,15,,290,0.855,0.5,0.5625,0.3333333333333333,1.0,0.0,0.0,0.2375,0.0,0.4433333333333333,0.0,1.0,0.0
0,-1,legitimate_es_ES,test,15,,97,0.855,0.6,0.6,0.3333333333333333,1.0,0.0,0.0,0.0,0.0,0.57,0.0,0.0,1.0
0,-1,legitimate_fr_FR,test,15,,2249,0.7714285714285716,0.26086956521739124,0.8571428571428572,0.3333333333333333,1.0,0.0,0.0,0.0,0.0,0.2,0.0,0.0,0.0
0,-1,legitimate_de_DE,test,15,,12459,0.48275862068965514,0.48275862068965514,0.5185185185185186,0.5,1.0,0.0,0.0,0.0,0.0,0.57,0.0,0.0,1.0
0,-1,legitimate_it_IT,test,15,,589,0.5516129032258064,0.5806451612903225,0.4761904761904761,0.0,1.0,0.0,0.0,0.0,0.0,0.57,0.0,0.0,1.0
0,-1,legitimate_pt_BR,test,15,,122,0.855,0.631578947368421,0.6923076923076923,0.25,1.0,0.0,0.0,0.4615384615384615,0.0,0.57,0.0,1.0,1.0
0,-1,legitimate_ru_RU,test,15,,8665,0.6938775510204082,0.6938775510204082,0.6046511627906976,0.3333333333333333,1.0,0.0,0.0,0.0,0.0,0.57,0.0,1.0,0.0
0,-1,legitimate_uk_UA,test,15,,2816,0.5369565217391304,0.5652173913043478,0.6486486486486487,0.3333333333333333,1.0,0.0,0.0,0.0,0.0,0.36642857142857144,0.0,0.0,0.0
0,-1,legitimate_ar_EG,test,15,,1829,0.72,0.5217391304347826,0.8,0.0,1.0,0.0,0.0,0.0,0.0,0.34833333333333344,0.0,0.0,0.0
0,-1,legitimate_fa_IR,test,15,,734,0.48,0.26086956521739124,0.5333333333333333,0.5,1.0,0.0,0.0,0.0,0.0,0.57,0.0,1.0,0.0
0,-1,legitimate_hi_IN,test,15,,15530,0.4354166666666666,0.45833333333333337,0.41025641025641024,0.3333333333333333,1.0,0.0,0.0,0.0,0.0,0.375,0.0,0.0,0.0
0,-1,legitimate_zh_CN,test,15,,2757,0.7777777777777779,0.7777777777777777,0.875,0.5,1.0,0.0,0.0,0.35185185185185186,0.0,0.57,0.0,1.0,1.0
0,-1,legitimate_ja_JP,test,15,,17905,0.855,0.5625,0.6666666666666667,0.5,1.0,0.0,0.0,0.4846153846153846,0.0,0.4153846153846154,0.0,1.0,1.0
0,-1,legitimate_ko_KR,test,15,,570,0.6000000000000001,0.4761904761904762,0.6666666666666667,0.0,1.0,0.0,0.0,0.4153846153846154,0.0,0.2,0.0,1.0,0.0
0,-1,legitimate_tr_TR,test,15,,1650,0.4722222222222222,0.4722222222222222,0.5079365079365079,0.0,1.0,0.0,0.0,0.0,0.0,0.38863636363636367,0.0,1.0,1.0
0,-1,legitimate_id_ID,test,15,,1194,0.6545454545454547,0.5405405405405406,0.7272727272727273,0.0,1.0,0.0,0.0,0.33333333333333337,0.0,0.285,0.0,1.0,1.0
0,-1,legitimate_en_US,test,15,,9072,0.475,0.5,0.5263157894736843,0.5,1.0,0.0,0.0,0.0,0.0,0.3555555555555555,0.0,0.0,0.0
0,-1,legitimate_en_GB,test,15,,6850,0.855,0.6666666666666665,0.75,0.3333333333333333,1.0,0.0,0.0,0.0,0.0,0.27,0.0,0.0,0.0
0,-1,legitimate_es_ES,test,15,,18060,0.5142857142857142,0.42857142857142855,0.5714285714285714,0.0,1.0,0.0,0.0,0.0,0.0,0.855,0.0,0.0,0.0
0,-1,legitimate_fr_FR,test,15,,5676,0.6045454545454545,0.6363636363636364,0.48484848484848486,0.3333333333333333,1.0,0.0,0.0,0.4,0.0,0.2,0.0,1.0,0.0
0,-1,legitimate_de_DE,test,15,,5439,0.5684210526315789,0.2666666666666667,0.631578947368421,0.5,1.0,0.0,0.0,0.0,0.0,0.3188135593220339,0.0,0.0,0.0
0,-1,legitimate_it_IT,test,15,,4707,0.46341463414634143,0.4878048780487805,0.5142857142857142,0.0,1.0,0.0,0.0,0.0,0.0,0.855,0.0,0.0,1.0
0,-1,legitimate_pt_BR,test,15,,6468,0.855,0.5263157894736842,0.5263157894736843,0.5,1.0,0.0,0.0,0.0,0.0,0.375,0.0,1.0,0.0
0,-1,legitimate_ru_RU,test,15,,4020,0.855,0.6,0.6,0.25,1.0,0.0,0.0,0.0,0.0,0.57,0.0,0.0,0.0
0,-1,legitimate_uk_UA,test,15,,7536,0.5882352941176471,0.5882352941176471,0.6428571428571428,0.5,1.0,0.0,0.0,0.3571428571428571,0.0,0.3375,0.0,1.0,1.0
0,-1,legitimate_ar_EG,test,15,,3775,0.855,0.8,0.7777777777777779,0.5,1.0,0.0,0.0,0.36,0.0,0.57,0.0,1.0,0.0
0,-1,legitimate_fa_IR,test,15,,333,0.41509433962264153,0.4,0.5128205128205128,0.2,1.0,0.0,0.0,0.0,0.0,0.57,0.0,0.0,1.0
0,-1,legitimate_hi_IN,test,15,,13249,0.48,0.27272727272727265,0.5333333333333333,0.5,1.0,0.0,0.0,0.0,0.0,0.30000000000000004,0.0,0.0,0.0
0,-1,legitimate_zh_CN,test,15,,4085,0.855,0.4444444444444444,0.7,1.0,1.0,0.0,0.0,0.0,0.0,0.36190476190476195,0.0,0.0,1.0
0,-1,legitimate_ja_JP,test,15,,6259,0.7500000000000001,0.5,0.8333333333333335,0.5,1.0,0.0,0.0,0.19047619047619047,0.0,0.37216494845360826,0.0,1.0,0.0
0,-1,legitimate_ko_KR,test,15,,4372,0.63,0.3783783783783784,0.7,1.0,1.0,0.0,0.0,0.0,0.0,0.57,0.0,0.0,0.0
0,-1,legitimate_tr_TR,test,15,,1981,0.5727272727272728,0.4,0.6363636363636364,0.0,1.0,0.0,0.0,0.0,0.0,0.57,0.0,1.0,1.0
0,-1,legitimate_id_ID,test,15,,514,0.6000000000000001,0.42857142857142855,0.6666666666666667,0.0,1.0,0.0,0.0,0.45,0.0,0.57,0.0,1.0,0.0
0,-1,legitimate_en_US,test,15,,2905,0.855,0.6923076923076923,0.7058823529411764,0.5,1.0,0.0,0.0,0.27586206896551724,0.0,0.57,0.0,1.0,0.0
0,-1,legitimate_en_GB,test,15,,3713,0.855,0.6666666666666665,0.5714285714285714,0.5,1.0,0.0,0.0,0.0,0.0,0.3076923076923077,0.0,1.0,0.0
0,-1,legitimate_es_ES,test,15,,2231,0.7500000000000001,0.3870967741935484,0.8333333333333335,0.3333333333333333,1.0,0.0,0.0,0.0,0.0,0.57,0.0,0.0,1.0
0,-1,legitimate_fr_FR,test,15,,3841,0.653125,0.6875,0.5833333333333333,0.5,1.0,0.0,0.0,0.36642857142857144,0.0,0.2,0.0,1.0,1.0
0,-1,legitimate_de_DE,test,15,,7868,0.48,0.48,0.5,0.0,1.0,0.0,0.0,0.0,0.0,0.3358928571428572,0.0,0.0,1.0
0,-1,legitimate_it_IT,test,15,,2559,0.855,0.736842105263158,0.736842105263158,0.5,1.0,0.0,0.0,0.36642857142857144,0.0,0.57,0.0,1.0,0.0
0,-1,legitimate_pt_BR,test,15,,338,0.5538461538461539,0.3181818181818181,0.6153846153846154,0.0,1.0,0.0,0.0,0.0,0.0,0.3789473684210526,0.0,0.0,1.0
0,-1,legitimate_ru_RU,test,15,,13243,0.72,0.4888888888888889,0.8,0.25,1.0,0.0,0.0,0.0,0.0,0.3946153846153846,0.0,1.0,1.0
0,-1,legitimate_uk_UA,test,15,,7570,0.855,0.5714285714285715,0.7,0.3333333333333333,1.0,0.0,0.0,0.0,0.0,0.2666666666666667,0.0,1.0,1.0
0,-1,legitimate_ar_EG,test,15,,10047,0.855,0.5714285714285715,0.8,0.5,1.0,0.0,0.0,0.4235294117647059,0.0,0.3375,0.0,1.0,0.0
0,-1,legitimate_fa_IR,test,15,,2161,0.5,0.5,0.5555555555555556,0.5,1.0,0.0,0.0,0.30000000000000004,0.0,0.57,0.0,1.0,1.0
0,-1,legitimate_hi_IN,test,15,,2273,0.6000000000000001,0.17391304347826092,0.6666666666666667,0.0,1.0,0.0,0.0,0.0,0.0,0.57,0.0,0.0,0.0
0,-1,legitimate_zh_CN,test,15,,11442,0.855,0.631578947368421,0.923076923076923,0.5,1.0,0.0,0.0,0.4615384615384615,0.0,0.33333333333333337,0.0,1.0,0.0
0,-1,legitimate_ja_JP,test,15,,6956,0.855,0.5161290322580645,0.6666666666666667,0.4,1.0,0.0,0.0,0.4275,0.0,0.41379310344827586,0.0,1.0,0.0
0,-1,legitimate_ko_KR,test,15,,4412,0.5142857142857142,0.3076923076923077,0.5714285714285714,1.0,1.0,0.0,0.0,0.36,0.0,0.4,0.0,1.0,1.0
0,-1,legitimate_tr_TR,test,15,,1995,0.525,0.48484848484848486,0.5833333333333333,0.0,1.0,0.0,0.0,0.15384615384615385,0.0,0.57,0.0,1.0,1.0
0,-1,legitimate_id_ID,test,15,,12459,0.855,0.4074074074074074,0.5238095238095238,0.25,1.0,0.0,0.0,0.0,0.0,0.57,0.0,0.0,1.0
0,-1,legitimate_en_US,test,15,,15798,0.76,0.8,0.8571428571428572,0.5,1.0,0.0,0.0,0.0,0.0,0.57,0.0,0.0,0.0
0,-1,legitimate_en_GB,test,15,,16040,0.9,1.0,1.0,0.5,1.0,0.0,0.0,0.0,0.0,0.24,0.0,0.0,0.0
0,-1,legitimate_es_ES,test,15,,210,0.6195652173913043,0.6521739130434783,0.48275862068965514,0.3333333333333333,1.0,0.0,0.0,0.45,0.0,0.57,0.0,1.0,0.0
0,-1,legitimate_fr_FR,test,15,,17094,0.855,0.7,0.7,0.5,1.0,0.0,0.0,0.2571428571428571,0.0,0.4090909090909091,0.0,1.0,0.0
0,-1,legitimate_de_DE,test,15,,89,0.675,0.26086956521739124,0.75,0.0,1.0,0.0,0.0,0.0,0.0,0.2,0.0,0.0,1.0
0,-1,legitimate_it_IT,test,15,,14852,0.5181818181818182,0.5454545454545454,0.4878048780487805,0.3333333333333333,1.0,0.0,0.0,0.36363636363636365,0.0,0.38,0.0,1.0,1.0
0,-1,legitimate_pt_BR,test,15,,7554,0.5919230769230769,0.5365853658536586,0.64,0.5,1.0,0.0,0.0,0.0,0.0,0.34285714285714286,0.0,0.0,0.0
0,-1,legitimate_ru_RU,test,15,,9419,0.5862068965517242,0.5862068965517241,0.7234042553191489,0.2,1.0,0.0,0.0,0.0,0.0,0.57,0.0,1.0,0.0
0,-1,legitimate_uk_UA,test,15,,8509,0.855,0.5454545454545454,0.625,0.5,1.0,0.0,0.0,0.0,0.0,0.57,0.0,1.0,0.0
0,-1,legitimate_ar_EG,test,15,,12605,0.7692307692307692,0.7692307692307692,0.8695652173913043,0.5,1.0,0.0,0.0,0.33333333333333337,0.0,0.3521739130434782,0.0,1.0,0.0
0,-1,legitimate_fa_IR,test,15,,15992,0.45714285714285713,0.4,0.4666666666666666,0.5,1.0,0.0,0.0,0.0,0.0,0.57,0.0,0.0,0.0
0,-1,legitimate_hi_IN,test,15,,94,0.6000000000000001,0.16,0.6666666666666667,0.3333333333333333,1.0,0.0,0.0,0.0,0.0,0.57,0.0,0.0,1.0
0,-1,legitimate_zh_CN,test,15,,16508,0.855,0.6,0.8333333333333335,0.5,1.0,0.0,0.0,0.0,0.0,0.54,0.0,1.0,0.0
0,-1,legitimate_ja_JP,test,15,,1335,0.855,0.4444444444444444,0.5806451612903225,0.25,1.0,0.0,0.0,0.0,0.0,0.3784426229508197,0.0,0.0,0.0
0,-1,legitimate_ko_KR,test,15,,1488,0.45,0.3,0.5,1.0,1.0,0.0,0.0,0.0,0.0,0.38863636363636367,0.0,0.0,1.0
0,-1,legitimate_tr_TR,test,15,,13310,0.4603846153846154,0.391304347826087,0.4615384615384615,0.5,1.0,0.0,0.0,0.0,0.0,0.35888888888888887,0.0,0.0,1.0
0,-1,legitimate_id_ID,test,15,,153,0.855,0.6486486486486487,0.72,0.5,1.0,0.0,0.0,0.54,0.0,0.57,0.0,1.0,1.0
0,-1,legitimate_en_US,test,15,,1089,0.5555555555555556,0.5555555555555556,0.6666666666666667,0.5,1.0,0.0,0.0,0.31999999999999995,0.0,0.39390243902439026,0.0,1.0,0.0
0,-1,legitimate_en_GB,test,15,,3710,0.7328571428571429,0.6451612903225806,0.782608695652174,0.5,1.0,0.0,0.0,0.0,0.0,0.38,0.0,1.0,0.0
0,-1,legitimate_es_ES,test,15,,10470,0.855,0.4186046511627907,0.56,0.3333333333333333,1.0,0.0,0.0,0.4,0.0,0.855,0.0,1.0,0.0
0,-1,legitimate_fr_FR,test,15,,1716,0.855,0.631578947368421,0.631578947368421,0.5,1.0,0.0,0.0,0.30000000000000004,0.0,0.3176470588235294,0.0,1.0,0.0
0,-1,legitimate_de_DE,test,15,,793,0.5145833333333334,0.5416666666666666,0.5116279069767442,0.25,1.0,0.0,0.0,0.36,0.0,0.36363636363636365,0.0,1.0,0.0
0,-1,legitimate_it_IT,test,15,,5679,0.855,0.6153846153846154,0.7058823529411764,0.5,1.0,0.0,0.0,0.45,0.0,0.57,0.0,1.0,0.0
0,-1,legitimate_pt_BR,test,15,,7942,0.855,0.8,0.7333333333333334,0.5,1.0,0.0,0.0,0.4,0.0,0.45,0.0,1.0,0.0
0,-1,legitimate_ru_RU,test,15,,15252,0.4275,0.44,0.44999999999999996,0.0,1.0,0.0,0.0,0.0,0.0,0.35185185185185186,0.0,0.0,1.0
0,-1,legitimate_uk_UA,test,15,,5362,0.7500000000000001,0.2857142857142857,0.8333333333333335,0.0,1.0,0.0,0.0,0.0,0.0,0.57,0.0,0.0,0.0
0,-1,legitimate_ar_EG,test,15,,7926,0.855,0.5882352941176471,0.6666666666666667,0.5,1.0,0.0,0.0,0.0,0.0,0.24545454545454543,0.0,0.0,1.0
0,-1,legitimate_fa_IR,test,15,,11224,0.5625,0.4242424242424242,0.625,1.0,1.0,0.0,0.0,0.27,0.0,0.36,0.0,1.0,1.0
0,-1,legitimate_hi_IN,test,15,,1696,0.6060606060606061,0.48484848484848486,0.7142857142857143,0.3333333333333333,1.0,0.0,0.0,0.27692307692307694,0.0,0.20408163265306123,0.0,1.0,1.0
0,-1,legitimate_zh_CN,test,15,,6743,0.738888888888889,0.7777777777777777,0.5454545454545454,1.0,1.0,0.0,0.0,0.45,0.0,0.3653846153846154,0.0,1.0,0.0
0,-1,legitimate_ja_JP,test,15,,6956,0.855,0.5161290322580645,0.5833333333333333,0.4,1.0,0.0,0.0,0.4,0.0,0.5153424657534247,0.0,1.0,0.0
0,-1,legitimate_ko_KR,test,15,,303,0.7714285714285716,0.5454545454545454,0.8571428571428572,0.0,1.0,0.0,0.0,0.0,0.0,0.2,0.0,0.0,1.0
0,-1,legitimate_tr_TR,test,15,,1898,0.855,0.5882352941176471,0.6666666666666667,0.2,1.0,0.0,0.0,0.27,0.0,0.57,0.0,1.0,0.0
0,-1,legitimate_id_ID,test,15,,2354,0.855,0.45283018867924524,0.5882352941176471,0.25,1.0,0.0,0.0,0.0,0.0,0.855,0.0,0.0,0.0
0,-1,legitimate_en_US,test,15,,2202,0.855,0.5217391304347826,0.4444444444444444,0.3333333333333333,1.0,0.0,0.0,0.36363636363636365,0.0,0.45,0.0,1.0,0.0
0,-1,legitimate_en_GB,test,15,,15214,0.5625,0.5652173913043478,0.625,0.3333333333333333,1.0,0.0,0.0,0.3375,0.0,0.5,0.0,1.0,0.0
0,-1,legitimate_es_ES,test,15,,1593,0.855,0.75,0.75,0.3333333333333333,1.0,0.0,0.0,0.45,0.0,0.44000000000000006,0.0,1.0,0.0
0,-1,legitimate_fr_FR,test,15,,15125,0.5714285714285714,0.5714285714285715,0.625,0.0,1.0,0.0,0.0,0.0,0.0,0.57,0.0,0.0,1.0
0,-1,legitimate_de_DE,test,15,,5931,0.6785714285714286,0.7142857142857143,0.5882352941176471,0.5,1.0,0.0,0.0,0.0,0.0,0.3375,0.0,1.0,1.0
0,-1,legitimate_it_IT,test,15,,2711,0.855,0.4,0.42105263157894735,0.25,1.0,0.0,0.0,0.0,0.0,0.57,0.0,1.0,0.0
0,-1,legitimate_pt_BR,test,15,,4122,0.855,0.5,0.6666666666666667,0.6666666666666666,1.0,0.0,0.0,0.0,0.0,0.3268817204301076,0.0,1.0,1.0
0,-1,legitimate_ru_RU,test,15,,8404,0.6885245901639344,0.6885245901639344,0.72,0.3333333333333333,1.0,0.0,0.0,0.0,0.0,0.57,0.0,1.0,0.0
0,-1,legitimate_uk_UA,test,15,,4045,0.6333333333333333,0.6666666666666665,0.631578947368421,0.5,1.0,0.0,0.0,0.0,0.0,0.57,0.0,1.0,1.0
0,-1,legitimate_ar_EG,test,15,,5052,0.5625,0.3870967741935484,0.625,0.0,1.0,0.0,0.0,0.0,0.0,0.32758620689655177,0.0,0.0,1.0
0,-1,legitimate_fa_IR,test,15,,17283,0.5261538461538461,0.5294117647058824,0.5384615384615384,0.3333333333333333,1.0,0.0,0.0,0.45,0.0,0.35379310344827597,0.0,1.0,1.0
0,-1,legitimate_hi_IN,test,15,,7866,0.525,0.3673469387755102,0.5833333333333333,0.5,1.0,0.0,0.0,0.0,0.0,0.375,0.0,0.0,0.0
0,-1,legitimate_zh_CN,test,15,,15116,0.95,1.0,0.6666666666666667,1.0,1.0,0.0,0.0,0.45,0.0,0.4116666666666666,0.0,1.0,0.0
0,-1,legitimate_ja_JP,test,15,,3670,0.855,0.6956521739130435,0.6666666666666667,0.3333333333333333,1.0,0.0,0.0,0.0,0.0,0.2,0.0,0.0,0.0
0,-1,legitimate_ko_KR,test,15,,1093,0.5142857142857142,0.4,0.5714285714285714,0.0,1.0,0.0,0.0,0.0,0.0,0.4275,0.0,0.0,1.0
0,-1,legitimate_tr_TR,test,15,,70,0.855,0.4782608695652174,0.4666666666666666,0.2,1.0,0.0,0.0,0.2714285714285714,0.0,0.57,0.0,1.0,1.0
0,-1,legitimate_id_ID,test,15,,84,0.675,0.31578947368421056,0.75,0.0,1.0,0.0,0.0,0.0,0.0,0.2,0.0,0.0,1.0
0,-1,legitimate_en_US,test,15,,8137,0.54,0.4761904761904762,0.6,0.0,1.0,0.0,0.0,0.0,0.0,0.38,0.0,0.0,1.0
0,-1,legitimate_en_GB,test,15,,10044,0.855,0.75,0.75,0.5,1.0,0.0,0.0,0.0,0.0,0.29729729729729726,0.0,0.0,0.0
0,-1,legitimate_es_ES,test,15,,16043,0.855,0.6086956521739131,0.6666666666666667,0.3333333333333333,1.0,0.0,0.0,0.37173913043478257,0.0,0.228,0.0,1.0,0.0
0,-1,legitimate_fr_FR,test,15,,14244,0.855,0.5555555555555556,0.8,0.5,1.0,0.0,0.0,0.0,0.0,0.33529411764705885,0.0,0.0,0.0
0,-1,legitimate_de_DE,test,15,,274,0.855,0.3939393939393939,0.4,0.25,1.0,0.0,0.0,0.0,0.0,0.342,0.0,0.0,1.0
0,-1,legitimate_it_IT,test,15,,5117,0.6000000000000001,0.33333333333333326,0.6666666666666667,0.0,1.0,0.0,0.0,0.0,0.0,0.35205882352941176,0.0,0.0,0.0
0,-1,legitimate_pt_BR,test,15,,1681,0.855,1.0,0.6666666666666667,1.0,1.0,0.0,0.0,0.36,0.0,0.39256198347107435,0.0,1.0,0.0
0,-1,legitimate_ru_RU,test,15,,16677,0.6576923076923076,0.5454545454545454,0.6923076923076923,0.3333333333333333,1.0,0.0,0.0,0.0,0.0,0.24,0.0,1.0,1.0
0,-1,legitimate_uk_UA,test,15,,979,0.64125,0.5909090909090909,0.6666666666666667,0.0,1.0,0.0,0.0,0.3125,0.0,0.57,0.0,1.0,1.0
0,-1,legitimate_ar_EG,test,15,,6764,0.855,0.7619047619047619,0.6923076923076923,0.5,1.0,0.0,0.0,0.5294117647058824,0.0,0.57,0.0,1.0,0.0
0,-1,legitimate_fa_IR,test,15,,11974,0.48,0.48,0.5333333333333333,0.5,1.0,0.0,0.0,0.0,0.0,0.3559322033898306,0.0,0.0,1.0
0,-1,legitimate_hi_IN,test,15,,1819,0.5714285714285714,0.5714285714285715,0.6666666666666667,0.3333333333333333,1.0,0.0,0.0,0.45,0.0,0.855,0.0,1.0,1.0
0,-1,legitimate_zh_CN,test,15,,2032,0.855,0.6,0.6153846153846154,0.5,1.0,0.0,0.0,0.0,0.0,0.376984126984127,0.0,0.0,1.0
0,-1,legitimate_ja_JP,test,15,,12813,0.855,0.46511627906976744,0.6,0.25,1.0,0.0,0.0,0.30000000000000004,0.0,0.2,0.0,1.0,1.0
0,-1,legitimate_ko_KR,test,15,,303,0.7714285714285716,0.4615384615384615,0.8571428571428572,0.0,1.0,0.0,0.0,0.0,0.0,0.57,0.0,0.0,1.0
0,-1,legitimate_tr_TR,test,15,,688,0.855,0.4878048780487805,0.4666666666666666,0.25,1.0,0.0,0.0,0.0,0.0,0.57,0.0,1.0,1.0
0,-1,legitimate_id_ID,test,15,,3436,0.855,0.3921568627450981,0.5,0.3333333333333333,1.0,0.0,0.0,0.0,0.0,0.39375,0.0,0.0,1.0
0,-1,legitimate_en_US,test,15,,4474,0.855,0.7058823529411765,0.7272727272727273,0.5,1.0,0.0,0.0,0.24428571428571427,0.0,0.36173076923076924,0.0,1.0,1.0
0,-1,legitimate_en_GB,test,15,,16736,0.855,0.7142857142857143,0.8,0.5,1.0,0.0,0.0,0.0,0.0,0.57,0.0,1.0,0.0
0,-1,legitimate_es_ES,test,15,,1581,0.625,0.625,0.6666666666666667,0.3333333333333333,1.0,0.0,0.0,0.4275,0.0,0.37126436781609196,0.0,1.0,1.0
0,-1,legitimate_fr_FR,test,15,,7555,0.6000000000000001,0.5,0.6666666666666667,0.0,1.0,0.0,0.0,0.0,0.0,0.36363636363636365,0.0,0.0,1.0
0,-1,legitimate_de_DE,test,15,,17064,0.855,0.4390243902439025,0.375,0.2,1.0,0.0,0.0,0.0,0.0,0.32691176470588235,0.0,0.0,0.0
0,-1,legitimate_it_IT,test,15,,931,0.855,0.5384615384615384,0.6206896551724138,0.6666666666666666,1.0,0.0,0.0,0.4285714285714286,0.0,0.40344827586206905,0.0,1.0,0.0
0,-1,legitimate_pt_BR,test,15,,3439,0.855,0.8,0.9090909090909091,0.5,1.0,0.0,0.0,0.0,0.0,0.57,0.0,0.0,1.0
0,-1,legitimate_ru_RU,test,15,,12214,0.855,0.6666666666666665,0.75,0.3333333333333333,1.0,0.0,0.0,0.35625,0.0,0.3375,0.0,1.0,1.0
0,-1,legitimate_uk_UA,test,15,,6887,0.4903225806451612,0.5161290322580645,0.5217391304347826,0.5,1.0,0.0,0.0,0.3076923076923077,0.0,0.2,0.0,1.0,0.0
0,-1,legitimate_ar_EG,test,15,,6051,0.855,0.6666666666666665,0.8333333333333335,0.5,1.0,0.0,0.0,0.0,0.0,0.41877551020408155,0.0,1.0,0.0
0,-1,legitimate_fa_IR,test,15,,15838,0.6000000000000001,0.21621621621621628,0.6666666666666667,0.0,1.0,0.0,0.0,0.0,0.0,0.29610389610389615,0.0,0.0,1.0
0,-1,legitimate_hi_IN,test,15,,3797,0.6650000000000001,0.6086956521739131,0.5714285714285714,0.5,1.0,0.0,0.0,0.342,0.0,0.2,0.0,1.0,0.0
0,-1,legitimate_zh_CN,test,15,,17246,0.8571428571428572,0.8571428571428571,0.8571428571428572,1.0,1.0,0.0,0.0,0.0,0.0,0.45,0.0,1.0,0.0
0,-1,legitimate_ja_JP,test,15,,10226,0.855,0.56,0.6666666666666667,0.25,1.0,0.0,0.0,0.0,0.0,0.3857142857142858,0.0,0.0,1.0
0,-1,legitimate_ko_KR,test,15,,2503,0.6923076923076923,0.6923076923076923,0.8181818181818181,0.0,1.0,0.0,0.0,0.0,0.0,0.57,0.0,1.0,1.0
0,-1,legitimate_tr_TR,test,15,,9721,0.4663636363636363,0.4102564102564103,0.4615384615384615,0.0,1.0,0.0,0.0,0.0,0.0,0.855,0.0,0.0,1.0
0,-1,legitimate_id_ID,test,15,,5624,0.6230769230769231,0.4736842105263158,0.6923076923076923,0.0,1.0,0.0,0.0,0.0,0.0,0.57,0.0,0.0,0.0
0,-1,legitimate_en_US,test,15,,1852,0.6,0.4,0.6956521739130435,0.0,1.0,0.0,0.0,0.0,0.0,0.37126436781609196,0.0,0.0,0.0
0,-1,legitimate_en_GB,test,15,,1781,0.6333333333333333,0.6666666666666665,0.5454545454545454,0.0,1.0,0.0,0.0,0.0,0.0,0.32299999999999995,0.0,0.0,1.0
0,-1,legitimate_es_ES,test,15,,2465,0.5648648648648649,0.5945945945945946,0.5217391304347826,0.3333333333333333,1.0,0.0,0.0,0.36,0.0,0.57,0.0,1.0,0.0
0,-1,legitimate_fr_FR,test,15,,6181,0.5846153846153846,0.6153846153846154,0.5384615384615384,0.3333333333333333,1.0,0.0,0.0,0.30000000000000004,0.0,0.24,0.0,1.0,0.0
0,-1,legitimate_de_DE,test,15,,1089,0.6162162162162163,0.6486486486486487,0.5833333333333333,0.3333333333333333,1.0,0.0,0.0,0.32258064516129037,0.0,0.30000000000000004,0.0,1.0,0.0
0,-1,legitimate_it_IT,test,15,,624,0.6333333333333333,0.6666666666666665,0.4615384615384615,0.5,1.0,0.0,0.0,0.0,0.0,0.2962962962962963,0.0,0.0,1.0
0,-1,legitimate_pt_BR,test,15,,6857,0.855,0.6,0.6956521739130435,0.5,1.0,0.0,0.0,0.0,0.0,0.54,0.0,0.0,1.0
0,-1,legitimate_ru_RU,test,15,,8410,0.76,0.8,0.5853658536585367,0.6666666666666666,1.0,0.0,0.0,0.0,0.0,0.228,0.0,1.0,0.0
0,-1,legitimate_uk_UA,test,15,,7339,0.855,0.5217391304347826,0.6666666666666667,0.5,1.0,0.0,0.0,0.36363636363636365,0.0,0.4275,0.0,1.0,1.0
0,-1,legitimate_ar_EG,test,15,,4818,0.544090909090909,0.411764705882353,0.5263157894736843,0.5,1.0,0.0,0.0,0.0,0.0,0.855,0.0,0.0,0.0
0,-1,legitimate_fa_IR,test,15,,1527,0.855,0.3181818181818181,0.4705882352941176,0.25,1.0,0.0,0.0,0.0,0.0,0.36972972972972973,0.0,0.0,1.0
0,-1,legitimate_hi_IN,test,15,,6059,0.7041176470588235,0.6956521739130435,0.5555555555555556,0.0,1.0,0.0,0.0,0.0,0.0,0.225,0.0,1.0,1.0
0,-1,legitimate_zh_CN,test,15,,2820,0.855,0.6363636363636364,0.8333333333333335,0.5,1.0,0.0,0.0,0.2727272727272727,0.0,0.45,0.0,1.0,1.0
0,-1,legitimate_ja_JP,test,15,,10001,0.9,0.6666666666666665,1.0,0.6666666666666666,1.0,0.0,0.0,0.45,0.0,0.2,0.0,1.0,0.0
0,-1,legitimate_ko_KR,test,15,,3400,0.7,0.7,0.625,0.0,1.0,0.0,0.0,0.0,0.0,0.57,0.0,1.0,1.0
0,-1,legitimate_tr_TR,test,15,,120,0.49565217391304345,0.5217391304347826,0.5641025641025641,0.25,1.0,0.0,0.0,0.4,0.0,0.2,0.0,1.0,0.0
0,-1,legitimate_id_ID,test,15,,1772,0.42631578947368426,0.4067796610169491,0.4736842105263158,0.0,1.0,0.0,0.0,0.0,0.0,0.855,0.0,0.0,0.0
0,-1,legitimate_en_US,test,15,,16053,0.7916666666666665,0.8333333333333333,0.923076923076923,0.5,1.0,0.0,0.0,0.0,0.0,0.57,0.0,0.0,0.0
0,-1,legitimate_en_GB,test,15,,6114,0.5555555555555556,0.5555555555555556,0.72,0.0,1.0,0.0,0.0,0.0,0.0,0.3504854368932039,0.0,0.0,1.0
0,-1,legitimate_es_ES,test,15,,2592,0.855,0.38888888888888884,0.6428571428571428,0.3333333333333333,1.0,0.0,0.0,0.0,0.0,0.57,0.0,0.0,0.0
0,-1,legitimate_fr_FR,test,15,,11179,0.855,0.5185185185185186,0.6,0.6666666666666666,1.0,0.0,0.0,0.54,0.0,0.375,0.0,1.0,0.0
0,-1,legitimate_de_DE,test,15,,7255,0.5714285714285714,0.5714285714285715,0.6086956521739131,0.5,1.0,0.0,0.0,0.5142857142857142,0.0,0.30000000000000004,0.0,1.0,0.0
0,-1,legitimate_it_IT,test,15,,13853,0.6545454545454547,0.4705882352941177,0.7272727272727273,0.0,1.0,0.0,0.0,0.0,0.0,0.34897959183673466,0.0,0.0,0.0
0,-1,legitimate_pt_BR,test,15,,4194,0.4846153846153846,0.4,0.5384615384615384,0.5,1.0,0.0,0.0,0.0,0.0,0.3946153846153846,0.0,1.0,0.0
0,-1,legitimate_ru_RU,test,15,,4833,0.76,0.8,0.717948717948718,0.3333333333333333,1.0,0.0,0.0,0.0,0.0,0.57,0.0,1.0,0.0
0,-1,legitimate_uk_UA,test,15,,8568,0.6521739130434783,0.391304347826087,0.6206896551724138,0.5,1.0,0.0,0.0,0.0,0.0,0.57,0.0,1.0,0.0
0,-1,legitimate_ar_EG,test,15,,1659,0.855,0.6666666666666665,0.75,0.5,1.0,0.0,0.0,0.21052631578947367,0.0,0.57,0.0,1.0,0.0
0,-1,legitimate_fa_IR,test,15,,228,0.4,0.4,0.43478260869565216,0.2,1.0,0.0,0.0,0.0,0.0,0.57,0.0,0.0,0.0
0,-1,legitimate_hi_IN,test,15,,11158,0.6000000000000001,0.4,0.6666666666666667,0.0,1.0,0.0,0.0,0.0,0.0,0.855,0.0,0.0,0.0
0,-1,legitimate_zh_CN,test,15,,6900,0.855,0.5714285714285715,0.8888888888888888,0.6666666666666666,1.0,0.0,0.0,0.5,0.0,0.57,0.0,1.0,1.0
0,-1,legitimate_ja_JP,test,15,,847,0.855,0.4615384615384615,0.631578947368421,0.25,1.0,0.0,0.0,0.54,0.0,0.5727272727272728,0.0,1.0,1.0
0,-1,legitimate_ko_KR,test,15,,4769,0.6000000000000001,0.42857142857142855,0.6666666666666667,1.0,1.0,0.0,0.0,0.0,0.0,0.34322580645161294,0.0,0.0,0.0
0,-1,legitimate_tr_TR,test,15,,98,0.4444444444444444,0.4444444444444444,0.5,0.0,1.0,0.0,0.0,0.0,0.0,0.57,0.0,0.0,1.0
0,-1,legitimate_id_ID,test,15,,546,0.5823529411764706,0.5777777777777778,0.6470588235294117,0.0,1.0,0.0,0.0,0.0,0.0,0.2,0.0,1.0,0.0
0,-1,legitimate_en_US,test,15,,8202,0.855,0.7096774193548387,0.6666666666666667,0.5,1.0,0.0,0.0,0.3846153846153846,0.0,0.855,0.0,1.0,0.0
0,-1,legitimate_en_GB,test,15,,6751,0.855,0.5263157894736842,0.5263157894736843,0.3333333333333333,0.5,0.0,0.0,0.0,0.0,0.3245901639344262,0.0,0.0,1.0
0,-1,legitimate_es_ES,test,15,,254,0.855,0.7692307692307692,0.6875,0.5,1.0,0.0,0.0,0.26307692307692304,0.0,0.2,0.0,1.0,0.0
0,-1,legitimate_fr_FR,test,15,,2458,0.5806451612903225,0.5806451612903225,0.6153846153846154,0.5,1.0,0.0,0.0,0.0,0.0,0.3789473684210526,0.0,0.0,1.0
0,-1,legitimate_de_DE,test,15,,1671,0.5142857142857142,0.5142857142857143,0.6666666666666667,0.0,1.0,0.0,0.0,0.285,0.0,0.31232876712328766,0.0,1.0,0.0
0,-1,legitimate_it_IT,test,15,,7677,0.855,0.5185185185185186,0.5789473684210527,0.3333333333333333,1.0,0.0,0.0,0.38888888888888884,0.0,0.36,0.0,1.0,0.0
0,-1,legitimate_pt_BR,test,15,,875,0.7125,0.5945945945945946,0.75,1.0,1.0,0.0,0.0,0.391304347826087,0.0,0.387378640776699,0.0,1.0,0.0
0,-1,legitimate_ru_RU,test,15,,7534,0.6666666666666667,0.6666666666666665,0.76,0.25,1.0,0.0,0.0,0.3375,0.0,0.3857142857142858,0.0,1.0,1.0
0,-1,legitimate_uk_UA,test,15,,9630,0.855,0.6363636363636364,0.6666666666666667,0.5,1.0,0.0,0.0,0.32432432432432434,0.0,0.4,0.0,1.0,1.0
0,-1,legitimate_ar_EG,test,15,,12508,0.7586206896551724,0.7586206896551724,0.7619047619047619,0.5,1.0,0.0,0.0,0.3375,0.0,0.45,0.0,1.0,0.0
0,-1,legitimate_fa_IR,test,15,,12775,0.5,0.5,0.6666666666666667,0.5,1.0,0.0,0.0,0.30000000000000004,0.0,0.3272727272727273,0.0,1.0,0.0
0,-1,legitimate_hi_IN,test,15,,18251,0.48484848484848486,0.48484848484848486,0.5833333333333333,0.0,1.0,0.0,0.0,0.0,0.0,0.45,0.0,0.0,1.0
0,-1,legitimate_zh_CN,test,15,,847,0.855,0.625,0.7272727272727273,0.5,1.0,0.0,0.0,0.5142857142857142,0.0,0.855,0.0,1.0,1.0
0,-1,legitimate_ja_JP,test,15,,10001,0.9,0.6666666666666665,1.0,0.5,1.0,0.0,0.0,0.4275,0.0,0.2,0.0,1.0,0.0
0,-1,legitimate_ko_KR,test,15,,1781,0.6000000000000001,0.5,0.6666666666666667,1.0,1.0,0.0,0.0,0.0,0.0,0.4031007751937985,0.0,0.0,1.0
0,-1,legitimate_tr_TR,test,15,,4367,0.544090909090909,0.5333333333333333,0.4545454545454546,0.0,1.0,0.0,0.0,0.0,0.0,0.4,0.0,1.0,1.0
0,-1,legitimate_id_ID,test,15,,983,0.855,0.5,0.6666666666666667,0.25,1.0,0.0,0.0,0.30000000000000004,0.0,0.57,0.0,1.0,1.0
0,-1,legitimate_en_US,test,15,,3088,0.855,0.6666666666666665,0.6666666666666667,0.5,1.0,0.0,0.0,0.3109090909090909,0.0,0.57,0.0,1.0,0.0
0,-1,legitimate_en_GB,test,15,,16570,0.855,0.6086956521739131,0.6875,0.3333333333333333,1.0,0.0,0.0,0.33333333333333337,0.0,0.4,0.0,1.0,0.0
0,-1,legitimate_es_ES,test,15,,18040,0.855,0.4186046511627907,0.6206896551724138,0.3333333333333333,1.0,0.0,0.0,0.0,0.0,0.4,0.0,0.0,0.0
0,-1,legitimate_fr_FR,test,15,,112,0.7500000000000001,0.32558139534883723,0.8333333333333335,0.5,1.0,0.0,0.0,0.5142857142857142,0.0,0.57,0.0,1.0,0.0
0,-1,legitimate_de_DE,test,15,,3972,0.48717948717948717,0.5128205128205129,0.5,0.3333333333333333,1.0,0.0,0.0,0.4,0.0,0.31666666666666665,0.0,1.0,0.0
0,-1,legitimate_it_IT,test,15,,18871,0.675,0.5161290322580645,0.75,0.0,1.0,0.0,0.0,0.0,0.0,0.57,0.0,0.0,0.0
0,-1,legitimate_pt_BR,test,15,,876,0.5066666666666666,0.43478260869565216,0.4375,0.5,1.0,0.0,0.0,0.0,0.0,0.342,0.0,0.0,0.0
0,-1,legitimate_ru_RU,test,15,,6503,0.6942307692307692,0.7307692307692308,0.6842105263157895,0.3333333333333333,1.0,0.0,0.0,0.0,0.0,0.375,0.0,1.0,0.0
0,-1,legitimate_uk_UA,test,15,,3117,0.855,0.6666666666666665,0.7222222222222221,0.5,1.0,0.0,0.0,0.3571428571428571,0.0,0.38,0.0,1.0,1.0
0,-1,legitimate_ar_EG,test,15,,18342,0.855,0.6666666666666665,0.7692307692307692,0.5,1.0,0.0,0.0,0.0,0.0,0.2,0.0,0.0,0.0
0,-1,legitimate_fa_IR,test,15,,333,0.49565217391304345,0.5217391304347826,0.4705882352941176,0.0,1.0,0.0,0.0,0.0,0.0,0.57,0.0,0.0,1.0
0,-1,legitimate_hi_IN,test,15,,2182,0.46216216216216216,0.48648648648648646,0.4375,0.0,1.0,0.0,0.0,0.2,0.0,0.6428571428571429,0.0,1.0,0.0
0,-1,legitimate_zh_CN,test,15,,10019,0.855,0.631578947368421,0.7142857142857143,0.6666666666666666,1.0,0.0,0.0,0.0,0.0,0.57,0.0,1.0,1.0
0,-1,legitimate_ja_JP,test,15,,2757,0.855,0.6153846153846154,0.75,0.5,1.0,0.0,0.0,0.5029411764705882,0.0,0.57,0.0,1.0,1.0
0,-1,legitimate_ko_KR,test,15,,303,0.7714285714285716,0.42857142857142855,0.8571428571428572,0.0,1.0,0.0,0.0,0.0,0.0,0.2,0.0,0.0,1.0
0,-1,legitimate_tr_TR,test,15,,1136,0.6923076923076923,0.6923076923076923,0.7619047619047619,0.5,1.0,0.0,0.0,0.34615384615384615,0.0,0.5625,0.0,1.0,1.0
0,-1,legitimate_id_ID,test,15,,5632,0.855,0.32,0.5,0.4,1.0,0.0,0.0,0.0,0.0,0.855,0.0,0.0,0.0
0,-1,legitimate_en_US,test,15,,5483,0.855,0.7777777777777777,0.7777777777777779,1.0,1.0,0.0,0.0,0.34782608695652173,0.0,0.35625,0.0,1.0,0.0
0,-1,legitimate_en_GB,test,15,,13285,0.55,0.5789473684210527,0.5217391304347826,0.3333333333333333,1.0,0.0,0.0,0.0,0.0,0.27956989247311825,0.0,1.0,0.0
0,-1,legitimate_es_ES,test,15,,1064,0.5,0.5,0.5294117647058824,0.0,1.0,0.0,0.0,0.48857142857142855,0.0,0.855,0.0,1.0,0.0
0,-1,legitimate_fr_FR,test,15,,19024,0.534375,0.5625,0.4444444444444444,0.0,1.0,0.0,0.0,0.25,0.0,0.57,0.0,1.0,0.0
0,-1,legitimate_de_DE,test,15,,8040,0.5648648648648649,0.5945945945945946,0.5714285714285714,0.5,1.0,0.0,0.0,0.0,0.0,0.30493827160493825,0.0,0.0,0.0
0,-1,legitimate_it_IT,test,15,,13375,0.4864864864864865,0.38095238095238093,0.5405405405405406,0.25,1.0,0.0,0.0,0.0,0.0,0.4433333333333333,0.0,0.0,0.0
0,-1,legitimate_pt_BR,test,15,,11494,0.855,0.5263157894736842,0.6428571428571428,0.3333333333333333,1.0,0.0,0.0,0.36,0.0,0.855,0.0,1.0,0.0
0,-1,legitimate_ru_RU,test,15,,8907,0.7924528301886792,0.6415094339622641,0.7692307692307692,0.25,1.0,0.0,0.0,0.38888888888888884,0.0,0.57,0.0,1.0,0.0
0,-1,legitimate_uk_UA,test,15,,4109,0.5538461538461539,0.26086956521739124,0.6153846153846154,0.0,1.0,0.0,0.0,0.0,0.0,0.57,0.0,1.0,1.0
0,-1,legitimate_ar_EG,test,15,,10494,0.9,1.0,1.0,0.5,1.0,0.0,0.0,0.0,0.0,0.2,0.0,0.0,0.0
0,-1,legitimate_fa_IR,test,15,,1349,0.855,0.4444444444444444,0.6,0.5,1.0,0.0,0.0,0.2962962962962963,0.0,0.57,0.0,1.0,0.0
0,-1,legitimate_hi_IN,test,15,,1791,0.6000000000000001,0.4210526315789474,0.6666666666666667,0.0,1.0,0.0,0.0,0.36,0.0,0.57,0.0,1.0,0.0
0,-1,legitimate_zh_CN,test,15,,19115,0.684,0.4375,0.625,0.0,1.0,0.0,0.0,0.0,0.0,0.34545454545454546,0.0,0.0,0.0
0,-1,legitimate_ja_JP,test,15,,847,0.855,0.56,0.6666666666666667,0.25,1.0,0.0,0.0,0.5142857142857142,0.0,0.49090909090909085,0.0,1.0,1.0
0,-1,legitimate_ko_KR,test,15,,9755,0.5142857142857142,0.33333333333333326,0.5714285714285714,1.0,1.0,0.0,0.0,0.24545454545454543,0.0,0.30000000000000004,0.0,1.0,0.0
0,-1,legitimate_tr_TR,test,15,,1090,0.5684210526315789,0.4324324324324324,0.631578947368421,0.0,1.0,0.0,0.0,0.0,0.0,0.57,0.0,0.0,0.0
0,-1,legitimate_id_ID,test,15,,6978,0.4809375,0.3846153846153846,0.5,0.0,1.0,0.0,0.0,0.0,0.0,0.855,0.0,0.0,1.0
0,-1,legitimate_en_US,test,15,,1697,0.855,0.6666666666666665,0.5833333333333333,0.5,1.0,0.0,0.0,0.36642857142857144,0.0,0.57,0.0,1.0,1.0
0,-1,legitimate_en_GB,test,15,,3853,0.57,0.35294117647058826,0.6,0.5,1.0,0.0,0.0,0.0,0.0,0.2954545454545454,0.0,0.0,0.0
0,-1,legitimate_es_ES,test,15,,2228,0.6452830188679245,0.679245283018868,0.6341463414634146,0.3333333333333333,1.0,0.0,0.0,0.3857142857142858,0.0,0.855,0.0,1.0,0.0
0,-1,legitimate_fr_FR,test,15,,5797,0.855,0.7,0.7,0.5,1.0,0.0,0.0,0.0,0.0,0.3767441860465116,0.0,1.0,1.0
0,-1,legitimate_de_DE,test,15,,9306,0.855,0.4,0.6666666666666667,0.5,0.5,0.0,0.0,0.0,0.0,0.57,0.0,0.0,1.0
0,-1,legitimate_it_IT,test,15,,3566,0.5625,0.26315789473684204,0.625,0.3333333333333333,1.0,0.0,0.0,0.0,0.0,0.57,0.0,0.0,1.0
0,-1,legitimate_pt_BR,test,15,,250,0.855,0.7058823529411765,0.923076923076923,0.5,1.0,0.0,0.0,0.30000000000000004,0.0,0.57,0.0,1.0,0.0
0,-1,legitimate_ru_RU,test,15,,89,0.9,0.2222222222222223,1.0,0.0,1.0,0.0,0.0,0.0,0.0,0.57,0.0,0.0,1.0
0,-1,legitimate_uk_UA,test,15,,4667,0.855,0.72,0.6875,0.5,1.0,0.0,0.0,0.0,0.0,0.41707317073170735,0.0,1.0,1.0
0,-1,legitimate_ar_EG,test,15,,6434,0.855,0.631578947368421,0.7692307692307692,1.0,1.0,0.0,0.0,0.4,0.0,0.57,0.0,1.0,0.0
0,-1,legitimate_fa_IR,test,15,,4284,0.7000000000000002,0.5714285714285715,0.7777777777777779,0.5,1.0,0.0,0.0,0.0,0.0,0.31621621621621615,0.0,0.0,1.0
0,-1,legitimate_hi_IN,test,15,,12930,0.45833333333333337,0.45833333333333337,0.5142857142857142,0.3333333333333333,1.0,0.0,0.0,0.0,0.0,0.3857142857142858,0.0,0.0,0.0
0,-1,legitimate_zh_CN,test,15,,18613,0.855,0.6153846153846154,0.6666666666666667,0.5,1.0,0.0,0.0,0.0,0.0,0.43333333333333335,0.0,0.0,0.0
0,-1,legitimate_ja_JP,test,15,,6695,0.855,0.4057971014492754,0.7428571428571429,0.5,1.0,0.0,0.0,0.0,0.0,0.48,0.0,0.0,1.0
0,-1,legitimate_ko_KR,test,15,,303,0.7714285714285716,0.4615384615384615,0.8571428571428572,0.0,1.0,0.0,0.0,0.0,0.0,0.2,0.0,0.0,1.0
0,-1,legitimate_tr_TR,test,15,,99,0.6000000000000001,0.2222222222222223,0.6666666666666667,0.0,1.0,0.0,0.0,0.0,0.0,0.57,0.0,0.0,1.0
0,-1,legitimate_id_ID,test,15,,15015,0.6260869565217392,0.5625,0.6956521739130435,0.0,1.0,0.0,0.0,0.0,0.0,0.4116666666666666,0.0,0.0,1.0
0,-1,legitimate_en_US,test,15,,6985,0.855,0.5714285714285715,0.6,0.5,1.0,0.0,0.0,0.0,0.0,0.36,0.0,0.0,0.0
0,-1,legitimate_en_GB,test,15,,983,0.855,0.38888888888888884,0.48,0.3333333333333333,1.0,0.0,0.0,0.36,0.0,0.2,0.0,1.0,1.0
0,-1,legitimate_es_ES,test,15,,3614,0.5215686274509804,0.5490196078431372,0.5641025641025641,0.25,1.0,0.0,0.0,0.0,0.0,0.57,0.0,1.0,1.0
0,-1,legitimate_fr_FR,test,15,,339,0.6352941176470588,0.4074074074074074,0.7058823529411764,0.0,1.0,0.0,0.0,0.0,0.0,0.35185185185185186,0.0,0.0,1.0
0,-1,legitimate_de_DE,test,15,,3092,0.855,0.6666666666666665,0.6666666666666667,0.25,1.0,0.0,0.0,0.4,0.0,0.5,0.0,1.0,1.0
0,-1,legitimate_it_IT,test,15,,12738,0.5896551724137931,0.6206896551724138,0.5263157894736843,0.0,1.0,0.0,0.0,0.0,0.0,0.35625,0.0,0.0,1.0
0,-1,legitimate_pt_BR,test,15,,645,0.6909090909090909,0.7272727272727272,0.5405405405405406,0.5,1.0,0.0,0.0,0.54,0.0,0.57,0.0,1.0,0.0
0,-1,legitimate_ru_RU,test,15,,10621,0.49500000000000005,0.3582089552238806,0.55,0.25,1.0,0.0,0.0,0.0,0.0,0.855,0.0,0.0,1.0
0,-1,legitimate_uk_UA,test,15,,4606,0.675,0.25,0.75,0.0,1.0,0.0,0.0,0.0,0.0,0.31757142857142856,0.0,0.0,1.0
0,-1,legitimate_ar_EG,test,15,,16332,0.5896551724137931,0.6206896551724138,0.5263157894736843,0.0,1.0,0.0,0.0,0.0,0.0,0.367816091954023,0.0,1.0,0.0
0,-1,legitimate_fa_IR,test,15,,2439,0.6107142857142858,0.4,0.5454545454545454,0.5,1.0,0.0,0.0,0.0,0.0,0.45,0.0,0.0,0.0
0,-1,legitimate_hi_IN,test,15,,2796,0.855,0.35,0.33333333333333337,0.3333333333333333,1.0,0.0,0.0,0.0,0.0,0.57,0.0,1.0,1.0
0,-1,legitimate_zh_CN,test,15,,14680,0.855,0.5217391304347826,0.5714285714285714,0.3333333333333333,1.0,0.0,0.0,0.0,0.0,0.855,0.0,0.0,0.0
0,-1,legitimate_ja_JP,test,15,,7812,0.855,0.6153846153846154,0.6666666666666667,0.5,1.0,0.0,0.0,0.0,0.0,0.2,0.0,0.0,0.0
0,-1,legitimate_ko_KR,test,15,,16369,0.49090909090909085,0.34782608695652173,0.5454545454545454,1.0,1.0,0.0,0.0,0.0,0.0,0.2,0.0,1.0,1.0
0,-1,legitimate_tr_TR,test,15,,3743,0.6153846153846154,0.5384615384615384,0.7058823529411764,0.3333333333333333,1.0,0.0,0.0,0.0,0.0,0.57,0.0,1.0,1.0
0,-1,legitimate_id_ID,test,15,,1305,0.61875,0.5714285714285715,0.6875,0.0,1.0,0.0,0.0,0.4275,0.0,0.3906542056074766,0.0,1.0,1.0
0,-1,legitimate_en_US,test,15,,7470,0.684,0.5333333333333333,0.6666666666666667,1.0,1.0,0.0,0.0,0.0,0.0,0.57,0.0,1.0,0.0
0,-1,legitimate_en_GB,test,15,,2342,0.6333333333333333,0.6666666666666665,0.6363636363636364,0.5,1.0,0.0,0.0,0.49090909090909085,0.0,0.57,0.0,1.0,0.0
0,-1,legitimate_es_ES,test,15,,3614,0.855,0.6122448979591837,0.6842105263157895,0.25,1.0,0.0,0.0,0.2571428571428571,0.0,0.2,0.0,1.0,0.0
0,-1,legitimate_fr_FR,test,15,,14578,0.6000000000000001,0.29629629629629634,0.6666666666666667,0.0,1.0,0.0,0.0,0.0,0.0,0.3306122448979592,0.0,0.0,1.0
0,-1,legitimate_de_DE,test,15,,2926,0.46216216216216216,0.48648648648648646,0.4,0.0,1.0,0.0,0.0,0.2222222222222222,0.0,0.57,0.0,1.0,0.0
0,-1,legitimate_it_IT,test,15,,373,0.5161290322580645,0.5161290322580645,0.5714285714285714,0.5,1.0,0.0,0.0,0.0,0.0,0.57,0.0,1.0,0.0
0,-1,legitimate_pt_BR,test,15,,3185,0.855,0.7857142857142857,0.7647058823529411,0.6666666666666666,1.0,0.0,0.0,0.0,0.0,0.4127586206896552,0.0,0.0,0.0
0,-1,legitimate_ru_RU,test,15,,7536,0.6352941176470588,0.6976744186046511,0.7058823529411764,0.3333333333333333,1.0,0.0,0.0,0.24000000000000005,0.0,0.225,0.0,1.0,1.0
0,-1,legitimate_uk_UA,test,15,,4323,0.855,0.5365853658536586,0.5714285714285714,0.3333333333333333,1.0,0.0,0.0,0.0,0.0,0.3375,0.0,1.0,0.0
0,-1,legitimate_ar_EG,test,15,,2177,0.855,0.6,0.6428571428571428,0.5,1.0,0.0,0.0,0.2222222222222222,0.0,0.33559322033898303,0.0,1.0,0.0
0,-1,legitimate_fa_IR,test,15,,696,0.4615384615384615,0.4615384615384615,0.5217391304347826,0.5,1.0,0.0,0.0,0.0,0.0,0.57,0.0,1.0,1.0
0,-1,legitimate_hi_IN,test,15,,16008,0.5727272727272728,0.5161290322580645,0.6363636363636364,0.0,1.0,0.0,0.0,0.36,0.0,0.2,0.0,1.0,0.0
0,-1,legitimate_zh_CN,test,15,,17934,0.875,0.875,0.875,0.5,1.0,0.0,0.0,0.42105263157894735,0.0,0.4235294117647059,0.0,1.0,0.0
0,-1,legitimate_ja_JP,test,15,,14335,0.855,0.56,0.5333333333333333,0.3333333333333333,1.0,0.0,0.0,0.304,0.0,0.49090909090909085,0.0,1.0,0.0
0,-1,legitimate_ko_KR,test,15,,1093,0.45,0.42857142857142855,0.5,0.0,1.0,0.0,0.0,0.0,0.0,0.534375,0.0,0.0,1.0
0,-1,legitimate_tr_TR,test,15,,3818,0.57,0.4242424242424242,0.6,0.5,1.0,0.0,0.0,0.48,0.0,0.57,0.0,1.0,1.0
0,-1,legitimate_id_ID,test,15,,3439,0.855,0.45283018867924524,0.5,0.25,1.0,0.0,0.0,0.0,0.0,0.57,0.0,0.0,1.0
0,-1,legitimate_en_US,test,15,,10395,0.6333333333333332,0.6666666666666665,0.6666666666666667,0.5,1.0,0.0,0.0,0.0,0.0,0.57,0.0,1.0,1.0
0,-1,legitimate_en_GB,test,15,,18077,0.855,0.625,0.625,0.5,1.0,0.0,0.0,0.3125,0.0,0.4153846153846154,0.0,1.0,0.0
0,-1,legitimate_es_ES,test,15,,1457,0.55,0.55,0.6111111111111112,0.3333333333333333,1.0,0.0,0.0,0.0,0.0,0.855,0.0,1.0,0.0
0,-1,legitimate_fr_FR,test,15,,2868,0.855,0.4086021505376344,0.5172413793103448,0.4,1.0,0.0,0.0,0.0,0.0,0.855,0.0,0.0,0.0
0,-1,legitimate_de_DE,test,15,,2618,0.9,1.0,1.0,0.5,1.0,0.0,0.0,0.0,0.0,0.2,0.0,0.0,0.0
0,-1,legitimate_it_IT,test,15,,9022,0.49090909090909085,0.34782608695652173,0.5454545454545454,0.5,1.0,0.0,0.0,0.0,0.0,0.3753086419753086,0.0,0.0,1.0
0,-1,legitimate_pt_BR,test,15,,18145,0.855,0.7,0.6153846153846154,0.5,1.0,0.0,0.0,0.36363636363636365,0.0,0.26666666666666666,0.0,1.0,0.0
0,-1,legitimate_ru_RU,test,15,,9148,0.6909090909090909,0.6909090909090909,0.6153846153846154,0.3333333333333333,1.0,0.0,0.0,0.0,0.0,0.24,0.0,1.0,0.0
0,-1,legitimate_uk_UA,test,15,,8568,0.5785714285714285,0.4761904761904762,0.6428571428571428,0.5,1.0,0.0,0.0,0.0,0.0,0.2,0.0,1.0,0.0
0,-1,legitimate_ar_EG,test,15,,12605,0.8,0.8,0.8695652173913043,0.5,1.0,0.0,0.0,0.30000000000000004,0.0,0.38817204301075264,0.0,1.0,0.0
0,-1,legitimate_fa_IR,test,15,,4487,0.475,0.5,0.3529411764705882,0.5,1.0,0.0,0.0,0.0,0.0,0.57,0.0,1.0,0.0
0,-1,legitimate_hi_IN,test,15,,99,0.5185185185185186,0.5185185185185186,0.631578947368421,0.0,1.0,0.0,0.0,0.0,0.0,0.855,0.0,0.0,0.0
0,-1,legitimate_zh_CN,test,15,,18557,0.855,0.6666666666666665,0.7692307692307692,0.5,1.0,0.0,0.0,0.0,0.0,0.4200000000000001,0.0,1.0,1.0
0,-1,legitimate_ja_JP,test,15,,3670,0.855,0.6666666666666665,0.625,0.25,1.0,0.0,0.0,0.0,0.0,0.2,0.0,0.0,0.0
0,-1,legitimate_ko_KR,test,15,,6341,0.49090909090909085,0.33333333333333326,0.5454545454545454,1.0,1.0,0.0,0.0,0.3789473684210526,0.0,0.57,0.0,1.0,1.0
0,-1,legitimate_tr_TR,test,15,,3438,0.855,0.7,0.7,0.25,1.0,0.0,0.0,0.30000000000000004,0.0,0.2,0.0,1.0,0.0
0,-1,legitimate_id_ID,test,15,,17726,0.5985,0.5142857142857143,0.5882352941176471,0.0,1.0,0.0,0.0,0.0,0.0,0.4275,0.0,0.0,0.0
0,-1,legitimate_en_US,test,15,,16056,0.855,0.8333333333333333,0.923076923076923,0.5,1.0,0.0,0.0,0.0,0.0,0.2,0.0,0.0,0.0
0,-1,legitimate_en_GB,test,15,,102,0.6000000000000001,0.5517241379310345,0.6666666666666667,0.0,1.0,0.0,0.0,0.0,0.0,0.57,0.0,0.0,1.0
0,-1,legitimate_es_ES,test,15,,6944,0.855,0.5,0.6451612903225806,0.3333333333333333,1.0,0.0,0.0,0.5538461538461539,0.0,0.49500000000000005,0.0,1.0,0.0
0,-1,legitimate_fr_FR,test,15,,4829,0.855,0.6,0.6923076923076923,0.5,1.0,0.0,0.0,0.0,0.0,0.57,0.0,1.0,0.0
0,-1,legitimate_de_DE,test,15,,274,0.855,0.48148148148148145,0.4761904761904761,0.4,1.0,0.0,0.0,0.0,0.0,0.33333333333333337,0.0,0.0,1.0
0,-1,legitimate_it_IT,test,15,,10744,0.5947826086956521,0.4489795918367347,0.6,0.5,1.0,0.0,0.0,0.33333333333333337,0.0,0.57,0.0,1.0,0.0
0,-1,legitimate_pt_BR,test,15,,3533,0.855,0.6538461538461539,0.6111111111111112,0.6666666666666666,1.0,0.0,0.0,0.36642857142857144,0.0,0.57,0.0,1.0,0.0
0,-1,legitimate_ru_RU,test,15,,9773,0.7307692307692308,0.7307692307692308,0.7555555555555555,0.3333333333333333,1.0,0.0,0.0,0.32258064516129037,0.0,0.32098765432098764,0.0,1.0,1.0
0,-1,legitimate_uk_UA,test,15,,1968,0.57,0.5365853658536586,0.6,0.0,1.0,0.0,0.0,0.0,0.0,0.57,0.0,1.0,1.0
0,-1,legitimate_ar_EG,test,15,,14795,0.5399999999999999,0.4516129032258065,0.5882352941176471,0.0,1.0,0.0,0.0,0.0,0.0,0.33529411764705885,0.0,0.0,0.0
0,-1,legitimate_fa_IR,test,15,,337,0.5142857142857142,0.34782608695652173,0.5714285714285714,0.25,1.0,0.0,0.0,0.0,0.0,0.285,0.0,0.0,0.0
0,-1,legitimate_hi_IN,test,15,,12582,0.48275862068965514,0.48275862068965514,0.5185185185185186,0.5,1.0,0.0,0.0,0.0,0.0,0.32,0.0,0.0,0.0
0,-1,legitimate_zh_CN,test,15,,847,0.855,0.6153846153846154,0.875,1.0,1.0,0.0,0.0,0.45,0.0,0.6000000000000001,0.0,1.0,1.0
0,-1,legitimate_ja_JP,test,15,,6109,0.855,0.5384615384615384,0.6666666666666667,0.25,1.0,0.0,0.0,0.0,0.0,0.40943661971830986,0.0,0.0,1.0
0,-1,legitimate_ko_KR,test,15,,7107,0.5263157894736843,0.5263157894736842,0.6153846153846154,1.0,1.0,0.0,0.0,0.0,0.0,0.25909090909090904,0.0,0.0,1.0
0,-1,legitimate_tr_TR,test,15,,11832,0.50625,0.41791044776119407,0.5625,0.0,1.0,0.0,0.0,0.0,0.0,0.3471153846153846,0.0,0.0,0.0
0,-1,legitimate_id_ID,test,15,,4424,0.5,0.5,0.56,0.0,1.0,0.0,0.0,0.0,0.0,0.38775510204081626,0.0,0.0,1.0
0,-1,legitimate_en_US,test,15,,3250,0.855,0.782608695652174,0.7857142857142857,0.5,1.0,0.0,0.0,0.2620689655172414,0.0,0.57,0.0,1.0,0.0
0,-1,legitimate_en_GB,test,15,,3217,0.855,0.6,0.7272727272727273,0.5,1.0,0.0,0.0,0.0,0.0,0.2,0.0,1.0,0.0
0,-1,legitimate_es_ES,test,15,,19022,0.5488888888888889,0.5777777777777778,0.4444444444444444,0.3333333333333333,1.0,0.0,0.0,0.4275,0.0,0.57,0.0,1.0,0.0
0,-1,legitimate_fr_FR,test,15,,868,0.792,0.55,0.88,0.5,1.0,0.0,0.0,0.0,0.0,0.375,0.0,1.0,0.0
0,-1,legitimate_de_DE,test,15,,2614,0.855,0.8,0.9090909090909091,0.5,1.0,0.0,0.0,0.0,0.0,0.57,0.0,0.0,0.0
0,-1,legitimate_it_IT,test,15,,4973,0.855,0.3835616438356164,0.4761904761904761,0.25,1.0,0.0,0.0,0.0,0.0,0.3705,0.0,0.0,0.0
0,-1,legitimate_pt_BR,test,15,,15595,0.855,0.4,0.43478260869565216,0.5,1.0,0.0,0.0,0.0,0.0,0.35625,0.0,0.0,0.0
0,-1,legitimate_ru_RU,test,15,,8443,0.6538461538461539,0.576923076923077,0.68,0.3333333333333333,1.0,0.0,0.0,0.0,0.0,0.24,0.0,1.0,0.0
0,-1,legitimate_uk_UA,test,15,,3792,0.855,0.43636363636363634,0.5294117647058824,0.25,1.0,0.0,0.0,0.0,0.0,0.57,0.0,1.0,1.0
0,-1,legitimate_ar_EG,test,15,,7678,0.855,0.7058823529411765,0.8181818181818181,0.5,1.0,0.0,0.0,0.2666666666666667,0.0,0.32608695652173914,0.0,1.0,0.0
0,-1,legitimate_fa_IR,test,15,,6211,0.855,0.33333333333333326,0.6,0.4,1.0,0.0,0.0,0.0,0.0,0.57,0.0,0.0,0.0
0,-1,legitimate_hi_IN,test,15,,2264,0.6000000000000001,0.36363636363636365,0.6666666666666667,0.0,1.0,0.0,0.0,0.0,0.0,0.57,0.0,0.0,0.0
0,-1,legitimate_zh_CN,test,15,,16728,0.5782608695652174,0.6086956521739131,0.5,0.3333333333333333,1.0,0.0,0.0,0.3846153846153846,0.0,0.32522522522522523,0.0,1.0,0.0
0,-1,legitimate_ja_JP,test,15,,10001,0.9,0.6666666666666665,1.0,0.5,1.0,0.0,0.0,0.5823529411764706,0.0,0.2,0.0,1.0,0.0
0,-1,legitimate_ko_KR,test,15,,3075,0.6333333333333333,0.6666666666666665,0.5333333333333333,0.0,1.0,0.0,0.0,0.0,0.0,0.2,0.0,0.0,0.0
0,-1,legitimate_tr_TR,test,15,,2017,0.6045454545454545,0.6363636363636364,0.5,0.0,1.0,0.0,0.0,0.48,0.0,0.3176470588235294,0.0,1.0,1.0
0,-1,legitimate_id_ID,test,15,,1194,0.6545454545454547,0.48648648648648646,0.7272727272727273,0.0,1.0,0.0,0.0,0.2222222222222222,0.0,0.456,0.0,1.0,1.0
0,-1,legitimate_en_US,test,15,,7967,0.855,0.5106382978723404,0.6470588235294117,0.3333333333333333,1.0,0.0,0.0,0.2571428571428571,0.0,0.3109090909090909,0.0,1.0,1.0
0,-1,legitimate_en_GB,test,15,,17329,0.6000000000000001,0.4888888888888889,0.6666666666666667,0.5,1.0,0.0,0.0,0.3789473684210526,0.0,0.342,0.0,1.0,0.0
0,-1,legitimate_es_ES,test,15,,2205,0.6000000000000001,0.4444444444444444,0.6666666666666667,0.3333333333333333,1.0,0.0,0.0,0.45,0.0,0.57,0.0,1.0,1.0
0,-1,legitimate_fr_FR,test,15,,67,0.855,0.5416666666666666,0.4444444444444444,0.5,1.0,0.0,0.0,0.0,0.0,0.57,0.0,0.0,0.0
0,-1,legitimate_de_DE,test,15,,6767,0.855,0.625,0.736842105263158,0.5,1.0,0.0,0.0,0.2571428571428571,0.0,0.30000000000000004,0.0,1.0,0.0
0,-1,legitimate_it_IT,test,15,,706,0.855,0.5161290322580645,0.5882352941176471,0.3333333333333333,1.0,0.0,0.0,0.0,0.0,0.3076923076923077,0.0,1.0,0.0
0,-1,legitimate_pt_BR,test,15,,1023,0.63,0.48275862068965514,0.7,0.0,1.0,0.0,0.0,0.36363636363636365,0.0,0.3507692307692307,0.0,1.0,1.0
0,-1,legitimate_ru_RU,test,15,,18070,0.5145833333333334,0.5416666666666666,0.5294117647058824,0.0,1.0,0.0,0.0,0.0,0.0,0.57,0.0,1.0,0.0
0,-1,legitimate_uk_UA,test,15,,8568,0.5217391304347826,0.5217391304347826,0.6,0.5,1.0,0.0,0.0,0.0,0.0,0.57,0.0,1.0,0.0
0,-1,legitimate_ar_EG,test,15,,2245,0.9,1.0,1.0,0.5,1.0,0.0,0.0,0.0,0.0,0.2,0.0,0.0,0.0
0,-1,legitimate_fa_IR,test,15,,127,0.57,0.1428571428571429,0.5,0.0,1.0,0.0,0.0,0.0,0.0,0.57,0.0,0.0,1.0
0,-1,legitimate_hi_IN,test,15,,19124,0.855,0.33333333333333326,0.4375,0.3333333333333333,1.0,0.0,0.0,0.0,0.0,0.34054054054054056,0.0,0.0,1.0
0,-1,legitimate_zh_CN,test,15,,12070,0.8181818181818181,0.8181818181818181,0.8888888888888888,0.5,1.0,0.0,0.0,0.5454545454545454,0.0,0.49500000000000005,0.0,1.0,0.0
0,-1,legitimate_ja_JP,test,15,,847,0.6857142857142857,0.5333333333333333,0.7619047619047619,0.25,1.0,0.0,0.0,0.36,0.0,0.3818181818181818,0.0,1.0,1.0
0,-1,legitimate_ko_KR,test,15,,303,0.7714285714285716,0.5,0.8571428571428572,0.0,1.0,0.0,0.0,0.0,0.0,0.2,0.0,0.0,1.0
0,-1,legitimate_tr_TR,test,15,,7599,0.49122807017543857,0.3703703703703704,0.48888888888888893,0.2,1.0,0.0,0.0,0.24428571428571427,0.0,0.57,0.0,1.0,1.0
0,-1,legitimate_id_ID,test,15,,17555,0.855,0.46511627906976744,0.6060606060606061,0.5,1.0,0.0,0.0,0.0,0.0,0.4149425287356322,0.0,0.0,0.0
0,-1,legitimate_en_US,test,15,,11442,0.7916666666666667,0.8333333333333333,0.7058823529411764,0.5,1.0,0.0,0.0,0.19047619047619047,0.0,0.3829787234042554,0.0,1.0,1.0
0,-1,legitimate_en_GB,test,15,,10732,0.6045454545454545,0.6363636363636364,0.4705882352941176,0.5,1.0,0.0,0.0,0.0,0.0,0.57,0.0,0.0,0.0
0,-1,legitimate_es_ES,test,15,,14090,0.4809375,0.339622641509434,0.5,0.3333333333333333,1.0,0.0,0.0,0.0,0.0,0.855,0.0,0.0,0.0
0,-1,legitimate_fr_FR,test,15,,334,0.6218181818181818,0.29090909090909095,0.6363636363636364,0.0,1.0,0.0,0.0,0.0,0.0,0.4470588235294118,0.0,0.0,1.0
0,-1,legitimate_de_DE,test,15,,10611,0.4788,0.4,0.5217391304347826,0.0,1.0,0.0,0.0,0.0,0.0,0.2620689655172414,0.0,0.0,1.0
0,-1,legitimate_it_IT,test,15,,6995,0.608,0.64,0.5555555555555556,0.5,1.0,0.0,0.0,0.0,0.0,0.57,0.0,0.0,0.0
0,-1,legitimate_pt_BR,test,15,,5040,0.855,0.782608695652174,0.782608695652174,0.5,1.0,0.0,0.0,0.4864864864864865,0.0,0.3976744186046512,0.0,1.0,0.0
0,-1,legitimate_ru_RU,test,15,,11359,0.6428571428571428,0.5714285714285715,0.6938775510204082,0.6666666666666666,1.0,0.0,0.0,0.0,0.0,0.40714285714285714,0.0,1.0,1.0
0,-1,legitimate_uk_UA,test,15,,4084,0.855,0.52,0.6470588235294117,0.6666666666666666,1.0,0.0,0.0,0.288,0.0,0.3116883116883117,0.0,1.0,1.0
0,-1,legitimate_ar_EG,test,15,,1901,0.5142857142857142,0.37209302325581395,0.5714285714285714,0.5,1.0,0.0,0.0,0.0,0.0,0.3705882352941176,0.0,0.0,0.0
0,-1,legitimate_fa_IR,test,15,,16385,0.855,0.36363636363636365,0.4,0.5,1.0,0.0,0.0,0.0,0.0,0.33645833333333336,0.0,0.0,1.0
0,-1,legitimate_hi_IN,test,15,,13966,0.5142857142857142,0.42857142857142855,0.5714285714285714,0.0,1.0,0.0,0.0,0.0,0.0,0.2,0.0,1.0,0.0
0,-1,legitimate_zh_CN,test,15,,3907,0.748125,0.8235294117647058,0.6666666666666667,1.0,1.0,0.0,0.0,0.0,0.0,0.57,0.0,1.0,0.0
0,-1,legitimate_ja_JP,test,15,,847,0.855,0.36363636363636365,0.5,0.25,1.0,0.0,0.0,0.54,0.0,0.5029411764705882,0.0,1.0,1.0
0,-1,legitimate_ko_KR,test,15,,303,0.7714285714285716,0.5454545454545454,0.8571428571428572,0.0,1.0,0.0,0.0,0.0,0.0,0.57,0.0,0.0,1.0
0,-1,legitimate_tr_TR,test,15,,2009,0.4615384615384615,0.4615384615384615,0.6,0.0,1.0,0.0,0.0,0.0,0.0,0.57,0.0,0.0,0.0
0,-1,legitimate_id_ID,test,15,,1995,0.49090909090909085,0.4516129032258065,0.5454545454545454,0.0,1.0,0.0,0.0,0.6000000000000001,0.0,0.2,0.0,1.0,1.0
0,-1,legitimate_en_US,test,15,,5805,0.5760000000000001,0.5128205128205129,0.64,0.0,1.0,0.0,0.0,0.0,0.0,0.57,0.0,0.0,1.0
0,-1,legitimate_en_GB,test,15,,3002,0.855,0.5882352941176471,0.6666666666666667,0.5,1.0,0.0,0.0,0.4153846153846154,0.0,0.57,0.0,1.0,1.0
0,-1,legitimate_es_ES,test,15,,99,0.855,0.4,0.6341463414634146,0.3333333333333333,1.0,0.0,0.0,0.0,0.0,0.24,0.0,0.0,1.0
0,-1,legitimate_fr_FR,test,15,,8531,0.5878125,0.45833333333333337,0.625,0.5,1.0,0.0,0.0,0.0,0.0,0.2,0.0,1.0,0.0
0,-1,legitimate_de_DE,test,15,,2989,0.5225806451612902,0.4,0.5806451612903225,0.0,1.0,0.0,0.0,0.0,0.0,0.3619047619047619,0.0,0.0,1.0
0,-1,legitimate_it_IT,test,15,,5710,0.648,0.4390243902439025,0.72,0.5,1.0,0.0,0.0,0.0,0.0,0.228,0.0,1.0,0.0
0,-1,legitimate_pt_BR,test,15,,586,0.5428571428571428,0.5714285714285715,0.625,0.0,1.0,0.0,0.0,0.0,0.0,0.3629213483146067,0.0,0.0,1.0
0,-1,legitimate_ru_RU,test,15,,10616,0.61875,0.5652173913043478,0.6875,0.3333333333333333,1.0,0.0,0.0,0.0,0.0,0.34883720930232553,0.0,0.0,1.0
0,-1,legitimate_uk_UA,test,15,,14182,0.544090909090909,0.4666666666666666,0.4705882352941176,0.0,1.0,0.0,0.0,0.0,0.0,0.34545454545454546,0.0,0.0,1.0
0,-1,legitimate_ar_EG,test,15,,5250,0.675,0.5333333333333333,0.75,0.5,1.0,0.0,0.0,0.0,0.0,0.57,0.0,0.0,0.0
0,-1,legitimate_fa_IR,test,15,,579,0.4545454545454546,0.45454545454545453,0.5333333333333333,0.5,1.0,0.0,0.0,0.33333333333333337,0.0,0.57,0.0,1.0,1.0
0,-1,legitimate_hi_IN,test,15,,8749,0.855,0.4375,0.5714285714285714,0.5,1.0,0.0,0.0,0.0,0.0,0.2902777777777778,0.0,0.0,0.0
0,-1,legitimate_zh_CN,test,15,,847,0.855,0.6923076923076923,0.7777777777777779,1.0,1.0,0.0,0.0,0.45,0.0,0.4663636363636363,0.0,1.0,1.0
0,-1,legitimate_ja_JP,test,15,,6695,0.855,0.4,0.7142857142857143,0.5,1.0,0.0,0.0,0.0,0.0,0.513,0.0,0.0,0.0
0,-1,legitimate_ko_KR,test,15,,7548,0.7714285714285716,0.4,0.8571428571428572,0.0,1.0,0.0,0.0,0.0,0.0,0.342,0.0,1.0,1.0
0,-1,legitimate_tr_TR,test,15,,1257,0.855,0.4782608695652174,0.5714285714285714,0.3333333333333333,1.0,0.0,0.0,0.45,0.0,0.3139130434782608,0.0,1.0,0.0
0,-1,legitimate_id_ID,test,15,,2760,0.855,0.3578947368421052,0.4897959183673469,0.2,1.0,0.0,0.0,0.0,0.0,0.57,0.0,0.0,1.0
0,-1,legitimate_en_US,test,15,,13718,0.855,0.6153846153846154,0.7142857142857143,0.5,1.0,0.0,0.0,0.0,0.0,0.3711340206185567,0.0,0.0,0.0
0,-1,legitimate_en_GB,test,15,,4592,0.6631578947368422,0.411764705882353,0.736842105263158,0.5,1.0,0.0,0.0,0.0,0.0,0.855,0.0,0.0,1.0
0,-1,legitimate_es_ES,test,15,,648,0.5384615384615384,0.5517241379310345,0.6829268292682926,0.3333333333333333,1.0,0.0,0.0,0.0,0.0,0.57,0.0,1.0,0.0
0,-1,legitimate_fr_FR,test,15,,18177,0.855,0.9,0.9,0.5,1.0,0.0,0.0,0.0,0.0,0.57,0.0,0.0,0.0
0,-1,legitimate_de_DE,test,15,,1240,0.675,0.19354838709677424,0.75,0.0,1.0,0.0,0.0,0.0,0.0,0.30000000000000004,0.0,0.0,1.0
0,-1,legitimate_it_IT,test,15,,183,0.5684210526315789,0.5,0.631578947368421,0.0,1.0,0.0,0.0,0.0,0.0,0.30508474576271183,0.0,0.0,1.0
0,-1,legitimate_pt_BR,test,15,,1436,0.855,0.5882352941176471,0.6666666666666667,0.5,1.0,0.0,0.0,0.41081081081081083,0.0,0.855,0.0,1.0,1.0
0,-1,legitimate_ru_RU,test,15,,8537,0.6729166666666666,0.7083333333333333,0.65,0.6666666666666666,1.0,0.0,0.0,0.0,0.0,0.57,0.0,1.0,0.0
0,-1,legitimate_uk_UA,test,15,,9886,0.6600000000000001,0.625,0.7333333333333334,0.3333333333333333,1.0,0.0,0.0,0.34285714285714286,0.0,0.3375,0.0,1.0,0.0
0,-1,legitimate_ar_EG,test,15,,12795,0.855,0.6666666666666665,0.8,0.5,1.0,0.0,0.0,0.0,0.0,0.28901408450704225,0.0,0.0,0.0
0,-1,legitimate_fa_IR,test,15,,3748,0.855,0.33333333333333326,0.4705882352941176,0.5,1.0,0.0,0.0,0.0,0.0,0.33835616438356164,0.0,0.0,1.0
0,-1,legitimate_hi_IN,test,15,,17655,0.41666666666666663,0.41666666666666663,0.4651162790697675,0.3333333333333333,1.0,0.0,0.0,0.0,0.0,0.31034482758620696,0.0,0.0,0.0
0,-1,legitimate_zh_CN,test,15,,6109,0.855,0.6666666666666665,0.625,0.5,1.0,0.0,0.0,0.0,0.0,0.38095238095238093,0.0,0.0,1.0
0,-1,legitimate_ja_JP,test,15,,2757,0.855,0.56,0.75,0.25,1.0,0.0,0.0,0.5629629629629629,0.0,0.2,0.0,1.0,1.0
0,-1,legitimate_ko_KR,test,15,,2503,0.6666666666666667,0.5833333333333334,0.631578947368421,0.0,1.0,0.0,0.0,0.0,0.0,0.2,0.0,1.0,1.0
0,-1,legitimate_tr_TR,test,15,,14564,0.4375,0.4375,0.5714285714285714,0.0,1.0,0.0,0.0,0.0,0.0,0.3217741935483871,0.0,0.0,1.0
0,-1,legitimate_id_ID,test,15,,7287,0.5648648648648649,0.5945945945945946,0.5625,0.0,1.0,0.0,0.0,0.0,0.0,0.405,0.0,1.0,0.0
0,-1,legitimate_en_US,test,15,,18278,0.855,0.6923076923076923,0.7647058823529411,0.5,1.0,0.0,0.0,0.0,0.0,0.57,0.0,1.0,1.0
0,-1,legitimate_en_GB,test,15,,7452,0.8,0.5517241379310345,0.8888888888888888,0.0,1.0,0.0,0.0,0.0,0.0,0.2,0.0,1.0,1.0
0,-1,legitimate_es_ES,test,15,,2159,0.855,0.4210526315789474,0.6,0.3333333333333333,0.5,0.0,0.0,0.0,0.0,0.3477272727272727,0.0,0.0,1.0
0,-1,legitimate_fr_FR,test,15,,1697,0.855,0.6666666666666665,0.6666666666666667,0.5,1.0,0.0,0.0,0.4023529411764706,0.0,0.57,0.0,1.0,1.0
0,-1,legitimate_de_DE,test,15,,4551,0.4130434782608695,0.43478260869565216,0.48484848484848486,0.0,1.0,0.0,0.0,0.3176470588235294,0.0,0.4,0.0,1.0,0.0
0,-1,legitimate_it_IT,test,15,,5799,0.4666666666666668,0.4878048780487805,0.5185185185185186,0.0,1.0,0.0,0.0,0.0,0.0,0.4,0.0,1.0,1.0
0,-1,legitimate_pt_BR,test,15,,122,0.855,0.631578947368421,0.6153846153846154,0.25,1.0,0.0,0.0,0.5,0.0,0.57,0.0,1.0,1.0
0,-1,legitimate_ru_RU,test,15,,8507,0.6459999999999999,0.68,0.6808510638297872,0.25,1.0,0.0,0.0,0.0,0.0,0.57,0.0,1.0,0.0
0,-1,legitimate_uk_UA,test,15,,4639,0.6666666666666667,0.6666666666666665,0.7346938775510203,0.3333333333333333,1.0,0.0,0.0,0.0,0.0,0.27586206896551724,0.0,1.0,1.0
0,-1,legitimate_ar_EG,test,15,,14066,0.6576923076923076,0.5263157894736842,0.7142857142857143,0.5,1.0,0.0,0.0,0.0,0.0,0.2,0.0,0.0,0.0
0,-1,legitimate_fa_IR,test,15,,9564,0.855,0.33333333333333326,0.4615384615384615,0.3333333333333333,1.0,0.0,0.0,0.0,0.0,0.3521739130434782,0.0,0.0,0.0
0,-1,legitimate_hi_IN,test,15,,102,0.5538461538461539,0.4,0.6153846153846154,0.0,1.0,0.0,0.0,0.0,0.0,0.57,0.0,0.0,1.0
0,-1,legitimate_zh_CN,test,15,,4216,0.76,0.8,0.8235294117647058,1.0,1.0,0.0,0.0,0.0,0.0,0.5142857142857142,0.0,1.0,1.0
0,-1,legitimate_ja_JP,test,15,,17905,0.855,0.625,0.5882352941176471,0.5,1.0,0.0,0.0,0.48857142857142855,0.0,0.391304347826087,0.0,1.0,1.0
0,-1,legitimate_ko_KR,test,15,,303,0.7714285714285716,0.4615384615384615,0.8571428571428572,0.0,1.0,0.0,0.0,0.0,0.0,0.2,0.0,0.0,1.0
0,-1,legitimate_tr_TR,test,15,,4099,0.6000000000000001,0.4102564102564103,0.6666666666666667,0.0,1.0,0.0,0.0,0.0,0.0,0.3980952380952381,0.0,0.0,1.0
0,-1,legitimate_id_ID,test,15,,322,0.855,0.4210526315789474,0.5384615384615384,0.25,1.0,0.0,0.0,0.0,0.0,0.39583333333333326,0.0,0.0,1.0
0,-1,legitimate_en_US,test,15,,3964,0.855,0.6666666666666665,0.7142857142857143,0.5,1.0,0.0,0.0,0.3448275862068966,0.0,0.3,0.0,1.0,1.0
0,-1,legitimate_en_GB,test,15,,12804,0.855,0.5714285714285715,0.736842105263158,0.5,1.0,0.0,0.0,0.0,0.0,0.4,0.0,1.0,0.0
0,-1,legitimate_es_ES,test,15,,18667,0.5909090909090908,0.6153846153846154,0.6666666666666667,0.3333333333333333,1.0,0.0,0.0,0.5261538461538461,0.0,0.4,0.0,1.0,0.0
0,-1,legitimate_fr_FR,test,15,,18148,0.61875,0.45833333333333337,0.6875,0.5,1.0,0.0,0.0,0.36,0.0,0.4153846153846154,0.0,1.0,0.0
0,-1,legitimate_de_DE,test,15,,1093,0.6000000000000001,0.24,0.6666666666666667,0.0,1.0,0.0,0.0,0.0,0.0,0.3946153846153846,0.0,0.0,1.0
0,-1,legitimate_it_IT,test,15,,5585,0.6206896551724139,0.41379310344827586,0.6896551724137931,0.5,1.0,0.0,0.0,0.0,0.0,0.57,0.0,0.0,0.0
0,-1,legitimate_pt_BR,test,15,,88,0.5625,0.42857142857142855,0.625,0.0,1.0,0.0,0.0,0.0,0.0,0.57,0.0,0.0,1.0
0,-1,legitimate_ru_RU,test,15,,2880,0.6979591836734694,0.7346938775510204,0.7027027027027026,0.3333333333333333,1.0,0.0,0.0,0.4666666666666668,0.0,0.24,0.0,1.0,0.0
0,-1,legitimate_uk_UA,test,15,,10175,0.8142857142857143,0.8571428571428571,0.6428571428571428,0.0,1.0,0.0,0.0,0.48,0.0,0.285,0.0,1.0,1.0
0,-1,legitimate_ar_EG,test,15,,18275,0.855,0.5116279069767442,0.5714285714285714,0.3333333333333333,1.0,0.0,0.0,0.0,0.0,0.3857142857142858,0.0,1.0,0.0
0,-1,legitimate_fa_IR,test,15,,6288,0.6363636363636364,0.5454545454545454,0.7,0.5,1.0,0.0,0.0,0.36,0.0,0.3375,0.0,1.0,1.0
0,-1,legitimate_hi_IN,test,15,,18485,0.5478260869565218,0.45454545454545453,0.6086956521739131,1.0,1.0,0.0,0.0,0.320625,0.0,0.57,0.0,1.0,1.0
0,-1,legitimate_zh_CN,test,15,,18731,0.855,0.7058823529411765,0.9090909090909091,0.5,1.0,0.0,0.0,0.41666666666666663,0.0,0.57,0.0,1.0,0.0
0,-1,legitimate_ja_JP,test,15,,7806,0.7206896551724137,0.7586206896551724,0.6956521739130435,0.25,1.0,0.0,0.0,0.0,0.0,0.57,0.0,0.0,0.0
0,-1,legitimate_ko_KR,test,15,,5112,0.5399999999999999,0.4615384615384615,0.5714285714285714,0.0,1.0,0.0,0.0,0.0,0.0,0.2,0.0,1.0,1.0
0,-1,legitimate_tr_TR,test,15,,89,0.72,0.16,0.8,0.0,1.0,0.0,0.0,0.0,0.0,0.2,0.0,0.0,1.0
0,-1,legitimate_id_ID,test,15,,18321,0.6230769230769231,0.4390243902439025,0.6923076923076923,0.0,1.0,0.0,0.0,0.0,0.0,0.34054054054054056,0.0,0.0,1.0
0,-1,legitimate_en_US,test,15,,16720,0.855,0.5714285714285715,0.6,0.5,1.0,0.0,0.0,0.19047619047619047,0.0,0.57,0.0,1.0,0.0
0,-1,legitimate_en_GB,test,15,,3250,0.855,0.72,0.75,0.5,1.0,0.0,0.0,0.36,0.0,0.2,0.0,1.0,0.0
0,-1,legitimate_es_ES,test,15,,12114,0.49500000000000005,0.3939393939393939,0.55,0.0,1.0,0.0,0.0,0.0,0.0,0.855,0.0,0.0,0.0
0,-1,legitimate_fr_FR,test,15,,9623,0.675,0.3703703703703704,0.75,0.5,1.0,0.0,0.0,0.0,0.0,0.33835616438356164,0.0,0.0,0.0
0,-1,legitimate_de_DE,test,15,,15182,0.855,0.5555555555555556,0.5384615384615384,0.5,1.0,0.0,0.0,0.36,0.0,0.4,0.0,1.0,0.0
0,-1,legitimate_it_IT,test,15,,6981,0.5294117647058824,0.4444444444444444,0.5882352941176471,0.5,1.0,0.0,0.0,0.0,0.0,0.855,0.0,0.0,1.0
0,-1,legitimate_pt_BR,test,15,,3533,0.855,0.5,0.6666666666666667,0.3333333333333333,1.0,0.0,0.0,0.36774193548387096,0.0,0.57,0.0,1.0,0.0
0,-1,legitimate_ru_RU,test,15,,7251,0.7058823529411764,0.5490196078431372,0.6666666666666667,0.0,1.0,0.0,0.0,0.45,0.0,0.4149425287356322,0.0,1.0,0.0
0,-1,legitimate_uk_UA,test,15,,5491,0.6000000000000001,0.5555555555555556,0.6666666666666667,0.0,1.0,0.0,0.0,0.475,0.0,0.3,0.0,1.0,0.0
0,-1,legitimate_ar_EG,test,15,,847,0.5384615384615384,0.4615384615384615,0.5833333333333333,0.0,1.0,0.0,0.0,0.30000000000000004,0.0,0.4090909090909091,0.0,1.0,1.0
0,-1,legitimate_fa_IR,test,15,,10222,0.5142857142857142,0.45714285714285713,0.5714285714285714,0.2,1.0,0.0,0.0,0.0,0.0,0.5142857142857142,0.0,1.0,0.0
0,-1,legitimate_hi_IN,test,15,,519,0.48,0.32558139534883723,0.5333333333333333,0.5,1.0,0.0,0.0,0.6000000000000001,0.0,0.57,0.0,1.0,0.0
0,-1,legitimate_zh_CN,test,15,,18896,0.6000000000000001,0.6666666666666665,0.6666666666666667,0.5,1.0,0.0,0.0,0.0,0.0,0.49090909090909085,0.0,1.0,0.0
0,-1,legitimate_ja_JP,test,15,,1970,0.675,0.43478260869565216,0.75,0.3333333333333333,1.0,0.0,0.0,0.4090909090909091,0.0,0.2,0.0,1.0,1.0
0,-1,legitimate_ko_KR,test,15,,17971,0.6428571428571429,0.3571428571428571,0.7142857142857143,1.0,1.0,0.0,0.0,0.0,0.0,0.49090909090909085,0.0,0.0,0.0
0,-1,legitimate_tr_TR,test,15,,11831,0.6000000000000001,0.5333333333333333,0.6666666666666667,0.6666666666666666,1.0,0.0,0.0,0.0,0.0,0.36363636363636365,0.0,0.0,1.0
0,-1,legitimate_id_ID,test,15,,1802,0.6666666666666667,0.6666666666666665,0.7333333333333334,0.3333333333333333,1.0,0.0,0.0,0.0,0.0,0.3296703296703297,0.0,0.0,1.0
0,-1,legitimate_en_US,test,15,,1462,0.855,0.6086956521739131,0.625,0.3333333333333333,1.0,0.0,0.0,0.1428571428571429,0.0,0.57,0.0,1.0,0.0
0,-1,legitimate_en_GB,test,15,,1957,0.6111111111111112,0.6111111111111112,0.6,0.0,1.0,0.0,0.0,0.0,0.0,0.2,0.0,1.0,0.0
0,-1,legitimate_es_ES,test,15,,9356,0.5853658536585367,0.5365853658536586,0.6666666666666667,0.3333333333333333,1.0,0.0,0.0,0.16666666666666663,0.0,0.3697478991596639,0.0,1.0,0.0
0,-1,legitimate_fr_FR,test,15,,2573,0.855,0.8181818181818181,0.8461538461538461,0.5,1.0,0.0,0.0,0.37173913043478257,0.0,0.855,0.0,1.0,0.0
0,-1,legitimate_de_DE,test,15,,565,0.675,0.26086956521739124,0.75,0.0,1.0,0.0,0.0,0.0,0.0,0.31153846153846154,0.0,0.0,1.0
0,-1,legitimate_it_IT,test,15,,8672,0.5,0.5,0.5714285714285714,0.0,1.0,0.0,0.0,0.0,0.0,0.57,0.0,1.0,0.0
0,-1,legitimate_pt_BR,test,15,,270,0.5263157894736843,0.5263157894736842,0.6,0.3333333333333333,1.0,0.0,0.0,0.2571428571428571,0.0,0.342,0.0,1.0,0.0
0,-1,legitimate_ru_RU,test,15,,2087,0.6430769230769231,0.676923076923077,0.6382978723404256,0.3333333333333333,1.0,0.0,0.0,0.45,0.0,0.40303030303030296,0.0,1.0,0.0
0,-1,legitimate_uk_UA,test,15,,18115,0.6487804878048781,0.6829268292682927,0.7272727272727273,0.3333333333333333,1.0,0.0,0.0,0.0,0.0,0.57,0.0,1.0,0.0
0,-1,legitimate_ar_EG,test,15,,5898,0.675,0.4,0.75,0.5,1.0,0.0,0.0,0.0,0.0,0.57,0.0,0.0,0.0
0,-1,legitimate_fa_IR,test,15,,8749,0.45,0.33333333333333326,0.5,0.0,1.0,0.0,0.0,0.0,0.0,0.27586206896551724,0.0,0.0,0.0
0,-1,legitimate_hi_IN,test,15,,14486,0.4523809523809524,0.4761904761904762,0.48484848484848486,0.3333333333333333,1.0,0.0,0.0,0.0,0.0,0.25396825396825395,0.0,0.0,1.0
0,-1,legitimate_zh_CN,test,15,,6262,0.7272727272727273,0.5454545454545454,0.8,0.3333333333333333,1.0,0.0,0.0,0.0,0.0,0.57,0.0,1.0,0.0
0,-1,legitimate_ja_JP,test,15,,14386,0.855,0.40909090909090906,0.5,0.3333333333333333,1.0,0.0,0.0,0.0,0.0,0.3728813559322034,0.0,0.0,0.0
0,-1,legitimate_ko_KR,test,15,,4373,0.5294117647058824,0.3571428571428571,0.5882352941176471,1.0,1.0,0.0,0.0,0.0,0.0,0.57,0.0,0.0,0.0
0,-1,legitimate_tr_TR,test,15,,12561,0.45,0.4225352112676056,0.5,0.0,1.0,0.0,0.0,0.0,0.0,0.36323529411764705,0.0,0.0,1.0
0,-1,legitimate_id_ID,test,15,,17954,0.5586206896551724,0.5641025641025641,0.6206896551724138,0.0,1.0,0.0,0.0,0.25,0.0,0.2,0.0,1.0,0.0
0,-1,legitimate_en_US,test,15,,9828,0.855,0.6666666666666665,0.7,0.5,1.0,0.0,0.0,0.2702702702702703,0.0,0.2,0.0,1.0,0.0
0,-1,legitimate_en_GB,test,15,,18517,0.5000000000000001,0.5263157894736842,0.5161290322580645,0.3333333333333333,1.0,0.0,0.0,0.0,0.0,0.3477272727272727,0.0,0.0,1.0
0,-1,legitimate_es_ES,test,15,,2526,0.81,0.5454545454545454,0.9,0.3333333333333333,1.0,0.0,0.0,0.0,0.0,0.39480519480519477,0.0,0.0,1.0
0,-1,legitimate_fr_FR,test,15,,18840,0.855,0.48484848484848486,0.48,0.5,1.0,0.0,0.0,0.0,0.0,0.49090909090909085,0.0,1.0,0.0
0,-1,legitimate_de_DE,test,15,,14260,0.6035294117647058,0.4375,0.5882352941176471,0.3333333333333333,1.0,0.0,0.0,0.0,0.0,0.2,0.0,0.0,1.0
0,-1,legitimate_it_IT,test,15,,2522,0.5714285714285714,0.3428571428571429,0.6,0.5,1.0,0.0,0.0,0.54,0.0,0.35999999999999993,0.0,1.0,0.0
0,-1,legitimate_pt_BR,test,15,,1541,0.855,0.5,0.6428571428571428,0.3333333333333333,1.0,0.0,0.0,0.5142857142857142,0.0,0.57,0.0,1.0,0.0
0,-1,legitimate_ru_RU,test,15,,8502,0.5152542372881356,0.5423728813559322,0.4324324324324324,0.3333333333333333,1.0,0.0,0.0,0.0,0.0,0.57,0.0,1.0,0.0
0,-1,legitimate_uk_UA,test,15,,14396,0.6545454545454547,0.5,0.7272727272727273,0.0,1.0,0.0,0.0,0.0,0.0,0.30000000000000004,0.0,1.0,0.0
0,-1,legitimate_ar_EG,test,15,,5679,0.855,0.6,0.5925925925925926,0.5,1.0,0.0,0.0,0.38,0.0,0.57,0.0,1.0,0.0
0,-1,legitimate_fa_IR,test,15,,13641,0.855,0.36363636363636365,0.4444444444444444,0.2,1.0,0.0,0.0,0.0,0.0,0.26307692307692304,0.0,1.0,1.0
0,-1,legitimate_hi_IN,test,15,,10059,0.6000000000000001,0.56,0.6666666666666667,0.0,1.0,0.0,0.0,0.0,0.0,0.2620689655172414,0.0,0.0,0.0
0,-1,legitimate_zh_CN,test,15,,18004,0.855,0.6666666666666665,0.6666666666666667,0.5,1.0,0.0,0.0,0.0,0.0,0.35905511811023616,0.0,0.0,0.0
0,-1,legitimate_ja_JP,test,15,,603,0.855,0.44,0.5625,0.3333333333333333,1.0,0.0,0.0,0.27,0.0,0.391304347826087,0.0,1.0,1.0
0,-1,legitimate_ko_KR,test,15,,9581,0.4663636363636363,0.3076923076923077,0.4285714285714286,1.0,1.0,0.0,0.0,0.0,0.0,0.33529411764705885,0.0,0.0,1.0
0,-1,legitimate_tr_TR,test,15,,1550,0.6352941176470588,0.48,0.7058823529411764,0.5,1.0,0.0,0.0,0.32432432432432434,0.0,0.57,0.0,1.0,1.0
0,-1,legitimate_id_ID,test,15,,572,0.6333333333333332,0.6666666666666665,0.6666666666666667,0.3333333333333333,1.0,0.0,0.0,0.2,0.0,0.57,0.0,1.0,1.0
0,-1,legitimate_en_US,test,15,,5957,0.855,0.7272727272727272,0.7857142857142857,0.5,1.0,0.0,0.0,0.0,0.0,0.4,0.0,0.0,0.0
0,-1,legitimate_en_GB,test,15,,1856,0.5333333333333333,0.4390243902439025,0.5925925925925926,0.5,1.0,0.0,0.0,0.0,0.0,0.3377777777777778,0.0,0.0,0.0
0,-1,legitimate_es_ES,test,15,,3039,0.6,0.56,0.6521739130434783,0.0,1.0,0.0,0.0,0.36,0.0,0.2,0.0,1.0,0.0
0,-1,legitimate_fr_FR,test,15,,123,0.855,0.5555555555555556,0.6428571428571428,0.3333333333333333,1.0,0.0,0.0,0.36,0.0,0.2,0.0,1.0,0.0
0,-1,legitimate_de_DE,test,15,,6998,0.5333333333333333,0.5333333333333333,0.5833333333333333,0.0,1.0,0.0,0.0,0.0,0.0,0.3789473684210526,0.0,0.0,1.0
0,-1,legitimate_it_IT,test,15,,10935,0.855,0.6363636363636364,0.6896551724137931,0.5,1.0,0.0,0.0,0.36363636363636365,0.0,0.57,0.0,1.0,0.0
0,-1,legitimate_pt_BR,test,15,,7016,0.855,0.37142857142857144,0.48275862068965514,0.3333333333333333,1.0,0.0,0.0,0.0,0.0,0.3653846153846153,0.0,0.0,1.0
0,-1,legitimate_ru_RU,test,15,,9162,0.7241379310344827,0.6551724137931035,0.7407407407407408,0.3333333333333333,1.0,0.0,0.0,0.0,0.0,0.57,0.0,1.0,0.0
0,-1,legitimate_uk_UA,test,15,,3193,0.5399999999999999,0.5416666666666666,0.5625,0.5,1.0,0.0,0.0,0.33333333333333337,0.0,0.57,0.0,1.0,0.0
0,-1,legitimate_ar_EG,test,15,,13681,0.6000000000000001,0.5161290322580645,0.6666666666666667,0.0,1.0,0.0,0.0,0.32758620689655177,0.0,0.57,0.0,1.0,0.0
0,-1,legitimate_fa_IR,test,15,,16385,0.855,0.3703703703703704,0.4,0.5,1.0,0.0,0.0,0.0,0.0,0.35999999999999993,0.0,0.0,1.0
0,-1,legitimate_hi_IN,test,15,,2032,0.5294117647058824,0.48275862068965514,0.5882352941176471,0.5,1.0,0.0,0.0,0.0,0.0,0.3506493506493507,0.0,0.0,1.0
0,-1,legitimate_zh_CN,test,15,,1331,0.7692307692307692,0.6666666666666665,0.8181818181818181,1.0,1.0,0.0,0.0,0.0,0.0,0.4112149532710281,0.0,1.0,1.0
0,-1,legitimate_ja_JP,test,15,,4707,0.5789473684210527,0.4736842105263158,0.6666666666666667,0.5,1.0,0.0,0.0,0.0,0.0,0.4553719008264463,0.0,0.0,1.0
0,-1,legitimate_ko_KR,test,15,,4620,0.631578947368421,0.631578947368421,0.75,0.0,1.0,0.0,0.0,0.0,0.0,0.57,0.0,0.0,0.0
0,-1,legitimate_tr_TR,test,15,,18595,0.855,0.625,0.631578947368421,0.5,1.0,0.0,0.0,0.0,0.0,0.4,0.0,0.0,0.0
0,-1,legitimate_id_ID,test,15,,15683,0.5684210526315789,0.368421052631579,0.631578947368421,0.5,1.0,0.0,0.0,0.36,0.0,0.57,0.0,1.0,0.0
0,-1,legitimate_en_US,test,15,,3964,0.855,0.6666666666666665,0.7142857142857143,0.5,1.0,0.0,0.0,0.2222222222222222,0.0,0.30000000000000004,0.0,1.0,1.0
0,-1,legitimate_en_GB,test,15,,2624,0.675,0.35294117647058826,0.75,0.5,1.0,0.0,0.0,0.0,0.0,0.45,0.0,0.0,1.0
0,-1,legitimate_es_ES,test,15,,5084,0.54,0.5384615384615384,0.6,0.0,1.0,0.0,0.0,0.0,0.0,0.57,0.0,1.0,1.0
0,-1,legitimate_fr_FR,test,15,,11179,0.855,0.6666666666666665,0.7857142857142857,0.5,1.0,0.0,0.0,0.38863636363636367,0.0,0.45,0.0,1.0,0.0
0,-1,legitimate_de_DE,test,15,,3247,0.855,0.5454545454545454,0.5454545454545454,0.3333333333333333,1.0,0.0,0.0,0.0,0.0,0.3093023255813953,0.0,0.0,0.0
0,-1,legitimate_it_IT,test,15,,4446,0.54,0.48275862068965514,0.6,0.0,1.0,0.0,0.0,0.0,0.0,0.57,0.0,0.0,0.0
0,-1,legitimate_pt_BR,test,15,,3572,0.5760000000000001,0.4324324324324324,0.64,0.0,1.0,0.0,0.0,0.0,0.0,0.57,0.0,1.0,0.0
0,-1,legitimate_ru_RU,test,15,,8511,0.6666666666666667,0.6666666666666665,0.7083333333333333,0.6666666666666666,1.0,0.0,0.0,0.0,0.0,0.228,0.0,1.0,0.0
0,-1,legitimate_uk_UA,test,15,,9451,0.5384615384615384,0.5384615384615384,0.631578947368421,0.5,1.0,0.0,0.0,0.0,0.0,0.57,0.0,1.0,0.0
0,-1,legitimate_ar_EG,test,15,,3166,0.5985,0.40816326530612246,0.625,0.5,1.0,0.0,0.0,0.0,0.0,0.57,0.0,0.0,1.0
0,-1,legitimate_fa_IR,test,15,,5281,0.4705882352941176,0.35294117647058826,0.5714285714285714,0.0,1.0,0.0,0.0,0.0,0.0,0.32153846153846155,0.0,0.0,0.0
0,-1,legitimate_hi_IN,test,15,,2935,0.504,0.358974358974359,0.56,0.3333333333333333,1.0,0.0,0.0,0.0,0.0,0.57,0.0,0.0,1.0
0,-1,legitimate_zh_CN,test,15,,14094,0.8888888888888888,0.8888888888888888,0.8888888888888888,0.5,1.0,0.0,0.0,0.0,0.0,0.54,0.0,1.0,0.0
0,-1,legitimate_ja_JP,test,15,,3670,0.855,0.6666666666666665,0.625,0.3333333333333333,1.0,0.0,0.0,0.0,0.0,0.2,0.0,0.0,0.0
0,-1,legitimate_ko_KR,test,15,,4328,0.4275,0.38095238095238093,0.4,0.0,1.0,0.0,0.0,0.0,0.0,0.57,0.0,1.0,1.0
0,-1,legitimate_tr_TR,test,15,,7622,0.4545454545454546,0.45454545454545453,0.4705882352941176,0.0,1.0,0.0,0.0,0.0,0.0,0.36144578313253023,0.0,0.0,1.0
0,-1,legitimate_id_ID,test,15,,2104,0.5294117647058824,0.5294117647058824,0.5384615384615384,0.0,1.0,0.0,0.0,0.0,0.0,0.855,0.0,0.0,1.0
0,-1,legitimate_en_US,test,15,,4148,0.6705882352941177,0.7058823529411765,0.7058823529411764,0.5,1.0,0.0,0.0,0.36363636363636365,0.0,0.36642857142857144,0.0,1.0,0.0
0,-1,legitimate_en_GB,test,15,,3297,0.855,0.5882352941176471,0.7222222222222221,0.3333333333333333,1.0,0.0,0.0,0.225,0.0,0.3012195121951219,0.0,1.0,1.0
0,-1,legitimate_es_ES,test,15,,5783,0.5767857142857143,0.6071428571428572,0.5217391304347826,0.3333333333333333,1.0,0.0,0.0,0.0,0.0,0.37241379310344835,0.0,1.0,0.0
0,-1,legitimate_fr_FR,test,15,,564,0.855,0.2894736842105263,0.4444444444444444,0.3333333333333333,1.0,0.0,0.0,0.0,0.0,0.855,0.0,0.0,1.0
0,-1,legitimate_de_DE,test,15,,4531,0.5785714285714285,0.37209302325581395,0.6428571428571428,0.5,1.0,0.0,0.0,0.40303030303030296,0.0,0.57,0.0,1.0,1.0
0,-1,legitimate_it_IT,test,15,,15009,0.5,0.5,0.5555555555555556,0.5,1.0,0.0,0.0,0.0,0.0,0.35764705882352943,0.0,0.0,1.0
0,-1,legitimate_pt_BR,test,15,,15861,0.855,0.43478260869565216,0.6666666666666667,0.3333333333333333,1.0,0.0,0.0,0.0,0.0,0.36972972972972973,0.0,0.0,1.0
0,-1,legitimate_ru_RU,test,15,,9673,0.7037037037037037,0.5555555555555556,0.8085106382978724,0.2,1.0,0.0,0.0,0.36642857142857144,0.0,0.6,0.0,1.0,0.0
0,-1,legitimate_uk_UA,test,15,,4107,0.5714285714285714,0.5142857142857143,0.5517241379310345,0.0,1.0,0.0,0.0,0.0,0.0,0.3325,0.0,0.0,1.0
0,-1,legitimate_ar_EG,test,15,,18278,0.855,0.5714285714285715,0.6666666666666667,0.5,1.0,0.0,0.0,0.0,0.0,0.57,0.0,1.0,0.0
0,-1,legitimate_fa_IR,test,15,,1819,0.5625,0.3846153846153846,0.625,0.5,1.0,0.0,0.0,0.26086956521739135,0.0,0.57,0.0,1.0,1.0
0,-1,legitimate_hi_IN,test,15,,2794,0.4489795918367348,0.40816326530612246,0.4545454545454546,0.0,1.0,0.0,0.0,0.0,0.0,0.57,0.0,0.0,1.0
0,-1,legitimate_zh_CN,test,15,,18731,0.855,0.6666666666666665,0.8333333333333335,1.0,1.0,0.0,0.0,0.4545454545454546,0.0,0.57,0.0,1.0,1.0
0,-1,legitimate_ja_JP,test,15,,10001,0.9,0.6666666666666665,1.0,0.5,1.0,0.0,0.0,0.40625,0.0,0.2,0.0,1.0,0.0
0,-1,legitimate_ko_KR,test,15,,3611,0.54,0.20689655172413793,0.6,1.0,1.0,0.0,0.0,0.0,0.0,0.57,0.0,1.0,0.0
0,-1,legitimate_tr_TR,test,15,,5543,0.54,0.3783783783783784,0.6,0.0,1.0,0.0,0.0,0.0,0.0,0.57,0.0,0.0,0.0
0,-1,legitimate_id_ID,test,15,,11474,0.855,0.5555555555555556,0.7,0.5,1.0,0.0,0.0,0.0,0.0,0.45,0.0,1.0,0.0
0,-1,legitimate_en_US,test,15,,228,0.63,0.4242424242424242,0.7,0.0,1.0,0.0,0.0,0.0,0.0,0.57,0.0,0.0,0.0
0,-1,legitimate_en_GB,test,15,,2068,0.5472,0.4615384615384615,0.5384615384615384,0.0,1.0,0.0,0.0,0.285,0.0,0.3345652173913043,0.0,1.0,0.0
0,-1,legitimate_es_ES,test,15,,1945,0.8,0.29629629629629634,0.8888888888888888,0.0,1.0,0.0,0.0,0.0,0.0,0.4275,0.0,0.0,1.0
0,-1,legitimate_fr_FR,test,15,,4790,0.855,0.7692307692307692,0.6875,0.5,1.0,0.0,0.0,0.0,0.0,0.5,0.0,0.0,1.0
0,-1,legitimate_de_DE,test,15,,89,0.7714285714285716,0.31578947368421056,0.8571428571428572,0.0,1.0,0.0,0.0,0.0,0.0,0.228,0.0,0.0,1.0
0,-1,legitimate_it_IT,test,15,,6285,0.855,0.56,0.6896551724137931,0.5,1.0,0.0,0.0,0.0,0.0,0.4378378378378379,0.0,1.0,1.0
0,-1,legitimate_pt_BR,test,15,,7676,0.855,0.8,0.8666666666666667,0.5,1.0,0.0,0.0,0.3272727272727273,0.0,0.426530612244898,0.0,1.0,0.0
0,-1,legitimate_ru_RU,test,15,,3403,0.855,0.43478260869565216,0.4545454545454546,0.2857142857142857,1.0,0.0,0.0,0.0,0.0,0.24,0.0,1.0,1.0
0,-1,legitimate_uk_UA,test,15,,11845,0.6576923076923076,0.5581395348837209,0.6923076923076923,0.5,1.0,0.0,0.0,0.3857142857142858,0.0,0.57,0.0,1.0,0.0
0,-1,legitimate_ar_EG,test,15,,120,0.855,0.7619047619047619,0.7619047619047619,0.5,1.0,0.0,0.0,0.3946153846153846,0.0,0.57,0.0,1.0,0.0
0,-1,legitimate_fa_IR,test,15,,2384,0.6218181818181818,0.5,0.6666666666666667,0.0,1.0,0.0,0.0,0.0,0.0,0.57,0.0,0.0,0.0
0,-1,legitimate_hi_IN,test,15,,17326,0.4903225806451612,0.5161290322580645,0.4545454545454546,0.5,1.0,0.0,0.0,0.27692307692307694,0.0,0.32340425531914896,0.0,1.0,0.0
0,-1,legitimate_zh_CN,test,15,,9828,0.855,0.7272727272727272,0.8571428571428572,0.5,1.0,0.0,0.0,0.4090909090909091,0.0,0.57,0.0,1.0,0.0
0,-1,legitimate_ja_JP,test,15,,3670,0.855,0.6666666666666665,0.625,0.25,1.0,0.0,0.0,0.0,0.0,0.2,0.0,0.0,0.0
0,-1,legitimate_ko_KR,test,15,,89,0.5142857142857142,0.4615384615384615,0.5714285714285714,0.0,1.0,0.0,0.0,0.0,0.0,0.2,0.0,0.0,1.0
0,-1,legitimate_tr_TR,test,15,,12751,0.675,0.6060606060606061,0.75,0.0,1.0,0.0,0.0,0.4222222222222222,0.0,0.31153846153846154,0.0,1.0,1.0
0,-1,legitimate_id_ID,test,15,,9184,0.6260869565217392,0.5294117647058824,0.6956521739130435,0.0,1.0,0.0,0.0,0.0,0.0,0.2,0.0,1.0,0.0
0,-1,legitimate_en_US,test,15,,89,0.6086956521739131,0.6086956521739131,0.6,0.0,1.0,0.0,0.0,0.0,0.0,0.2,0.0,0.0,1.0
0,-1,legitimate_en_GB,test,15,,173,0.855,0.3783783783783784,0.5,0.3333333333333333,1.0,0.0,0.0,0.0,0.0,0.3851351351351351,0.0,1.0,1.0
0,-1,legitimate_es_ES,test,15,,4328,0.46808510638297873,0.425531914893617,0.5238095238095238,0.3333333333333333,1.0,0.0,0.0,0.0,0.0,0.57,0.0,1.0,1.0
0,-1,legitimate_fr_FR,test,15,,9538,0.49137931034482757,0.5172413793103449,0.5945945945945945,0.3333333333333333,1.0,0.0,0.0,0.3109090909090909,0.0,0.2,0.0,1.0,1.0
0,-1,legitimate_de_DE,test,15,,1206,0.855,0.2857142857142857,0.5,0.2,1.0,0.0,0.0,0.0,0.0,0.30000000000000004,0.0,0.0,1.0
0,-1,legitimate_it_IT,test,15,,2627,0.57,0.6,0.4615384615384615,0.5,1.0,0.0,0.0,0.0,0.0,0.57,0.0,1.0,1.0
0,-1,legitimate_pt_BR,test,15,,3989,0.64125,0.6,0.6206896551724138,0.5,1.0,0.0,0.0,0.45,0.0,0.3584905660377359,0.0,1.0,1.0
0,-1,legitimate_ru_RU,test,15,,7482,0.5947826086956521,0.46808510638297873,0.5833333333333333,0.25,1.0,0.0,0.0,0.25,0.0,0.57,0.0,1.0,1.0
0,-1,legitimate_uk_UA,test,15,,8425,0.43846153846153846,0.4615384615384615,0.5454545454545454,0.5,1.0,0.0,0.0,0.0,0.0,0.57,0.0,1.0,0.0
0,-1,legitimate_ar_EG,test,15,,1356,0.6428571428571428,0.6428571428571428,0.72,0.5,1.0,0.0,0.0,0.3870967741935484,0.0,0.3946153846153846,0.0,1.0,1.0
0,-1,legitimate_fa_IR,test,15,,333,0.4275,0.358974358974359,0.41666666666666663,0.5,1.0,0.0,0.0,0.0,0.0,0.57,0.0,0.0,1.0
0,-1,legitimate_hi_IN,test,15,,807,0.4897959183673469,0.40816326530612246,0.5454545454545454,0.0,1.0,0.0,0.0,0.0,0.0,0.57,0.0,0.0,1.0
0,-1,legitimate_zh_CN,test,15,,1335,0.855,0.5,0.5263157894736843,0.3333333333333333,1.0,0.0,0.0,0.0,0.0,0.4067796610169492,0.0,0.0,1.0
0,-1,legitimate_ja_JP,test,15,,14655,0.6857142857142857,0.5625,0.7619047619047619,0.5,1.0,0.0,0.0,0.43478260869565216,0.0,0.57,0.0,1.0,0.0
0,-1,legitimate_ko_KR,test,15,,2903,0.4235294117647059,0.3125,0.4705882352941176,1.0,1.0,0.0,0.0,0.36642857142857144,0.0,0.3375,0.0,1.0,0.0
0,-1,legitimate_tr_TR,test,15,,3724,0.3904109589041096,0.410958904109589,0.40625,0.0,1.0,0.0,0.0,0.0,0.0,0.57,0.0,0.0,0.0
0,-1,legitimate_id_ID,test,15,,15845,0.855,0.31578947368421056,0.5217391304347826,0.4,1.0,0.0,0.0,0.0,0.0,0.3129411764705883,0.0,0.0,0.0
0,-1,legitimate_en_US,test,15,,18331,0.855,0.64,0.5882352941176471,0.5,1.0,0.0,0.0,0.4615384615384615,0.0,0.4,0.0,1.0,0.0
0,-1,legitimate_en_GB,test,15,,9801,0.57,0.41666666666666663,0.5833333333333333,0.5,1.0,0.0,0.0,0.0,0.0,0.3740625,0.0,0.0,1.0
0,-1,legitimate_es_ES,test,15,,5693,0.6,0.631578947368421,0.5806451612903225,0.3333333333333333,1.0,0.0,0.0,0.3272727272727273,0.0,0.4,0.0,1.0,0.0
0,-1,legitimate_fr_FR,test,15,,12750,0.855,0.7142857142857143,0.7058823529411764,0.5,1.0,0.0,0.0,0.36,0.0,0.3367088607594937,0.0,1.0,1.0
0,-1,legitimate_de_DE,test,15,,102,0.5625,0.5454545454545454,0.625,0.3333333333333333,1.0,0.0,0.0,0.0,0.0,0.57,0.0,0.0,1.0
0,-1,legitimate_it_IT,test,15,,1550,0.513,0.5555555555555556,0.5555555555555556,0.3333333333333333,1.0,0.0,0.0,0.36,0.0,0.57,0.0,1.0,1.0
0,-1,legitimate_pt_BR,test,15,,11766,0.5181818181818182,0.5454545454545454,0.4615384615384615,0.5,1.0,0.0,0.0,0.0,0.0,0.36906474820143886,0.0,0.0,0.0
0,-1,legitimate_ru_RU,test,15,,9993,0.676271186440678,0.711864406779661,0.4897959183673469,0.3333333333333333,1.0,0.0,0.0,0.30000000000000004,0.0,0.57,0.0,1.0,1.0
0,-1,legitimate_uk_UA,test,15,,102,0.736842105263158,0.736842105263158,0.8,0.0,1.0,0.0,0.0,0.0,0.0,0.57,0.0,0.0,1.0
0,-1,legitimate_ar_EG,test,15,,9899,0.5142857142857142,0.5142857142857143,0.5,0.5,1.0,0.0,0.0,0.0,0.0,0.57,0.0,1.0,0.0
0,-1,legitimate_fa_IR,test,15,,5169,0.8,0.6153846153846154,0.8888888888888888,0.5,1.0,0.0,0.0,0.0,0.0,0.2,0.0,0.0,0.0
0,-1,legitimate_hi_IN,test,15,,10453,0.45434782608695656,0.4782608695652174,0.4736842105263158,0.3333333333333333,1.0,0.0,0.0,0.27692307692307694,0.0,0.3835616438356164,0.0,1.0,1.0
0,-1,legitimate_zh_CN,test,15,,2757,0.9,0.9,0.9411764705882352,1.0,1.0,0.0,0.0,0.48,0.0,0.57,0.0,1.0,1.0
0,-1,legitimate_ja_JP,test,15,,11768,0.855,0.7619047619047619,0.6923076923076923,0.6,1.0,0.0,0.0,0.0,0.0,0.43606557377049177,0.0,1.0,1.0
0,-1,legitimate_ko_KR,test,15,,1945,0.6545454545454547,0.625,0.7272727272727273,0.0,1.0,0.0,0.0,0.0,0.0,0.3375,0.0,0.0,1.0
0,-1,legitimate_tr_TR,test,15,,725,0.5454545454545454,0.5454545454545454,0.6,0.0,1.0,0.0,0.0,0.4,0.0,0.57,0.0,1.0,0.0
0,-1,legitimate_id_ID,test,15,,7983,0.5925925925925926,0.5925925925925926,0.6086956521739131,0.0,1.0,0.0,0.0,0.0,0.0,0.3873417721518987,0.0,0.0,0.0
0,-1,legitimate_en_US,test,15,,6349,0.855,0.7,0.7,0.5,1.0,0.0,0.0,0.0,0.0,0.4,0.0,1.0,1.0
0,-1,legitimate_en_GB,test,15,,12804,0.6,0.631578947368421,0.6206896551724138,0.3333333333333333,1.0,0.0,0.0,0.45,0.0,0.3325,0.0,1.0,1.0
0,-1,legitimate_es_ES,test,15,,5794,0.855,0.7058823529411765,0.7272727272727273,0.3333333333333333,1.0,0.0,0.0,0.0,0.0,0.42857142857142855,0.0,1.0,1.0
0,-1,legitimate_fr_FR,test,15,,16149,0.9,1.0,1.0,0.5,1.0,0.0,0.0,0.0,0.0,0.57,0.0,0.0,0.0
0,-1,legitimate_de_DE,test,15,,17566,0.6000000000000001,0.4375,0.6666666666666667,0.5,1.0,0.0,0.0,0.0,0.0,0.3257142857142857,0.0,0.0,0.0
0,-1,legitimate_it_IT,test,15,,6944,0.855,0.6363636363636364,0.7333333333333334,0.5,1.0,0.0,0.0,0.3902439024390244,0.0,0.4049999999999999,0.0,1.0,1.0
0,-1,legitimate_pt_BR,test,15,,18284,0.855,0.6666666666666665,0.6666666666666667,0.5,1.0,0.0,0.0,0.32432432432432434,0.0,0.49090909090909085,0.0,1.0,0.0
0,-1,legitimate_ru_RU,test,15,,16010,0.855,0.6666666666666665,0.6666666666666667,0.3333333333333333,1.0,0.0,0.0,0.36363636363636365,0.0,0.57,0.0,1.0,0.0
0,-1,legitimate_uk_UA,test,15,,14957,0.48857142857142855,0.4,0.5333333333333333,0.5,1.0,0.0,0.0,0.0,0.0,0.3380281690140845,0.0,0.0,1.0
0,-1,legitimate_ar_EG,test,15,,11221,0.855,0.5714285714285715,0.7,0.5,1.0,0.0,0.0,0.0,0.0,0.57,0.0,1.0,0.0
0,-1,hard_near_match,test,15,,1491,0.923076923076923,0.923076923076923,0.96,0.5,1.0,0.0,0.0,0.3703703703703704,0.0,0.57,0.0,1.0,0.0
0,-1,hard_near_match,test,15,,8169,0.962962962962963,0.9629629629629629,0.923076923076923,1.0,1.0,0.0,0.0,0.0,0.0,0.57,0.0,1.0,0.0
0,-1,hard_near_match,test,15,,1172,0.9545454545454546,0.9545454545454546,0.9545454545454546,1.0,1.0,0.0,0.0,0.22799999999999998,0.0,0.2807017543859649,0.0,1.0,0.0
0,-1,hard_near_match,test,15,,2654,0.923076923076923,0.923076923076923,0.9090909090909091,1.0,1.0,0.0,0.0,0.0,0.0,0.57,0.0,1.0,0.0
0,-1,hard_near_match,test,15,,10181,0.9824561403508771,0.9824561403508772,0.9642857142857143,0.75,1.0,0.0,0.0,0.2571428571428571,0.0,0.35,0.0,1.0,0.0
0,-1,hard_near_match,test,15,,12967,0.9885057471264368,0.9885057471264368,0.9767441860465115,1.0,1.0,0.0,0.0,0.0,0.0,0.57,0.0,1.0,0.0
0,-1,hard_near_match,test,15,,12132,0.9864864864864864,0.9864864864864864,0.9864864864864864,1.0,1.0,0.0,0.0,0.0,0.0,0.38,0.0,1.0,0.0
0,-1,hard_near_match,test,15,,14553,0.967741935483871,0.967741935483871,0.9333333333333332,0.6666666666666666,1.0,0.0,0.0,0.0,0.0,0.3468253968253968,0.0,1.0,0.0
0,-1,hard_near_match,test,15,,15725,0.9859154929577465,0.9859154929577465,0.9714285714285714,0.8,1.0,0.0,0.0,0.0,0.0,0.36,0.0,1.0,0.0
0,-1,hard_near_match,test,15,,10072,0.9473684210526316,0.9473684210526315,0.9473684210526316,1.0,1.0,0.0,0.0,0.3857142857142858,0.0,0.3375,0.0,1.0,0.0
0,-1,hard_near_match,test,15,,13612,0.9696969696969697,0.9696969696969697,0.9375,1.0,1.0,0.0,0.0,0.0,0.0,0.3076923076923077,0.0,1.0,0.0
0,-1,hard_near_match,test,15,,12373,0.9838709677419355,0.9838709677419355,0.9838709677419355,0.8333333333333334,1.0,0.0,0.0,0.0,0.0,0.2857142857142857,0.0,1.0,0.0
0,-1,hard_near_match,test,15,,3694,0.8888888888888888,0.8888888888888888,0.8888888888888888,0.6666666666666666,1.0,0.0,0.0,0.0,0.0,0.57,0.0,1.0,0.0
0,-1,hard_near_match,test,15,,18032,0.9859154929577465,0.9859154929577465,0.9714285714285714,1.0,1.0,0.0,0.0,0.0,0.0,0.4275,0.0,1.0,0.0
0,-1,hard_near_match,test,15,,3517,0.9523809523809522,0.9523809523809524,0.9,1.0,1.0,0.0,0.0,0.0,0.0,0.3436170212765957,0.0,1.0,0.0
0,-1,hard_near_match,test,15,,4275,0.9855072463768118,0.9855072463768115,0.9705882352941176,1.0,1.0,0.0,0.0,0.0,0.0,0.5625,0.0,1.0,0.0
0,-1,hard_near_match,test,15,,8649,0.9841269841269842,0.9841269841269842,0.967741935483871,0.6666666666666666,1.0,0.0,0.0,0.0,0.0,0.2,0.0,1.0,0.0
0,-1,hard_near_match,test,15,,11438,0.9714285714285714,0.9714285714285714,0.9411764705882352,1.0,1.0,0.0,0.0,0.2857142857142857,0.0,0.2,0.0,1.0,0.0
0,-1,hard_near_match,test,15,,4938,0.8333333333333335,0.8333333333333333,0.9090909090909091,1.0,1.0,0.0,0.0,0.0,0.0,0.2,0.0,1.0,0.0
0,-1,hard_near_match,test,15,,4835,0.967741935483871,0.967741935483871,0.9655172413793103,1.0,1.0,0.0,0.0,0.0,0.0,0.57,0.0,1.0,0.0
0,-1,hard_near_match,test,15,,17013,0.95,0.9444444444444444,0.9743589743589743,0.75,1.0,0.0,0.0,0.0,0.0,0.35625,0.0,1.0,0.0
0,-1,hard_near_match,test,15,,14943,0.9887640449438202,0.9887640449438203,0.9772727272727273,1.0,1.0,0.0,0.0,0.0,0.0,0.43493975903614457,0.0,1.0,0.0
0,-1,hard_near_match,test,15,,6355,0.9642857142857143,0.9642857142857143,0.9642857142857143,0.8333333333333334,1.0,0.0,0.0,0.0,0.0,0.31666666666666665,0.0,1.0,0.0
0,-1,hard_near_match,test,15,,14572,0.9917355371900827,0.9914529914529915,0.9833333333333333,1.0,1.0,0.0,0.0,0.0,0.0,0.4074074074074075,0.0,1.0,0.0
0,-1,hard_near_match,test,15,,15312,0.9830508474576272,0.9830508474576272,0.9655172413793103,0.75,1.0,0.0,0.0,0.0,0.0,0.4631578947368421,0.0,1.0,0.0
0,-1,hard_near_match,test,15,,18529,0.9714285714285714,0.9714285714285714,0.9714285714285714,0.8,1.0,0.0,0.0,0.0,0.0,0.29759036144578316,0.0,1.0,0.0
0,-1,hard_near_match,test,15,,4825,0.9811320754716981,0.9811320754716981,0.9615384615384616,1.0,1.0,0.0,0.0,0.0,0.0,0.2,0.0,1.0,0.0
0,-1,hard_near_match,test,15,,1641,0.9818181818181819,0.9818181818181819,0.962962962962963,1.0,1.0,0.0,0.0,0.0,0.0,0.34897959183673466,0.0,1.0,0.0
0,-1,hard_near_match,test,15,,6072,0.9859154929577465,0.9859154929577465,1.0,1.0,1.0,0.0,0.0,0.0,0.0,0.4153846153846154,0.0,1.0,0.0
0,-1,hard_near_match,test,15,,4337,0.9375,0.9375,0.9375,1.0,1.0,0.0,0.0,0.0,0.0,0.3257142857142857,0.0,1.0,0.0
0,-1,hard_near_match,test,15,,17683,0.875,0.875,0.9333333333333332,0.5,1.0,0.0,0.0,0.4,0.0,0.2,0.0,1.0,0.0
0,-1,hard_near_match,test,15,,11568,0.9852941176470589,0.9852941176470589,0.9852941176470589,0.8888888888888888,1.0,0.0,0.0,0.0,0.0,0.3218390804597702,0.0,1.0,0.0
0,-1,hard_near_match,test,15,,2647,0.967741935483871,0.967741935483871,0.967741935483871,0.75,1.0,0.0,0.0,0.0,0.0,0.38,0.0,1.0,0.0
0,-1,hard_near_match,test,15,,8357,0.9777777777777777,0.9777777777777777,0.9545454545454546,1.0,1.0,0.0,0.0,0.3214285714285714,0.0,0.2,0.0,1.0,0.0
0,-1,hard_near_match,test,15,,18645,0.9473684210526316,0.9473684210526315,0.9473684210526316,0.5,1.0,0.0,0.0,0.38095238095238093,0.0,0.5625,0.0,1.0,0.0
0,-1,hard_near_match,test,15,,12728,0.9583333333333335,0.9583333333333333,0.9583333333333335,0.6666666666666666,1.0,0.0,0.0,0.16666666666666663,0.0,0.2,0.0,1.0,0.0
0,-1,hard_near_match,test,15,,9288,0.9803921568627451,0.9803921568627452,0.96,1.0,1.0,0.0,0.0,0.0,0.0,0.365625,0.0,1.0,0.0
0,-1,hard_near_match,test,15,,10099,0.9565217391304348,0.9565217391304348,0.9565217391304348,0.75,1.0,0.0,0.0,0.0,0.0,0.34411764705882353,0.0,1.0,0.0
0,-1,hard_near_match,test,15,,3510,0.9565217391304348,0.9565217391304348,0.9565217391304348,1.0,1.0,0.0,0.0,0.2567567567567568,0.0,0.57,0.0,1.0,0.0
0,-1,hard_near_match,test,15,,16811,0.9444444444444444,0.9444444444444444,0.9444444444444444,1.0,1.0,0.0,0.0,0.0,0.0,0.2,0.0,1.0,0.0
0,-1,hard_near_match,test,15,,5386,1.0,1.0,1.0,1.0,1.0,0.0,0.0,0.0,0.0,0.2,0.0,1.0,0.0
0,-1,hard_near_match,test,15,,2629,0.9444444444444444,0.9444444444444444,0.9444444444444444,0.6666666666666666,1.0,0.0,0.0,0.0,0.0,0.3243902439024389,0.0,1.0,0.0
0,-1,hard_near_match,test,15,,1922,0.967741935483871,0.967741935483871,0.9333333333333332,1.0,1.0,0.0,0.0,0.0,0.0,0.2,0.0,1.0,0.0
0,-1,hard_near_match,test,15,,16268,0.9935483870967743,0.9935483870967743,0.987012987012987,1.0,1.0,0.0,0.0,0.0,0.0,0.3157894736842105,0.0,1.0,0.0
0,-1,hard_near_match,test,15,,10406,0.9743589743589743,0.9743589743589743,0.9473684210526316,1.0,1.0,0.0,0.0,0.2142857142857143,0.0,0.57,0.0,1.0,0.0
0,-1,hard_near_match,test,15,,17282,0.9375,0.9375,0.9375,1.0,1.0,0.0,0.0,0.0,0.0,0.35285714285714287,0.0,1.0,0.0
0,-1,hard_near_match,test,15,,6033,0.9767441860465115,0.9767441860465117,0.9523809523809522,1.0,1.0,0.0,0.0,0.27586206896551724,0.0,0.35999999999999993,0.0,1.0,0.0
0,-1,hard_near_match,test,15,,11790,0.975609756097561,0.975609756097561,0.95,0.5,1.0,0.0,0.0,0.3703703703703704,0.0,0.45,0.0,1.0,0.0
0,-1,hard_near_match,test,15,,10477,0.9821428571428571,0.9821428571428571,0.9821428571428571,1.0,1.0,0.0,0.0,0.0,0.0,0.3494252873563218,0.0,1.0,0.0
0,-1,hard_near_match,test,15,,11405,0.9836065573770492,0.9836065573770492,0.9666666666666667,1.0,1.0,0.0,0.0,0.0,0.0,0.3375,0.0,1.0,0.0
0,-1,hard_near_match,test,15,,12246,0.962962962962963,0.9629629629629629,0.962962962962963,0.6666666666666666,1.0,0.0,0.0,0.475,0.0,0.28125,0.0,1.0,0.0
0,-1,hard_near_match,test,15,,7708,0.9655172413793103,0.9655172413793103,0.9285714285714286,1.0,1.0,0.0,0.0,0.0,0.0,0.2,0.0,1.0,0.0
0,-1,hard_near_match,test,15,,13227,0.9,0.9,0.9473684210526316,1.0,1.0,0.0,0.0,0.0,0.0,0.36272727272727273,0.0,1.0,0.0
0,-1,hard_near_match,test,15,,15433,0.9864864864864864,0.9864864864864864,0.9864864864864864,1.0,1.0,0.0,0.0,0.0,0.0,0.3761999999999999,0.0,1.0,0.0
0,-1,hard_near_match,test,15,,8978,0.9285714285714286,0.9285714285714286,0.9285714285714286,0.5,1.0,0.0,0.0,0.0,0.0,0.2,0.0,1.0,0.0
0,-1,hard_near_match,test,15,,10744,0.9705882352941176,0.9705882352941176,0.9705882352941176,0.75,1.0,0.0,0.0,0.2222222222222222,0.0,0.2,0.0,1.0,0.0
0,-1,hard_near_match,test,15,,4762,0.6000000000000001,0.4,0.6666666666666667,1.0,1.0,0.0,0.0,0.0,0.0,0.57,0.0,1.0,0.0
0,-1,hard_near_match,test,15,,16323,0.967741935483871,0.967741935483871,0.967741935483871,0.75,1.0,0.0,0.0,0.2666666666666667,0.0,0.2,0.0,1.0,0.0
0,-1,hard_near_match,test,15,,2453,0.8888888888888888,0.8888888888888888,0.8888888888888888,0.5,1.0,0.0,0.0,0.0,0.0,0.33529411764705885,0.0,1.0,0.0
0,-1,hard_near_match,test,15,,4027,0.9642857142857143,0.9642857142857143,0.9642857142857143,0.75,1.0,0.0,0.0,0.0,0.0,0.23318181818181816,0.0,1.0,0.0
0,-1,hard_near_match,test,15,,7426,0.967741935483871,0.967741935483871,0.9333333333333332,1.0,1.0,0.0,0.0,0.4275,0.0,0.35999999999999993,0.0,1.0,0.0
0,-1,hard_near_match,test,15,,666,0.9803921568627451,0.9803921568627452,0.96,1.0,1.0,0.0,0.0,0.0,0.0,0.3370786516853933,0.0,1.0,0.0
0,-1,hard_near_match,test,15,,18383,0.9814814814814815,0.9803921568627452,0.9814814814814815,1.0,1.0,0.0,0.0,0.0,0.0,0.36,0.0,1.0,0.0
0,-1,hard_near_match,test,15,,14475,0.9830508474576272,0.9830508474576272,0.9655172413793103,1.0,1.0,0.0,0.0,0.0,0.0,0.37173913043478257,0.0,1.0,0.0
0,-1,hard_near_match,test,15,,13949,0.9655172413793103,0.9655172413793103,0.9285714285714286,1.0,1.0,0.0,0.0,0.0,0.0,0.855,0.0,1.0,0.0
0,-1,hard_near_match,test,15,,9919,0.9879518072289156,0.9879518072289157,0.9879518072289156,1.0,1.0,0.0,0.0,0.0,0.0,0.3137254901960784,0.0,1.0,0.0
0,-1,hard_near_match,test,15,,14557,0.9411764705882352,0.9411764705882354,0.9411764705882352,0.75,1.0,0.0,0.0,0.0,0.0,0.3272727272727273,0.0,1.0,0.0
0,-1,hard_near_match,test,15,,7711,0.9333333333333332,0.9333333333333332,0.9333333333333332,1.0,1.0,0.0,0.0,0.0,0.0,0.57,0.0,1.0,0.0
0,-1,hard_near_match,test,15,,628,0.9523809523809522,0.9523809523809524,0.9523809523809522,0.75,1.0,0.0,0.0,0.0,0.0,0.34408602150537637,0.0,1.0,0.0
0,-1,hard_near_match,test,15,,1509,0.72,0.4444444444444444,0.8,1.0,1.0,0.0,0.0,0.0,0.0,0.375,0.0,0.0,1.0
0,-1,hard_near_match,test,15,,1642,0.9803921568627451,0.9803921568627452,1.0,1.0,1.0,0.0,0.0,0.0,0.0,0.3848101265822785,0.0,1.0,0.0
0,-1,hard_near_match,test,15,,7767,0.967741935483871,0.967741935483871,0.9333333333333332,1.0,1.0,0.0,0.0,0.0,0.0,0.2,0.0,1.0,0.0
0,-1,hard_near_match,test,15,,2882,0.9830508474576272,0.9830508474576272,0.9655172413793103,0.6666666666666666,1.0,0.0,0.0,0.2666666666666667,0.0,0.2622950819672131,0.0,1.0,0.0
0,-1,hard_near_match,test,15,,15161,0.9824561403508771,0.9824561403508772,0.9642857142857143,1.0,1.0,0.0,0.0,0.2222222222222222,0.0,0.3238636363636364,0.0,1.0,0.0
0,-1,hard_near_match,test,15,,707,0.9777777777777777,0.9777777777777777,0.9545454545454546,1.0,1.0,0.0,0.0,0.0,0.0,0.36,1.0,1.0,0.0
0,-1,hard_near_match,test,15,,8978,1.0,1.0,1.0,1.0,1.0,0.0,0.0,0.0,0.0,0.57,0.0,1.0,0.0
0,-1,hard_near_match,test,15,,7681,0.9655172413793103,0.9655172413793103,0.9655172413793103,0.75,1.0,0.0,0.0,0.0,0.0,0.57,0.0,1.0,0.0
0,-1,hard_near_match,test,15,,17219,0.972972972972973,0.9729729729729729,0.972972972972973,1.0,1.0,0.0,0.0,0.0,0.0,0.57,0.0,1.0,0.0
0,-1,hard_near_match,test,15,,13954,0.96875,0.96875,0.9841269841269842,1.0,1.0,0.0,0.0,0.0,0.0,0.57,0.0,1.0,0.0
0,-1,hard_near_match,test,15,,16704,0.9166666666666665,0.9166666666666667,0.9166666666666665,1.0,1.0,0.0,0.0,0.34615384615384615,0.0,0.57,0.0,1.0,0.0
0,-1,hard_near_match,test,15,,6641,0.96,0.96,0.9565217391304348,1.0,1.0,0.0,0.0,0.2571428571428571,0.0,0.2,0.0,1.0,0.0
0,-1,hard_near_match,test,15,,12770,0.975609756097561,0.975609756097561,0.95,1.0,1.0,0.0,0.0,0.0,0.0,0.3619047619047619,0.0,1.0,0.0
0,-1,hard_near_match,test,15,,333,0.855,0.736842105263158,0.923076923076923,0.5,1.0,0.0,0.0,0.0,0.0,0.57,0.0,1.0,1.0
0,-1,hard_near_match,test,15,,5545,0.975609756097561,0.975609756097561,0.975609756097561,0.8,1.0,0.0,0.0,0.0,0.0,0.2,0.0,1.0,0.0
0,-1,hard_near_match,test,15,,6573,0.9803921568627451,0.9803921568627452,0.96,1.0,1.0,0.0,0.0,0.0,0.0,0.2564102564102564,0.0,1.0,0.0
0,-1,hard_near_match,test,15,,11888,0.98,0.98,0.98,1.0,1.0,0.0,0.0,0.0,0.0,0.32835820895522383,0.0,1.0,0.0
0,-1,hard_near_match,test,15,,9328,0.9906542056074766,0.9906542056074766,0.9811320754716981,1.0,1.0,0.0,0.0,0.0,0.0,0.2821782178217822,0.0,1.0,0.0
0,-1,hard_near_match,test,15,,4804,0.9777777777777777,0.9777777777777777,0.9545454545454546,0.8,1.0,0.0,0.0,0.0,0.0,0.3783783783783784,0.0,1.0,0.0
0,-1,hard_near_match,test,15,,4394,0.9803921568627451,0.9777777777777777,0.96,1.0,1.0,0.0,0.0,0.0,0.0,0.2295081967213115,0.0,1.0,0.0
0,-1,hard_near_match,test,15,,7684,0.9866666666666667,0.9866666666666667,0.972972972972973,0.8333333333333334,1.0,0.0,0.0,0.0,0.0,0.3497727272727273,0.0,1.0,0.0
0,-1,hard_near_match,test,15,,9590,0.990990990990991,0.990990990990991,0.9818181818181819,0.8571428571428571,1.0,0.0,0.0,0.0,0.0,0.38,0.0,1.0,0.0
0,-1,hard_near_match,test,15,,8624,0.962962962962963,0.9629629629629629,0.962962962962963,1.0,1.0,0.0,0.0,0.0,0.0,0.57,0.0,1.0,0.0
0,-1,hard_near_match,test,15,,12970,0.9333333333333332,0.9333333333333332,0.9333333333333332,0.5,1.0,0.0,0.0,0.0,0.0,0.3342592592592593,0.0,1.0,0.0
0,-1,hard_near_match,test,15,,10200,0.9857142857142859,0.9857142857142857,0.9857142857142859,1.0,1.0,0.0,0.0,0.0,0.0,0.3911764705882353,0.0,1.0,0.0
0,-1,hard_near_match,test,15,,1948,0.96,0.96,0.96,1.0,1.0,0.0,0.0,0.28421052631578947,0.0,0.2,0.0,1.0,0.0
0,-1,hard_near_match,test,15,,16107,0.9375,0.9375,0.9375,0.6666666666666666,1.0,0.0,0.0,0.0,0.0,0.3348837209302326,0.0,1.0,0.0
0,-1,hard_near_match,test,15,,15444,0.9,1.0,1.0,0.6666666666666666,1.0,0.0,0.0,0.16666666666666663,0.0,0.57,0.0,1.0,1.0
0,-1,hard_near_match,test,15,,15974,0.923076923076923,0.923076923076923,0.923076923076923,1.0,1.0,0.0,0.0,0.0,0.0,0.2676056338028169,0.0,1.0,0.0
0,-1,hard_near_match,test,15,,6215,0.9473684210526316,0.9473684210526315,0.8888888888888888,1.0,1.0,0.0,0.0,0.0,0.0,0.2,0.0,1.0,0.0
0,-1,hard_near_match,test,15,,3034,0.989010989010989,0.989010989010989,0.9777777777777777,1.0,1.0,0.0,0.0,0.0,0.0,0.3735849056603774,0.0,1.0,0.0
0,-1,hard_near_match,test,15,,15282,0.975609756097561,0.975609756097561,0.975609756097561,0.8,1.0,0.0,0.0,0.0,0.0,0.28068181818181814,0.0,1.0,0.0
0,-1,hard_near_match,test,15,,12089,0.9894736842105263,0.9894736842105263,0.9787234042553191,1.0,1.0,0.0,0.0,0.0,0.0,0.3093023255813953,0.0,1.0,0.0
0,-1,hard_near_match,test,15,,9366,0.9767441860465115,0.9767441860465117,1.0,1.0,1.0,0.0,0.0,0.0,0.0,0.57,0.0,1.0,0.0
0,-1,hard_near_match,test,15,,2874,0.675,0.31578947368421056,0.75,0.0,1.0,0.0,0.0,0.25806451612903225,0.0,0.57,0.0,0.0,0.0
0,-1,hard_near_match,test,15,,7067,0.9655172413793103,0.9655172413793103,0.9285714285714286,1.0,1.0,0.0,0.0,0.3017647058823529,0.0,0.2,0.0,1.0,0.0
0,-1,hard_near_match,test,15,,3360,0.9846153846153847,0.9846153846153847,0.96875,1.0,1.0,0.0,0.0,0.0,0.0,0.3508771929824561,0.0,1.0,0.0
0,-1,hard_near_match,test,15,,1386,0.975609756097561,0.975609756097561,0.975609756097561,0.8333333333333334,1.0,0.0,0.0,0.0,0.0,0.3294117647058824,0.0,1.0,0.0
0,-1,hard_near_match,test,15,,17143,0.9473684210526316,0.9473684210526315,0.9473684210526316,1.0,1.0,0.0,0.0,0.6000000000000001,0.0,0.45,0.0,1.0,0.0
0,-1,hard_near_match,test,15,,7386,0.9565217391304348,0.9565217391304348,0.9565217391304348,0.6666666666666666,1.0,0.0,0.0,0.3846153846153846,0.0,0.3544303797468354,0.0,1.0,0.0
0,-1,hard_near_match,test,15,,7600,0.9841269841269842,0.9795918367346939,0.967741935483871,1.0,1.0,0.0,0.0,0.0,0.0,0.2,0.0,1.0,0.0
0,-1,hard_near_match,test,15,,11188,0.9666666666666667,0.9666666666666667,0.9666666666666667,1.0,1.0,0.0,0.0,0.0,0.0,0.3652173913043478,0.0,1.0,0.0
0,-1,hard_near_match,test,15,,5433,0.9906542056074766,0.9906542056074766,0.9811320754716981,1.0,1.0,0.0,0.0,0.0,0.0,0.34054054054054056,0.0,1.0,0.0
0,-1,hard_near_match,test,15,,17875,0.9948186528497409,0.9948186528497409,0.9895833333333335,1.0,1.0,0.0,0.0,0.0,0.0,0.35999999999999993,0.0,1.0,0.0
0,-1,hard_near_match,test,15,,18824,0.967741935483871,0.967741935483871,0.967741935483871,0.75,1.0,0.0,0.0,0.0,0.0,0.2777777777777778,0.0,1.0,0.0
0,-1,hard_near_match,test,15,,3563,0.9090909090909091,0.9090909090909091,0.9090909090909091,1.0,1.0,0.0,0.0,0.0,0.0,0.320625,0.0,1.0,0.0
0,-1,hard_near_match,test,15,,6468,0.9830508474576272,0.9830508474576272,0.9655172413793103,1.0,1.0,0.0,0.0,0.0,0.0,0.38863636363636367,0.0,1.0,0.0
0,-1,hard_near_match,test,15,,18368,0.923076923076923,0.923076923076923,0.923076923076923,0.5,1.0,0.0,0.0,0.0,0.0,0.36642857142857144,0.0,1.0,0.0
0,-1,hard_near_match,test,15,,14052,0.987012987012987,0.987012987012987,0.9866666666666667,1.0,1.0,0.0,0.0,0.0,0.0,0.3848101265822785,0.0,1.0,0.0
0,-1,hard_near_match,test,15,,2726,0.9375,0.9375,0.9375,1.0,1.0,0.0,0.0,0.0,0.0,0.17924528301886788,0.0,1.0,0.0
0,-1,hard_near_match,test,15,,11784,0.9642857142857143,0.9642857142857143,0.9818181818181819,1.0,1.0,0.0,0.0,0.225,0.0,0.36,0.0,1.0,0.0
0,-1,hard_near_match,test,15,,16443,0.9767441860465115,0.9767441860465117,0.9767441860465115,1.0,1.0,0.0,0.0,0.0,0.0,0.32217391304347825,0.0,1.0,0.0
0,-1,hard_near_match,test,15,,2740,0.962962962962963,0.9629629629629629,0.962962962962963,0.75,1.0,0.0,0.0,0.38,0.0,0.57,0.0,1.0,0.0
0,-1,hard_near_match,test,15,,4481,0.8333333333333335,0.8333333333333333,0.9090909090909091,0.5,1.0,0.0,0.0,0.0,0.0,0.36,0.0,1.0,0.0
0,-1,hard_near_match,test,15,,581,0.962962962962963,0.9629629629629629,0.96,1.0,1.0,0.0,0.0,0.5,0.0,0.31597826086956515,0.0,1.0,0.0
0,-1,hard_near_match,test,15,,18011,0.9166666666666665,0.9166666666666667,0.9565217391304348,0.5,1.0,0.0,0.0,0.0,0.0,0.57,0.0,1.0,0.0
0,-1,hard_near_match,test,15,,3120,0.9777777777777777,0.9777777777777777,0.9545454545454546,0.6666666666666666,1.0,0.0,0.0,0.0,0.0,0.2,0.0,1.0,0.0
0,-1,hard_near_match,test,15,,4507,0.9375,0.9375,0.967741935483871,0.8,1.0,0.0,0.0,0.0,0.0,0.3306122448979592,0.0,1.0,0.0
0,-1,hard_near_match,test,15,,6566,0.962962962962963,0.9629629629629629,0.962962962962963,0.75,1.0,0.0,0.0,0.0,0.0,0.3028985507246377,0.0,1.0,0.0
0,-1,hard_near_match,test,15,,14316,0.8333333333333335,0.8333333333333333,0.9090909090909091,1.0,1.0,0.0,0.0,0.0,0.0,0.32,0.0,1.0,0.0
0,-1,hard_near_match,test,15,,4259,0.9855072463768118,0.9855072463768115,0.9705882352941176,1.0,1.0,0.0,0.0,0.0,0.0,0.27692307692307694,0.0,1.0,0.0
0,-1,hard_near_match,test,15,,10419,0.9866666666666667,0.9866666666666667,1.0,1.0,1.0,0.0,0.0,0.0,0.0,0.4071428571428571,0.0,1.0,0.0
0,-1,hard_near_match,test,15,,8115,0.9876543209876543,0.9876543209876543,0.975,0.8,1.0,0.0,0.0,0.0,0.0,0.34545454545454546,0.0,1.0,0.0
0,-1,hard_near_match,test,15,,817,0.9767441860465115,0.9767441860465117,0.9523809523809522,1.0,1.0,0.0,0.0,0.0,0.0,0.328395061728395,0.0,1.0,0.0
0,-1,hard_near_match,test,15,,18347,0.9523809523809522,0.9523809523809524,0.9523809523809522,0.75,1.0,0.0,0.0,0.0,0.0,0.3584905660377358,0.0,1.0,0.0
0,-1,hard_near_match,test,15,,6654,0.972972972972973,0.9729729729729729,0.9444444444444444,0.6666666666666666,1.0,0.0,0.0,0.0,0.0,0.2,0.0,1.0,0.0
0,-1,hard_near_match,test,15,,4846,0.9655172413793103,0.9655172413793103,0.9285714285714286,1.0,1.0,0.0,0.0,0.0,0.0,0.57,0.0,1.0,0.0
0,-1,hard_near_match,test,15,,11196,0.9943502824858758,0.9943502824858758,0.9886363636363636,1.0,1.0,0.0,0.0,0.0,0.0,0.30338709677419357,0.0,1.0,0.0
0,-1,hard_near_match,test,15,,11774,0.9545454545454546,0.9545454545454546,0.9545454545454546,0.6666666666666666,1.0,0.0,0.0,0.3857142857142858,0.0,0.3681818181818182,0.0,1.0,0.0
0,-1,hard_near_match,test,15,,17370,0.9444444444444444,0.9444444444444444,0.9444444444444444,1.0,1.0,0.0,0.0,0.23076923076923073,0.0,0.57,0.0,1.0,0.0
0,-1,hard_near_match,test,15,,11642,0.9411764705882352,0.6470588235294117,0.9411764705882352,0.6666666666666666,1.0,0.0,0.0,0.0,0.0,0.4365957446808511,0.0,1.0,0.0
0,-1,hard_near_match,test,15,,4940,0.923076923076923,0.923076923076923,1.0,1.0,1.0,0.0,0.0,0.0,0.0,0.57,0.0,1.0,0.0
0,-1,hard_near_match,test,15,,10249,0.9523809523809522,0.9523809523809524,0.9523809523809522,1.0,1.0,0.0,0.0,0.0,0.0,0.36272727272727273,0.0,1.0,0.0
0,-1,hard_near_match,test,15,,18546,0.975609756097561,0.975609756097561,0.9876543209876543,0.75,1.0,0.0,0.0,0.0,0.0,0.3128048780487805,0.0,1.0,0.0
0,-1,hard_near_match,test,15,,11788,0.9833333333333333,0.9833333333333333,0.9833333333333333,1.0,1.0,0.0,0.0,0.0,0.0,0.31232876712328766,0.0,1.0,0.0
0,-1,hard_near_match,test,15,,17807,0.9444444444444444,0.9444444444444444,0.9444444444444444,1.0,1.0,0.0,0.0,0.0,0.0,0.33645833333333336,0.0,1.0,0.0
0,-1,hard_near_match,test,15,,10648,0.9818181818181819,0.9818181818181819,0.962962962962963,0.6666666666666666,1.0,0.0,0.0,0.30000000000000004,0.0,0.3857142857142858,0.0,1.0,0.0
0,-1,hard_near_match,test,15,,8866,0.992,0.992,0.9838709677419355,1.0,1.0,0.0,0.0,0.0,0.0,0.3471153846153846,0.0,1.0,0.0
0,-1,hard_near_match,test,15,,2786,0.9583333333333335,0.9583333333333333,0.9583333333333335,0.6666666666666666,1.0,0.0,0.0,0.0,0.0,0.57,0.0,1.0,0.0
0,-1,hard_near_match,test,15,,8696,0.9811320754716981,0.9811320754716981,0.9615384615384616,1.0,1.0,0.0,0.0,0.0,0.0,0.2,0.0,1.0,0.0
0,-1,hard_near_match,test,15,,809,0.9615384615384616,0.9615384615384616,0.9615384615384616,0.75,1.0,0.0,0.0,0.0,0.0,0.2,0.0,1.0,0.0
0,-1,hard_near_match,test,15,,9174,0.9830508474576272,0.9830508474576272,0.9655172413793103,1.0,1.0,0.0,0.0,0.0,0.0,0.30000000000000004,0.0,1.0,0.0
0,-1,hard_near_match,test,15,,4557,0.9714285714285714,0.9714285714285714,0.9411764705882352,1.0,1.0,0.0,0.0,0.0,0.0,0.3370786516853933,0.0,1.0,0.0
0,-1,hard_near_match,test,15,,868,0.9818181818181819,0.9818181818181819,0.962962962962963,1.0,1.0,0.0,0.0,0.0,0.0,0.3093023255813953,0.0,1.0,0.0
0,-1,hard_near_match,test,15,,10858,1.0,1.0,1.0,1.0,1.0,0.0,0.0,0.2941176470588235,0.0,0.2,0.0,1.0,0.0
0,-1,hard_near_match,test,15,,13976,1.0,1.0,1.0,1.0,1.0,0.0,0.0,0.0,0.0,0.2702702702702703,0.0,1.0,0.0
0,-1,hard_near_match,test,15,,11357,0.9876543209876543,0.9876543209876543,0.975,0.8,1.0,0.0,0.0,0.0,0.0,0.30000000000000004,0.0,1.0,0.0
0,-1,hard_near_match,test,15,,2352,0.855,0.25,0.33333333333333337,1.0,1.0,0.0,0.0,0.30000000000000004,0.0,0.57,0.0,0.0,1.0
0,-1,hard_near_match,test,15,,17164,0.923076923076923,0.923076923076923,0.923076923076923,1.0,1.0,0.0,0.0,0.0,0.0,0.2,0.0,1.0,0.0
0,-1,hard_near_match,test,15,,12984,0.9818181818181819,0.9818181818181819,0.962962962962963,0.75,1.0,0.0,0.0,0.0,0.0,0.3078947368421052,0.0,1.0,0.0
0,-1,hard_near_match,test,15,,18684,0.9333333333333332,0.9333333333333332,1.0,1.0,1.0,0.0,0.0,0.0,0.0,0.57,0.0,1.0,0.0
0,-1,hard_near_match,test,15,,15717,0.9655172413793103,0.9655172413793103,0.9285714285714286,1.0,1.0,0.0,0.0,0.0,0.0,0.339622641509434,0.0,1.0,0.0
0,-1,hard_near_match,test,15,,5817,0.962962962962963,0.9629629629629629,0.962962962962963,1.0,1.0,0.0,0.0,0.41666666666666663,0.0,0.57,0.0,1.0,0.0
0,-1,hard_near_match,test,15,,17957,0.9855072463768118,0.9855072463768115,0.9705882352941176,0.8333333333333334,1.0,0.0,0.0,0.0,0.0,0.57,0.0,1.0,0.0
0,-1,hard_near_match,test,15,,17049,0.8888888888888888,0.8888888888888888,0.8888888888888888,1.0,1.0,0.0,0.0,0.45,0.0,0.28421052631578947,0.0,1.0,0.0
0,-1,hard_near_match,test,15,,11608,0.9866666666666667,0.9866666666666667,0.972972972972973,1.0,1.0,0.0,0.0,0.0,0.0,0.3755813953488372,0.0,1.0,0.0
0,-1,hard_near_match,test,15,,12610,0.98,0.98,0.98,1.0,1.0,0.0,0.0,0.0,0.0,0.38426966292134834,0.0,1.0,0.0
0,-1,hard_near_match,test,15,,3809,0.9642857142857143,0.9642857142857143,0.9642857142857143,1.0,1.0,0.0,0.0,0.0,0.0,0.2908163265306123,0.0,1.0,0.0
0,-1,hard_near_match,test,15,,3850,0.9090909090909091,0.9090909090909091,0.9090909090909091,0.6666666666666666,1.0,0.0,0.0,0.0,0.0,0.36,0.0,1.0,0.0
0,-1,hard_near_match,test,15,,1252,0.9767441860465115,0.9767441860465117,0.975609756097561,1.0,1.0,0.0,0.0,0.36,0.0,0.27692307692307694,0.0,1.0,0.0
0,-1,hard_near_match,test,15,,17077,0.9803921568627451,0.9803921568627452,0.96,1.0,1.0,0.0,0.0,0.38095238095238093,0.0,0.57,0.0,1.0,0.0
0,-1,hard_near_match,test,15,,10729,0.9850746268656717,0.9850746268656717,0.9696969696969697,1.0,1.0,0.0,0.0,0.0,0.0,0.290990990990991,0.0,1.0,0.0
0,-1,hard_near_match,test,15,,1371,0.9285714285714286,0.9285714285714286,0.9285714285714286,1.0,1.0,0.0,0.0,0.342,0.0,0.2,0.0,1.0,0.0
0,-1,hard_near_match,test,15,,9007,0.9879518072289156,0.9879518072289157,0.975609756097561,1.0,1.0,0.0,0.0,0.0,0.0,0.3544303797468354,0.0,1.0,0.0
0,-1,hard_near_match,test,15,,12071,0.923076923076923,0.923076923076923,0.923076923076923,0.5,1.0,0.0,0.0,0.3157894736842105,0.0,0.57,0.0,1.0,0.0
0,-1,hard_near_match,test,15,,18808,0.967741935483871,0.967741935483871,0.967741935483871,0.75,1.0,0.0,0.0,0.0,0.0,0.35185185185185186,0.0,1.0,0.0
0,-1,hard_near_match,test,15,,87,0.9523809523809522,0.9523809523809524,0.9523809523809522,0.6666666666666666,1.0,0.0,0.0,0.0,0.0,0.57,0.0,1.0,0.0
0,-1,hard_near_match,test,15,,177,0.9777777777777777,0.9777777777777777,0.9777777777777777,1.0,1.0,0.0,0.0,0.0,0.0,0.57,0.0,1.0,0.0
0,-1,hard_near_match,test,15,,36,0.9166666666666665,0.9166666666666667,0.9166666666666665,0.0,1.0,0.0,0.0,0.0,0.0,0.57,0.0,1.0,0.0
0,-1,hard_near_match,test,15,,9795,0.8571428571428572,0.8571428571428571,0.8571428571428572,0.0,1.0,0.0,0.0,0.0,0.0,0.57,0.0,1.0,0.0
0,-1,hard_near_match,test,15,,587,0.9850746268656717,0.9836065573770492,0.9696969696969697,1.0,1.0,0.0,0.0,0.0,0.0,0.2,0.0,1.0,0.0
0,-1,hard_near_match,test,15,,10130,0.9444444444444444,0.9444444444444444,0.9714285714285714,1.0,1.0,0.0,0.0,0.0,0.0,0.36323529411764705,0.0,1.0,0.0
0,-1,hard_near_match,test,15,,167,0.9473684210526316,0.9473684210526315,0.972972972972973,1.0,1.0,0.0,0.0,0.5727272727272728,0.0,0.456,0.0,1.0,0.0
0,-1,hard_near_match,test,15,,6309,0.962962962962963,0.9629629629629629,0.923076923076923,1.0,1.0,0.0,0.0,0.0,0.0,0.57,0.0,1.0,0.0
0,-1,hard_near_match,test,15,,10967,0.9841269841269842,0.9841269841269842,0.967741935483871,1.0,1.0,0.0,0.0,0.0,0.0,0.32794520547945205,0.0,1.0,0.0
0,-1,hard_near_match,test,15,,12870,0.9666666666666667,0.9666666666666667,0.9666666666666667,1.0,1.0,0.0,0.0,0.0,0.0,0.30000000000000004,0.0,1.0,0.0
0,-1,hard_near_match,test,15,,12978,0.9411764705882352,0.9411764705882354,0.9411764705882352,0.6666666666666666,1.0,0.0,0.0,0.3272727272727273,0.0,0.22800000000000004,0.0,1.0,0.0
0,-1,hard_near_match,test,15,,1958,0.9615384615384616,0.9615384615384616,0.9615384615384616,1.0,1.0,0.0,0.0,0.36,0.0,0.2,0.0,1.0,0.0
0,-1,hard_near_match,test,15,,9686,0.9655172413793103,0.9655172413793103,0.9655172413793103,1.0,1.0,0.0,0.0,0.27692307692307694,0.0,0.3375,0.0,1.0,0.0
0,-1,hard_near_match,test,15,,7094,0.9444444444444444,0.9444444444444444,0.9444444444444444,1.0,1.0,0.0,0.0,0.0,0.0,0.35205882352941176,0.0,1.0,0.0
0,-1,hard_near_match,test,15,,7204,0.9473684210526316,0.9473684210526315,0.9473684210526316,1.0,1.0,0.0,0.0,0.38863636363636367,0.0,0.4090909090909091,0.0,1.0,0.0
0,-1,hard_near_match,test,15,,6930,0.72,0.2857142857142857,0.8,1.0,1.0,0.0,0.0,0.0,0.0,0.36,0.0,0.0,0.0
0,-1,hard_near_match,test,15,,6945,0.9523809523809522,0.9523809523809524,0.9523809523809522,0.6666666666666666,1.0,0.0,0.0,0.24,0.0,0.3705882352941176,0.0,1.0,0.0
0,-1,hard_near_match,test,15,,18663,0.8333333333333335,0.8333333333333333,0.9090909090909091,0.5,1.0,0.0,0.0,0.0,0.0,0.57,0.0,1.0,0.0
0,-1,hard_near_match,test,15,,6104,0.95,1.0,0.9473684210526316,0.6666666666666666,1.0,0.0,0.0,0.0,0.0,0.57,0.0,1.0,0.0
0,-1,hard_near_match,test,15,,13340,0.9929078014184397,0.9929078014184397,0.9857142857142859,0.9090909090909091,1.0,0.0,0.0,0.0,0.0,0.36830769230769234,0.0,1.0,0.0
0,-1,hard_near_match,test,15,,3492,0.9855072463768118,0.9855072463768115,0.9705882352941176,0.8,1.0,0.0,0.0,0.0,0.0,0.3386138613861386,0.0,1.0,0.0
0,-1,hard_near_match,test,15,,6071,0.9714285714285714,0.9714285714285714,0.9714285714285714,0.8,1.0,0.0,0.0,0.0,0.0,0.3767441860465116,0.0,1.0,1.0
0,-1,hard_near_match,test,15,,3992,0.9859154929577465,0.9841269841269842,0.9855072463768118,0.8333333333333334,1.0,0.0,0.0,0.0,0.0,0.3017647058823529,0.0,1.0,0.0
0,-1,hard_near_match,test,15,,3189,0.9473684210526316,0.9473684210526315,0.9411764705882352,1.0,1.0,0.0,0.0,0.36,0.0,0.57,0.0,1.0,0.0
0,-1,hard_near_match,test,15,,16091,0.9655172413793103,0.9655172413793103,0.9655172413793103,1.0,1.0,0.0,0.0,0.0,0.0,0.39239130434782604,0.0,1.0,0.0
